char_id,is_character,appears_onscreen,dies_in_narrative
2c5f977d9141,1,1,1
b3b2d03a2742,1,1,1
04624a1c73c7,1,1,0
e07e5838dfce,1,1,0
e40f24d41c1c,1,1,0
891b751b5ddc,1,1,-1
b16176a4db28,1,1,-1
7eabbc182e0f,1,1,-1
77dc10a22ca9,1,1,0
5f079d2c145f,1,1,0
aa3658202364,1,1,-1
2a2f408b6f37,1,1,0
f149f95ae3c3,1,1,0
afa304eae5c5,1,1,0
afaeff8e7d06,1,1,0
22e60ffbe20e,1,1,0
2b057185cd08,1,1,0
b0ee482890fc,1,1,0
6278fbf6e601,1,1,0
f51ce841c6c2,1,1,0
05d5072c5d97,1,1,0
91fe7ae11d74,1,1,0
7883a896d99a,1,1,0
16eb2596581b,1,1,0
d71f1ddd399c,1,1,0
afde21a7e226,1,1,0
546dc295ae6b,1,1,0
797d0932d5a9,1,1,-1
050d305a6af4,1,1,0
58ed697b95d4,1,1,0
be7ffab776c2,1,1,0
2fc30cd4f45e,1,1,0
33bd4c4149ed,1,1,0
1bcfbb4553d3,1,1,0
6d6426fa39f4,1,1,0
7331a989f6aa,1,1,0
8c551cdca47f,1,1,0
60c624a79fb2,1,1,0
5ed641c75dfc,1,1,0
ec0032571a66,1,1,0
e56178293144,1,1,0
2f2bdf757ba4,1,1,0
87d31ed01a85,1,1,0
05e5abce5d18,1,1,0
eec8d983d0dd,1,1,0
06a1bbe7dda4,1,1,0
40ae5dcf0d3f,1,1,0
b9a05b5b020f,1,1,0
f846685c1a8a,1,1,0
74cf57451af5,1,1,0
bb5815d1793b,1,1,0
a4260bd02ed9,1,1,0
a35dd2237195,1,1,0
9938b624237d,1,1,0
d40b5062da19,1,1,0
12cf0c57d4c5,1,1,0
6488b4d7c440,1,1,0
bfd37950f949,0,1,0
0197d54109d3,1,1,-1
dbc4114d221c,1,1,0
1e2f74b6372e,1,1,1
d98b2b455809,1,1,1
9462d1d6b814,1,1,1
91534d86b582,1,1,1
d7490184298e,1,1,1
c29d8a96ba30,1,1,1
a9e5ff104d38,1,1,1
da5c235216db,1,1,1
ce753c8c448b,1,1,1
a6216573744b,1,1,1
bb7d72c5b672,1,1,1
6a3a35cd0ba6,1,1,1
da8274f5c558,1,1,0
fff6afa9a95a,1,0,-1
b24673430b79,1,1,0
8743f4513b78,1,1,0
b618c3346f28,1,1,1
cd4296ca8756,1,1,1
35bd27deac4e,1,1,0
9fd6276dd090,1,1,-1
ce971babbc27,1,1,-1
504af4bf70d9,1,1,-1
964af4d4d67b,1,1,1
537ab149756c,1,1,0
c3507537afc7,1,1,0
0dab753d0ccb,1,1,0
ff8683c86954,1,1,0
cc0e1e79e58b,0,1,0
5f0b554b043e,1,1,1
83f7088b08e3,1,1,1
4fb2caf5987b,1,1,1
b62c40c87251,1,1,1
2a38df2793e1,1,1,1
421fc2d1ef1a,1,1,1
4cc3704d5d6f,1,1,1
db25b75092dc,1,1,1
5ae34907c6ce,1,1,0
944f3cd2d2fd,1,1,0
2a42f689605b,1,1,-1
71127c2e3863,1,1,-1
ce677209dc89,1,1,-1
6b41b89ebce5,1,1,-1
30068defbe62,1,0,1
909c6b15b310,1,0,0
fb0fac9ce3b7,1,1,1
89b94706bea3,1,1,-1
049a86078e00,0,1,-1
25866934ea5d,1,-1,1
a06b848cf3f9,1,1,-1
e4001d0fa2ed,1,-1,-1
1eba3caa078f,1,-1,-1
5d4463b51f82,1,-1,-1
fa844111394a,1,-1,-1
d3e4136f03c9,1,-1,-1
53f6567e219e,1,1,-1
a75584d0dee2,1,-1,-1
3af4ebbba4e8,0,1,-1
a4ccd7b7bc74,1,-1,-1
33846bccc23f,1,-1,-1
ac8535fb9686,1,1,1
4b4484a4b669,1,1,-1
dce1bc2385c4,1,1,0
e6021b51fd81,1,1,0
2c0d9e795367,1,1,0
2b08bd94a18c,1,1,0
f503c9e24912,1,1,0
91a34c8bf846,1,1,0
5491d8c16db1,1,1,0
7023df390c0e,1,1,0
da17ab8a6861,1,1,0
3affef4c7886,1,1,0
c12198618a9c,1,1,0
760a2b95b740,1,1,0
3fd2500c7727,1,1,0
c87887e39366,1,1,1
8c3ed9aca9fb,1,1,0
85fa4dd2d1e6,1,1,0
a2cb653cabbf,1,1,0
2a5e02eff542,1,1,0
1291136fa73e,1,1,0
69fc4a65cb7e,1,1,0
26bef744d200,1,1,0
c3ce8ad8f629,1,1,0
2d58aaefbb63,1,1,0
621c93159ab1,1,1,0
7e527a81cd11,1,1,0
213dd84c3fff,1,1,0
398f6e2b5e4f,1,1,0
dcd85e94128c,1,1,1
1f3df52e1c58,1,1,0
789a47ace914,1,1,0
aebd18769669,1,1,0
0603a022fd19,1,1,0
e8b2ba58abe5,1,1,0
77e9c13dfaf7,1,1,0
1de9b19f642f,1,1,0
82e72bebcbbc,1,1,0
da0767736f1c,1,1,0
694195c234da,1,1,0
cbcf54cee39f,1,1,0
15a898565592,1,1,0
191abb47824f,1,1,0
be6a6b369afc,1,1,0
5edb166737e9,1,1,0
235730dd5f19,1,1,0
2b0eb7008bb0,1,1,0
2f6c8ef8ec25,1,1,0
28cdd0235371,1,1,0
4fb48e001bc1,0,1,0
5bf693fbaf36,1,1,0
65ee4515afe5,0,1,0
15c1308a613e,0,1,0
ddcc256b9405,0,1,0
c13c8a9d189b,0,1,0
4b847adf8da3,0,1,0
f89be77c404c,0,1,0
d6f018a9aead,0,1,0
c04d1b5d0081,0,1,0
dbd8b7783d57,0,1,0
aaaec4bf7a81,0,1,0
41614bf58b1b,0,1,0
e06b0de34858,0,1,0
0d360633a4e0,0,1,0
86aabe3cd313,0,1,0
1c211879dd43,0,1,0
70778388e801,1,1,0
4add223b434a,0,1,0
8f415cf64b41,1,1,0
808a325abac8,1,1,0
6b0451e572a8,0,1,0
8473a2c11f88,0,1,0
0c7054ffe792,0,1,0
45bf817f2317,0,1,0
c1ccc5e34ef9,0,1,0
7f4dd4e90168,0,1,0
7ffa4fe20945,1,1,0
404531d2f21d,0,1,0
45720fd0a813,0,1,0
18c41bb446e1,1,1,0
f5b7d036de1c,1,1,0
408e8a1e8fc5,1,1,0
5d2a79c7b5d2,1,1,0
34f24e42906e,1,1,0
b705a3684249,1,1,0
ecc0fdaedcac,1,1,0
1be3d016bdba,1,1,0
c2896180feb4,1,1,0
4f3242600f81,1,1,0
a51cba7e6d9b,1,1,0
55c80a19c910,1,1,0
8b42399277f8,1,1,0
bfe6542202d2,1,1,0
507109a8393d,1,1,0
c8b315610af0,1,1,0
a29aefc0da17,1,1,0
c500f3070326,1,1,0
6ce6dc8e0b85,1,1,0
cee7da5a8f60,1,1,0
3668761f637a,1,1,0
eb8d3fd91d04,1,1,0
0cc0c06f0262,1,1,0
b9a6c787eece,1,1,0
33693d0fb4fa,1,1,0
dd2f1e4c7b07,1,1,0
a8c1710db2e1,1,1,0
7fe1ec92be3e,1,1,0
10a879efbca9,1,1,0
e9d573442afe,1,1,0
e7d0fe4c61e0,1,1,0
2b1092938609,1,1,0
c0abd4a2c24e,1,1,0
b77a464e75ec,1,1,0
6adfc9c33c6e,1,1,0
e64defcd21bc,1,1,0
9b70032240a1,1,1,-1
33ceaf05b996,1,1,0
c880b3c2bfcb,1,1,0
9aa733ffa0c5,1,1,0
4bb1a681cc1b,1,1,0
393928732f3b,1,1,0
d241c6091c91,1,1,0
5aa1b1e9517d,1,1,0
12184ca3b6c9,1,1,0
de4f391f3c13,1,1,0
cc39f15f2821,1,1,0
0e2ad48a48e5,1,1,0
1b81d606715a,1,1,0
e8f2b0759bd0,1,1,0
3ec8a3394649,1,1,0
f9f51eb0fb50,1,1,0
5e26d72f9ba2,1,1,0
e63611af416a,1,1,0
2892f5f5953c,1,1,0
24f63a061589,1,1,0
13ec88831eec,1,1,0
9e9da0d69502,1,1,0
80e7465ec42f,1,1,1
f5a5dc39f86d,1,1,0
ae833cbc6ff0,1,1,0
e55b37870bda,1,1,0
072cb52715f9,1,1,0
f124be07b015,1,1,0
8018c0b2869f,1,1,0
2f8f6d17148b,1,0,0
fdfdecd9fcf0,1,0,-1
c62e2e227825,-1,0,-1
72bbbf902f76,1,0,-1
1014cc973df9,1,1,0
2e393e3c08c2,1,1,-1
50ae37cf4e5b,1,1,0
17ff3c293572,1,1,0
bae58e9c145b,1,1,0
01649b4279fe,1,1,0
441869419d9e,1,1,0
dc6d82109111,1,1,0
0fbce8c3e62f,1,1,0
c43726b79f7b,1,1,0
aa8c1259601d,1,1,0
1f65d6401bb7,1,1,0
fedc09fcaad5,1,1,0
f304dd859e00,1,1,0
be725ba6cf0a,1,1,0
83171ef388f9,1,1,0
b6086d335ce6,1,0,-1
b0b28583f941,1,1,0
11f52bfdbcf8,1,1,0
cc4c48bcc8a0,1,1,0
caca27addfdd,1,1,0
a071f0e70bf7,1,1,0
09a9263afae7,1,1,0
0c51e256bf1c,1,0,-1
0d28803dac76,1,1,0
5554436e7a70,0,0,-1
427b01fbfff9,1,1,0
ab00937cb21c,1,1,0
88ac1fdd1548,1,1,0
d798e9a83c61,1,1,0
0f46e8aeb292,1,1,0
a0a1852a1f50,1,1,0
23f20e6cce81,1,1,0
c8fc5f7ca711,1,1,0
793b95c5ad3f,0,0,0
dd5892232050,1,1,0
b0aac85b58f0,1,1,0
2eaf0ef137fe,1,1,0
ecc60e4c3075,1,1,0
e6fc930a8d87,1,1,0
d3f3dfb6f345,1,1,0
be528ac47b8e,1,1,0
98866d4a8e86,1,1,0
1a8de82b0313,1,1,0
33059242e0d1,1,1,0
535146e4873b,1,1,0
6cecd12b2faa,1,1,0
2c35fc5c5acc,1,1,0
306eb0be9191,1,1,0
5a8f8458ed9a,0,0,0
633e95ea3374,1,1,0
065d6b8597a2,0,1,0
efc61f16c913,0,1,0
a43f70ce8623,0,1,0
2d97851438ad,1,1,0
ce4ac1443519,1,1,1
b0c81bbb89b7,1,1,0
fd6372685ec5,1,1,0
5fff6def21c8,1,1,0
f8604eea0414,1,1,0
30e56b175e2d,1,1,0
4f55a4b14c8b,1,1,0
4269b60b2919,1,1,0
c0a9fad685f5,1,1,0
7f1c78bd0ec8,1,1,0
d2cd877b40c7,1,1,0
81e125886e6c,1,1,0
4a0f64c740db,1,1,0
429181af251a,1,1,0
5bfad1b251e9,0,1,0
22d1e2aec311,1,1,0
d24c254c5bc4,1,1,0
5dc6adad16d5,1,1,0
37154cfcbb83,1,1,0
1ad35ea061a4,1,1,0
ca1b3916b114,1,1,0
a1777820f217,1,1,0
d668b312d5ec,1,1,0
f8cbe89f1a50,1,1,0
7ca921d727fa,1,1,0
61b2212a9aca,1,1,0
f8b538270b2b,1,1,0
ba637ca273fd,1,1,0
0d846a72093e,1,1,0
a909fc504075,1,1,0
69fc09e379d3,1,1,0
68f1b6f9b99c,1,1,0
2d7ca6a6c94f,1,1,0
3bb4bb554fa5,1,1,0
7de92b9340d4,1,1,0
15fefd682d84,0,0,0
2e8935399ba9,1,1,0
31dbdab71f27,1,0,0
1be8c96ed419,1,1,0
ce33ce434a0b,1,1,0
faf8caade6cc,1,1,0
f0e6c311a38e,1,1,0
ede229da1676,1,1,0
e6d01edef8b3,1,1,0
165caa855a7f,0,1,0
e6db5f946a23,1,1,0
3a22a66a8019,1,1,0
d65196580668,1,1,0
5a05fbc009fe,1,1,0
e1e51c3bc511,0,0,0
3c454e33c662,1,1,0
feef6d4c866d,1,1,0
fcd46629a5b9,1,1,0
3abd6d41693d,1,1,0
50beaa14e8a9,1,1,0
25753c7d3bf3,1,1,0
f492a1853740,1,1,0
204ed5ed0bc7,1,1,0
7a5d19b423ea,1,1,0
c28fd7fc8ea1,1,1,0
6f77d4ecdcc1,1,1,0
02153a5aff2a,1,1,0
b2a7013b5404,1,1,0
0e95d9980bb3,1,1,0
dcc36c5c3d4e,1,1,0
6b0fe0ad3796,0,1,0
82c7c44295b6,1,1,0
17c4637816f0,1,1,0
7b6736622729,1,1,0
fe22f32bf233,0,1,0
e0ba39b2e6f4,1,1,0
5954ab615ae5,1,1,0
aef111067432,1,1,0
80f84f82da95,1,1,0
b6e5e88c9970,1,1,0
9d3de1e01368,0,0,0
5b1eb1812a8e,1,1,-1
d8735adfc343,1,1,0
7569de060d99,1,1,-1
795cf5c0c2e2,1,1,-1
43cdc995bf4e,1,1,-1
1ae9a7a2b0b7,1,1,-1
36334525ac73,1,1,0
230c5a0364bb,1,1,0
788ff2220a5f,1,1,-1
6be1cbe1a2e3,1,1,-1
5264b989c137,1,1,0
1e429510c5ce,1,1,-1
6877be6507ee,1,1,-1
5019f2e6e7a8,1,1,-1
4aff88295cf9,1,1,-1
d75e31ac87ab,1,1,-1
145737bf3811,1,1,-1
c11120abf018,1,1,-1
bae2ee8b44e5,1,1,-1
17e14cbc28c3,1,1,-1
cd3d0a169c16,1,1,-1
c861f25cd96b,1,1,-1
2564ca0506fd,1,1,-1
c95bf729e5c0,1,1,-1
8b6654f4dede,1,1,-1
ae8d0bb4e352,1,1,-1
fe4dcd8d43c9,1,1,-1
42a44eaacc8b,1,1,-1
61376cc90c44,1,1,-1
efeabb9f6045,1,0,-1
9424d9e39f56,1,1,-1
a83940985b6b,1,1,-1
5118a05a7e73,1,1,-1
1ef865b3a850,1,1,-1
d0b37f96d5b1,1,1,-1
3e4ea85381dc,1,1,-1
07bfe57e3ec2,1,1,-1
53265bb800b9,1,1,-1
400fe63d34e2,1,1,-1
eecf16093061,1,1,-1
faeed61f00e7,1,1,-1
6dcbf5669280,1,1,-1
b41653248a4f,1,1,-1
3e32413e057e,1,1,-1
73f2fff146fd,1,1,-1
6fac01897ed9,1,1,-1
12980ece72bd,1,1,1
0510abb8ff7f,1,1,-1
1cd40f61b7a5,1,1,1
fd1b95f92955,1,1,-1
56d4851a4294,1,1,1
b1ddc2d79b77,1,1,-1
776429f9e739,0,-1,-1
7473d79084ac,1,1,-1
bd30aabbe1be,1,1,-1
8254104e84e5,1,1,0
235416679db4,1,1,-1
6bc81b0021d7,0,0,0
1ae581edadb9,0,0,0
51267b95ab7e,1,1,-1
fdc253b96384,1,1,0
8c1ccc0803d2,0,0,0
127c122fc725,1,1,-1
25ef50d877e7,1,1,-1
171c0d0a58e5,1,1,0
d6933904b731,1,1,0
0d87f953358e,1,1,0
9b4b0cdabada,1,1,0
e41686b5b6e8,1,1,-1
e0d2a6217b11,1,0,-1
377a232df7e8,1,1,-1
8165bfbe3916,1,1,-1
08a4a4a5b569,1,1,-1
88b2c8b8f711,1,1,-1
eea2eeba17d6,1,1,-1
48343d665ed1,1,1,-1
9cd60efda1dc,1,1,-1
ea0905c66b33,1,1,-1
17ac3306b049,1,1,-1
dbef592f78f4,1,1,-1
11ce4e8ce862,1,1,-1
eef4086b2622,1,1,-1
9c6252eb5eb5,1,1,-1
6348dcaf85ef,1,1,-1
5ec9e3a4cada,1,1,-1
f0f6eca32361,1,1,0
970e604348c1,1,1,-1
ab385cb22f6c,1,1,-1
659261639bb4,1,1,-1
0298047a4f78,1,0,-1
7b8e7108a236,1,1,-1
71e25548985b,1,1,-1
fcbef9bfd2bb,1,1,-1
60d3e9d1eeb0,1,1,-1
fa5036dbc335,1,1,-1
ed3bd7c65b28,1,1,-1
5d4e2c250e23,1,1,-1
78a655a4cd76,1,1,-1
b432a0b28bfe,1,1,-1
6bb8d624ab53,1,1,-1
5e39aa69bcc9,1,1,0
03fe5e836ec8,1,1,0
c0a4ec06ce31,1,0,1
371978921329,1,1,0
539841cbc69d,1,1,0
b98c7ad03553,1,0,-1
f97ff5a08374,1,1,0
9f9383fda8fe,1,1,0
459fe4109633,1,1,-1
849d86339bb1,1,1,-1
a4996a63550e,1,1,0
5f28c3ae8ca0,1,1,0
6811751064a2,1,1,0
02e9611cd7f8,1,1,0
624c10e06b67,1,1,-1
50af8efba883,0,1,-1
336ea1e8c82f,0,0,-1
a7bd0c8e4459,1,1,0
36b9a230853f,1,1,0
d25be79beb05,1,1,0
fe3d55e6c2ce,1,1,0
1ae5aa283362,1,1,0
4c0f8d6497b8,1,1,0
dcb09aabf162,1,1,0
34614b1b99b9,1,1,0
38fef7173c1b,1,1,0
ee396875ef97,1,1,0
a529795bc660,1,1,0
6cdd41c7ccb1,1,0,-1
2ccaad59fed4,1,0,-1
08b24e1c8a14,0,0,-1
0780aaa35428,0,0,-1
505344e078e1,1,0,-1
3807a34d0234,1,1,0
98b641256cba,1,1,0
ead1f3b2a942,1,1,0
e4d374bac7cb,1,1,0
4148249976b3,1,1,1
0480d9f2473c,1,1,0
fb59302e2695,0,0,-1
18f2ed128dc5,1,1,0
9388a0fc5d31,1,0,-1
236379a6ed14,0,0,-1
0c3ec529f48a,1,1,0
cdc3d18b2350,1,1,0
9662dc45e470,1,1,0
1a5fe111e431,1,1,0
163b594b745c,1,1,0
62e162133b04,1,1,0
76985075bea7,1,1,0
2c94d501d6c8,1,1,0
78c7bbb639df,1,1,0
c8abc90a66b2,1,1,-1
a091d97c143e,1,1,0
2dcf5cdf7942,1,1,0
c466b9661b15,1,1,0
1e2330e6e452,1,1,0
f8fe5e305d75,1,1,1
45bf6b51759e,1,1,-1
5f21e265334c,1,1,0
a7a018929d77,1,1,-1
77cbbd2d2715,1,1,-1
ed2993324880,1,-1,-1
7ab75b0c092f,1,1,-1
673495211176,1,1,0
4f3919d67a17,1,1,0
2f3db1711711,1,1,0
f32e05caa1f2,1,1,0
e9a78a4724e2,1,-1,-1
8b6020545175,0,1,-1
5d99e201d721,1,1,0
938d290baddc,1,1,0
391684f1d4cb,1,1,0
2c1e4fe7d91f,1,0,-1
fab2c5107fb2,1,0,-1
695e67443a38,1,1,0
44ce15201900,1,1,-1
93557061f615,1,1,-1
316a8e873772,1,1,1
5af80a3680e0,1,1,-1
71aa322d5ef0,1,0,-1
9be34b6f9433,1,1,-1
26dc12926931,1,-1,-1
e19c0596f3a9,1,1,0
55f8477d89b3,1,1,1
a9340cbbe363,1,1,0
194355e7668d,1,1,-1
54e9f2459a4d,1,1,-1
aaee5120185f,1,1,0
5483fe9ae800,1,1,0
d8b87a182de2,1,1,0
c67ae973c066,1,1,0
11f338aedb1d,1,1,-1
619ce979b46c,1,1,-1
fb90db0e4b3b,1,1,1
0acd2f820b88,1,1,-1
c2d2837f0c65,1,1,-1
e6adae4f2efe,1,1,-1
187c023cf522,1,1,-1
6b9e42e99cc6,1,1,-1
64dcd1f5a16a,1,1,0
2195aeadb99f,1,1,-1
bffd4f821851,1,1,-1
a056713297ce,1,1,-1
d489842142f4,1,1,-1
78c4ef90a9b8,1,1,0
127f3730c54b,0,1,0
39e5ab039fba,1,1,0
321aff1ef00a,1,1,0
99139985df32,1,1,0
f19da7fae744,1,1,0
d78b7fcb733d,1,1,0
89d01ba6db2b,1,1,0
0ed9045dae56,1,1,0
75a93cfee809,1,1,0
6095c4a9ce08,1,1,1
624f9310326a,0,-1,-1
881c58aaf5c2,1,1,0
8944cb329ee0,1,1,0
7ffcdb2fa344,0,1,0
6a568f2dafa4,1,1,-1
875317a2919d,0,-1,0
3b8660482dc6,0,-1,-1
aa6421687e7f,0,-1,-1
a9ca1aaefc68,0,-1,-1
7350a8156f01,0,-1,-1
74725c067ca9,0,-1,0
6504b43967e2,0,-1,-1
17607c9866c9,0,-1,-1
d5bcd2f3a81e,0,-1,-1
957bab3a744b,0,-1,-1
851022b878da,0,-1,-1
5823b56dae62,0,-1,-1
c972a61447de,0,-1,-1
b431240336dc,0,-1,-1
6ece6e2e841b,0,-1,-1
584ea7c782c7,1,1,0
de81e7e290cf,1,1,-1
045bad73bc1c,1,1,-1
8d212c0d8b09,1,1,0
13fe9ae39802,1,1,0
a1556be8c428,1,1,0
b75892b3a93b,1,1,-1
b68e2a0ce926,1,1,0
4206134b9158,1,1,-1
1863dd27eddb,1,1,0
ab09b1c1d04f,1,1,-1
a028f9a8d92f,1,1,-1
068ee06d7180,1,1,-1
90c08563692c,1,1,-1
89cc60281907,1,1,-1
a06f289baead,1,1,0
27234f67ce55,1,1,-1
a1fdd6563017,1,1,-1
e24589cf2e4b,1,1,0
997ec3b8b712,1,1,0
2ec4f41f1d66,1,-1,-1
06e6fe7d959c,1,1,0
7168bf699bfc,1,-1,-1
a52cfdaf0d1d,1,1,0
36acd212020a,1,1,-1
e744424860b7,1,-1,-1
7c7e42d27ea6,1,-1,-1
38d27a246c81,1,-1,0
b32d1aaf968c,0,1,0
97de0669322f,1,1,0
977402c621a8,1,-1,-1
def1a83034f3,1,1,-1
82d7d329961a,1,1,-1
881b33ef77e8,1,1,-1
e3b496face09,1,1,-1
e0f10532e083,1,1,-1
d000461a0f21,1,1,-1
f2a4513389ef,1,1,-1
cbb45735b50d,1,1,-1
794398add225,1,1,-1
419f49eee6c1,1,1,-1
1f9962d1c33c,1,1,-1
5e8cc23eb7ba,1,1,-1
e8d29cfdeb8f,1,1,-1
42ef00dca68d,1,1,-1
82a13806f29a,1,1,0
7b915a197124,1,1,-1
b216664652b1,1,1,1
5ad5cb5fbbbd,1,1,-1
d6cbb6ed0cb4,1,1,-1
7800c41f2095,1,1,-1
4d3b54d652d9,1,1,-1
25a2fbf05a82,1,1,-1
e20ca71f1e47,1,1,1
4eeedcd36386,1,1,-1
f81f50dc1979,1,1,1
59791e8405b4,1,1,1
4426869e960d,1,1,-1
dabf2e9430ae,1,1,-1
2e0489ba242a,1,1,-1
8dab45b38734,1,1,-1
936ea30db9c6,1,1,0
dcbfed656951,1,1,-1
d7f0e6e2e393,1,1,-1
275cb637d2e1,1,1,-1
6ca0b17c8b03,1,1,0
489406e7982e,1,1,-1
fada0e8581ff,1,0,-1
00bf1e533078,1,1,0
0a011a2cee79,1,1,-1
a9b283187c5c,1,1,-1
50dd425fb824,1,1,0
661bf7493bc2,1,1,-1
cf91eca4a42b,1,1,0
6288fba9df67,1,1,-1
500a71d51523,1,1,-1
7707edf08fd1,1,1,0
72f63d967284,1,1,-1
38ff1e850971,1,1,-1
a4fd83004391,1,1,-1
b3c8262d1dd9,1,1,-1
eb717b2ea6c4,1,1,-1
a7fb97173ef0,1,1,-1
9eec86dea419,1,1,-1
12bdc8c39ebe,1,1,-1
6f485d5f9e65,1,1,-1
0284d6f3aaf2,1,1,-1
6f3c6a49abd0,1,1,-1
d4617cc8490b,1,1,-1
2fc327b542a0,1,1,-1
2082e0f3e163,1,1,-1
9151dbae2e0c,1,1,-1
a155bd694daf,1,1,-1
9d4e2b351470,1,1,-1
ec3e21f27360,1,1,-1
9bc2e3b90e37,1,1,-1
a30a6942ce76,1,1,-1
bd51b5cb2deb,1,1,-1
69053379273e,1,1,-1
c9ff43fc8502,1,1,-1
4dec1e76ebf7,1,1,-1
a09e6b1a92b4,1,1,-1
556c1d8ec975,1,1,-1
95a481ecafd9,1,1,-1
0bb76da33f65,1,1,-1
0e146bdb8e6a,1,1,-1
7d2828cedb73,1,1,-1
77fe2843c7b5,1,1,-1
0fed1cade337,1,1,0
a263cbb04678,1,1,-1
c3527842dbca,1,1,-1
60afde479b72,1,1,-1
d0edbc8f5a31,1,1,0
ff3da558fc1d,1,1,-1
6c8bfe100790,1,1,-1
3710e7957ab6,1,1,-1
a8b3d2361a59,1,1,-1
b065f3f236ef,1,1,-1
590db68d45c9,1,1,-1
a628f15f138c,1,1,-1
50c21dd6386f,1,1,-1
0eabf80bbc89,1,1,-1
cf5b4abf13d5,1,1,-1
0824c75847e1,1,1,-1
c23f21e51ee9,0,1,-1
afea477c0834,1,1,-1
a18d97ef518b,1,1,-1
bd95bbf67604,1,1,-1
c8706f2d947e,1,1,-1
0a95a9e19e52,1,1,-1
3e158edbe397,1,1,0
e0ea89571e74,1,0,0
b66debbdc071,1,1,-1
53089aa7b9d7,1,1,1
1597ab81ac51,1,1,-1
8d9785696785,1,1,-1
2056b2b04729,1,1,1
fd6164b21a5c,1,1,-1
9e36e8d50235,1,1,-1
01854969ba96,1,1,-1
2aa0ba3888a2,1,1,-1
b31d890e1931,1,1,-1
e3e651cf8f3d,1,1,-1
47d9caee0cbd,1,1,-1
b7a08d778457,1,1,1
9ba8a23e5405,1,1,1
fa78570b270d,1,1,0
f0a5d07a783a,1,1,-1
b1112a8bcd10,1,1,-1
e54fc9580fee,0,1,-1
59fc896a9ddc,-1,0,-1
2f4035ecd883,-1,0,-1
73e241fd5b66,-1,0,-1
311ea6bc5bcb,-1,0,-1
fa63f837929c,1,1,-1
17048cd0cce9,1,1,-1
9d0f76d30d4d,1,1,-1
2d83a41c18d8,1,1,-1
1decd9c76369,1,1,-1
eecd06fe3e6c,1,0,-1
93f472436ca8,1,0,-1
fd581155dc1e,1,0,-1
8d642752b960,1,1,0
6204ec97dd66,1,1,-1
ca691c506cb0,1,1,0
b4de9969026c,1,1,0
7d6d644e16a8,1,1,0
8c60b4625c6b,0,0,0
b725801ac265,1,1,1
2eb728992eff,1,1,0
d328de258708,1,1,0
ce092c3454a1,1,1,0
7cedbaf9b1a8,1,1,0
d1109c2d2140,1,1,-1
ed89fe30c08b,1,1,-1
f98590d49085,1,1,-1
e6e34bbc302c,1,1,-1
a1dd51c26f5b,1,1,0
e9c3c650ac7d,1,1,0
8f626f174533,1,1,1
fd9842eea506,1,1,-1
9596e51151c0,1,1,-1
486fe24ddafb,1,1,0
97c60545ce1d,1,1,-1
8f4f0a71737d,1,1,-1
e9adcb1c8437,1,1,1
b803b7c14891,1,1,-1
f662185b8a01,1,1,-1
1b2f8cc3682e,1,1,-1
c4223109126f,1,1,1
edceb8a4276d,1,1,-1
0005ef64a521,0,1,0
f6e0cdbff592,1,1,-1
7d84216cb42f,1,1,-1
16d0061117a1,1,-1,-1
60b4990dbbb8,1,1,-1
0fb90d923eac,1,1,-1
cbd9ccc0aa53,1,1,-1
351a5d1e2aae,1,-1,-1
be00751afc26,1,1,-1
f452f0e368a2,1,1,-1
ab4c819ed792,1,1,-1
f901192f812e,1,1,-1
6579f2d203e3,1,0,-1
5891a0cbbcd5,1,1,-1
632a9272f570,1,1,-1
ad854e4d73a3,1,1,-1
d11d60499f06,1,0,-1
0186f3d8d1b5,1,1,1
72c84ea9429a,1,1,-1
936a3b355d16,1,0,0
90418328992e,1,1,-1
e7aaade7817c,1,1,-1
ade0febad409,1,1,-1
37cffc8e154c,1,1,-1
7f5ac1268c35,1,1,-1
6eb62b8729c6,1,1,-1
8bd1d17ae362,1,1,-1
f9f1815548a7,1,1,-1
a8961898a446,1,1,0
05275d4c5803,1,1,-1
fb697cb9fdfb,1,1,-1
6e92a058e377,1,1,0
6ea7f2a08a74,1,1,-1
0c1fb8e74baa,1,1,-1
1eced5ffcda5,1,1,-1
57b39a2fd100,1,1,-1
e2003049ff96,1,1,-1
86ddf59f94ae,1,1,-1
836648af71cd,1,1,-1
8ebd719d78df,1,1,1
2d2ffe9103c2,1,1,0
d6ffef77854a,1,1,-1
184162647096,1,1,-1
abff216e6f7a,1,1,-1
19d1d784a23c,1,1,0
f96da1e02db7,1,1,0
5d8f16b4b4a1,1,1,-1
c3ebd6b99e9b,1,1,-1
57d80f95c359,1,1,-1
1ebbf5826dcc,1,1,-1
cd5cd7f869b4,1,1,-1
328fe6b2d97b,1,1,-1
1c3fb3a58c65,1,1,-1
19d169fa0f06,1,-1,-1
a520f9203d41,1,1,-1
d747f9794656,1,-1,-1
4f73256b3657,1,1,-1
b591e8ffa5a4,1,1,-1
d2f4d95bb8ea,1,1,-1
475c67571a8f,1,1,-1
f4a206546f86,1,1,-1
e593f7f414d3,1,1,-1
c537bece45c9,1,0,1
79121b98d36e,1,1,-1
57d8755973c3,1,1,-1
e66badd49e8b,1,0,0
052cfc359b87,1,1,-1
319dc3ea639b,1,1,-1
45454c45165b,1,1,-1
9f0a43790ed6,1,1,-1
dfdd9a2c5089,1,1,-1
4c0e78a6aac7,1,1,-1
ffbf34b49041,1,1,-1
f99e76b1d42d,1,1,0
27fd0413b9a7,1,1,0
98f70c7badb5,1,1,1
ee9a58ea885e,1,1,0
ad8c6177873b,1,1,0
f9b59d03e055,1,1,-1
b1ef47f6f7ae,1,1,0
60e26cf9405b,1,1,0
0968055e6974,1,1,0
4addfd92121d,1,1,0
3e2aefb3c86c,1,1,0
de9e8ce029a6,1,1,0
38dc0f8650fb,1,1,0
73c65df0b3e1,1,1,0
9dad4df34a4e,1,1,0
b1c012d9d788,1,0,-1
da8448deb2ab,1,1,0
efa2a515fadb,1,1,0
17ec39f4fedb,1,1,0
3c2ce58d3a80,1,1,1
1ff56986216f,1,1,0
15c53997acb6,1,1,0
0b26cc30642f,1,1,0
986c06bb53ff,1,1,-1
bbdfb9d228af,1,1,0
9617431506a0,1,1,0
62b0028dedce,1,1,0
4ef090fe1858,1,1,0
f545472ceda7,1,1,0
16762fa32e38,1,1,0
f7b9f2c98521,1,1,-1
1f4e1f5b47fc,1,1,0
2576dc515f6c,1,1,0
de1f74f801dc,1,1,0
3a61a42b329a,1,1,0
960e35a84b6e,1,1,0
044ca0280ad2,1,1,0
a531f230c899,1,1,0
9dc527e3f445,1,1,0
acce81ef6d2f,1,1,0
42d6c457574f,1,1,0
b4a8e312549e,1,1,0
13733ef2d116,1,1,0
379702b4c739,1,1,0
117ba6e5a16f,1,1,0
709553a62366,1,1,0
a09c104a27be,1,1,0
66abc3a47004,1,0,-1
a940cf7f8090,1,1,0
c6728cafeeb6,1,1,0
99889b823dbd,1,1,-1
6b666412f1de,1,1,0
c3533264db7c,1,1,0
3080e5a44e2a,1,1,1
e5b32b7ea2a2,1,1,0
2fbef3528b12,1,1,0
e5db919fd913,1,1,0
03d71bcf04e6,1,1,0
42ffaf08c3ff,1,1,0
ab572c82b4b9,1,1,0
e0cbe97608b2,1,1,0
0fa13b7a3d60,1,1,0
5015e06b8b45,0,0,-1
27e219c6906d,1,1,-1
744dd7765c4c,1,1,0
b5b5891d31b0,0,1,-1
3e04e9790e93,0,1,-1
2bf5baebad13,0,1,-1
61d11ad6c42a,1,0,-1
4b790629108d,1,1,-1
0d038f4768cf,1,1,0
da4f133d2a5a,1,1,-1
d20b39a3ebdf,1,1,-1
3407b51df96b,1,1,0
c5ee41a80620,1,1,-1
24419d9dd176,1,1,0
f98c50bcd57a,1,1,0
0bed6abc00a8,1,1,0
990907632d23,1,1,0
318203b7363c,1,1,0
831b21560b8b,1,1,0
530b225842a5,1,1,-1
d129ed85f3ec,1,1,0
ba357c5d251e,1,1,0
fc160933adcf,1,1,-1
deaffd834d48,1,1,0
bdf0c9c56653,1,1,0
837975965432,1,1,0
1dc924516c2b,1,1,0
e847164e8ba6,1,1,0
238f94f63b3c,1,1,0
ddc7ee3e81f8,1,1,0
e7298c4e3461,1,1,0
d0b897653886,1,1,0
b96e4c1b40ca,1,1,0
4e92fe6153ce,1,1,-1
d5eca2f28c01,1,1,-1
01103d256283,1,1,-1
6eb03fe5bed6,1,1,0
3249cf47dea6,1,1,0
297bc07477f7,1,1,-1
5e79974ec90a,1,1,-1
4c0121be0fa9,1,1,-1
3f22cb7c8f95,1,1,0
c9b498374a82,1,1,0
b65d5c80e106,1,1,-1
af6acf4c4c2e,1,1,-1
e3a724ade36d,1,1,-1
20ba9031fdc7,1,1,0
2e8fdae3641c,1,1,-1
0a6272ce257b,1,1,0
ae1ff9dd3d70,1,1,0
8aef3cc37d97,-1,-1,-1
5185696509a8,1,1,0
b3516e3b7e80,1,1,-1
ed6150b1a7d6,1,1,0
03b0734b0ebb,1,1,0
02473c0723fc,1,1,-1
97f708991981,1,1,0
8663b6852967,1,1,0
6467ba5012e7,1,1,-1
3c1acdd21496,1,1,0
1a768dd33077,1,1,0
4acc991dc5eb,1,1,0
d537200b3a4e,1,1,-1
c500c9bb74ce,1,1,0
4b8ec59cf768,1,1,0
d60d4cc3f73e,1,1,0
9d2fb6068323,1,1,0
4dcd0c7c9447,1,1,0
edda023af644,1,1,0
d7f665442de3,1,1,0
0dc71d823085,1,1,0
24b0a2ed2018,1,1,0
4e5732a14408,1,1,-1
289ae62d054e,1,1,0
45441b94867d,1,1,0
003da4f5497d,1,1,0
f403163663fe,1,1,0
b5e05be710f7,1,1,0
afa3bfd23c02,1,1,0
56cfc921f163,1,1,0
f8ebf29a0b78,1,1,0
19de8b08f544,1,1,0
d0756ccad67a,1,1,0
56a9a62ebc6e,1,1,0
fda04f2c3f91,1,1,0
57e26667331c,1,1,0
44a79481a0f8,1,1,0
2ed73e230548,1,1,0
abab013bc8cb,-1,0,-1
0c7f5089ad2e,1,0,1
159efb6d3194,1,0,-1
74d91ae8f68e,1,0,1
5baac55e472f,1,0,1
4d89858d026e,1,1,-1
b59f85149b1f,1,1,0
3e23a58a8e08,-1,0,-1
be04025c90f4,1,1,0
175db37a6177,1,1,0
a9094aff1fda,1,1,0
dea5ddb2897d,1,1,0
d21af6eaa021,1,1,0
cf71a8acc98e,1,1,0
67461d43e4b6,1,1,0
9eab5355f6a3,1,1,0
0113378d1f90,1,1,-1
9887d7cd3bba,1,1,-1
0df392dc9970,1,1,0
ef54225c1a86,1,1,0
67139b110c9a,1,1,0
ebbccff45fd8,1,1,0
8a1d752772ca,1,0,-1
7866cc81eed9,1,1,0
f719a0ffcbd3,1,1,0
26c61f2a3773,1,1,0
66fe4a93ae3f,1,1,0
c4a6e526c1c0,1,1,0
eee5be89a1ce,1,1,0
faf44f2f39c2,1,1,0
78186a894817,1,0,-1
89f91a6c319a,1,1,0
b8f626157cf4,1,1,0
a39f28250566,1,1,0
a1fb41e20a2c,1,1,0
d890eb194061,1,1,-1
aa1d4c4c7958,1,1,0
92504a7b8774,1,1,0
694f90afe295,1,1,0
523a8f9c13ec,1,1,0
c062c56cd865,1,1,1
b84cd65072f1,1,1,0
899761ebe1e4,1,1,0
e195836c9a02,1,1,0
ee3072a1137b,1,1,0
7a2c3dbb595b,1,1,0
45ce336db95d,1,1,0
6507be165e9d,1,1,0
b661b1ac5473,1,1,0
d45473becd92,1,1,1
32fd0978de38,0,0,0
3f5df111d095,1,1,0
7dca53ef8ba1,1,1,0
d2d3b5d5d601,1,1,-1
b78ad69325ad,1,1,-1
ea293523daa6,1,1,0
bccbbf7d0417,1,1,-1
e5552fc03561,1,1,0
581b034a1867,1,1,0
757b183c6681,1,1,-1
ea3715631a98,1,1,0
0b1527fbe1c6,1,0,0
9fe3e02e0cb1,1,1,0
af503eaf8c23,1,1,-1
c02f1b6250de,1,1,-1
8444ce7daeba,1,1,0
73ef9ad72b90,1,1,0
17c824ea7a20,1,1,0
f4bd1d00ab40,1,1,0
e7bbed70a2b1,1,1,0
24554a06ff17,1,1,0
087c677efeba,1,1,0
57b0bfc7f324,1,1,0
361d47c3ddc2,1,1,0
fdcf6512d98f,1,1,-1
d781221a7bd1,1,1,-1
1e0f1f0638e7,1,1,-1
b1950f8d3cf6,1,1,0
77389d31afbe,1,1,-1
941073d6b144,1,1,0
5b6b050e0f5b,1,1,0
f16ac6a37d99,0,0,0
3071a8d827fe,1,1,0
b19763724fa3,1,1,0
1992fe97471c,1,1,0
2fba66e98fbf,1,1,0
2fde62eeb564,1,1,0
5c50797889ee,1,1,0
675d9069204b,1,1,0
6b8ed83890f0,1,1,0
22a7616d4061,1,1,0
42c42846f0a6,1,1,0
042673c278da,1,1,0
8093601bcafb,1,1,0
71f72a1819b9,1,1,0
2fe75f4d0a58,1,1,0
0e9d88610979,1,1,0
69d32f9b1f70,1,1,0
d5d16a447d85,1,1,0
2d0855932c8c,1,1,0
2dec860df57e,1,1,0
46a528bce0ca,1,1,0
d0d7893ac55f,1,1,0
91c7e03324f3,1,1,0
8c14939563a7,1,0,0
5b613408daa1,1,1,0
222bc8c03a61,1,1,0
769d4db4c9f9,1,1,0
b26262ca68b7,1,1,0
9410d28b3d92,1,1,0
c1aba17aedc3,1,1,0
5dda8c38cad2,1,0,0
3f20a98e9606,1,0,0
f9bbcde4f6df,1,1,-1
5f5ce8776415,1,1,0
d02ee4814074,1,1,0
4976a2deaf9f,1,1,0
3751d82176f0,1,1,0
254d551c3cf2,1,1,0
449aafa86da2,1,1,0
777758d36d30,1,1,0
f1b38cdb673f,1,1,0
c58b590b67d0,1,1,0
8c3ac8c3285a,1,1,0
90dd55ee9ab3,1,1,0
3f35c8017d02,1,1,0
181692bc990e,1,1,0
f402883fc627,1,1,0
9c326060f9ff,1,1,0
a3e2e31205a4,1,1,0
5fd3a0333e7e,1,1,0
be70aba581df,1,1,0
d4074b79086c,1,1,-1
636601fe8eb5,1,1,0
0d8d472f6f9f,1,1,0
78a3063e8089,1,1,0
1dde97a1455a,1,1,0
620a9d29c865,1,1,0
569cc056783c,1,1,0
872c55a61e31,1,1,0
0b58ca0c60a8,1,1,0
9c3e61627a7e,1,1,0
2b2161f567b7,1,1,0
374f71df39b8,1,1,0
55ca9f391c7e,1,1,0
be75311d8ab5,1,1,0
1ee0fb61c330,1,1,0
e58e16ecf945,1,1,0
17a496f073ef,1,1,0
e3b29992011c,1,1,0
5ce08da5257b,1,1,0
e5eaac59b3fa,1,1,0
4198e8047f53,1,1,0
68892cf193e4,1,1,0
9700c3bb905e,1,1,0
f85d4a7518a1,1,1,1
1f4b1e0a8897,1,1,1
05ad57005496,1,1,0
6ef50be5d1ea,1,1,0
badc9171bf46,1,1,0
9e15c97eafe2,1,1,0
22ca9a39df38,1,1,0
2cd9ee0748ce,1,1,0
d9dcd7364b7f,1,1,0
683f6f6826d7,1,1,0
e095faf90af2,1,1,0
0606e98263d3,1,1,0
0b17155bc31b,1,1,-1
40401e52c08c,1,1,0
dfebd9d55317,1,1,0
a267b8b1134a,1,1,1
7edfdd12c3ca,1,1,0
6edd66f0c602,1,1,0
961ca0b2a382,1,1,0
3cc5020ad98e,1,1,0
e49c01db265c,1,1,0
b7dd8b92a281,1,1,0
abcded048322,1,1,0
aef7ced12459,1,1,0
b108063a49f0,1,1,0
89d05249cc6c,1,1,0
414981990fa5,1,1,0
1903454c3d56,1,1,0
d66fe6b87ad9,1,1,0
707b447b289a,1,1,1
6ff88614d65b,1,1,0
c77549b30696,1,1,0
37171d3382f6,1,1,0
0266e235464b,0,-1,-1
cf9bec02444f,1,1,0
618cb1d26fe4,1,1,0
6df04d77dbc0,1,1,0
bda5b2626776,1,1,0
f95a27aafac1,0,-1,-1
493d05c3041c,1,1,1
38de96eaf719,1,1,0
082ab093a331,0,0,0
35f71ce9aee7,0,0,0
25a7f3e05163,0,0,0
6cbc085e9bf5,1,1,1
2e784dfcf5b3,0,0,0
8ee344bd84bf,0,0,0
034644f978e8,1,1,0
d1ac8a4d54d2,1,1,-1
e70a0a92fca2,1,1,0
ffabe8e77050,1,1,0
5f2a7d40fe65,1,1,0
3abea43ab8b3,1,1,0
76bc026eb16e,0,0,0
a669624070df,1,1,0
1cf4a77dae98,0,0,0
a578a0dd3853,0,0,0
f0cdc9fad6c7,1,1,0
ca7f53769232,1,1,0
9e6ce2515728,0,0,1
8a1f59d9f4bd,1,1,0
b30c4022a946,0,0,0
5a759fc41a8c,0,0,0
e5b1f7211c5c,0,0,0
be8efe5aeaea,0,0,0
29af9cbf3247,0,0,0
f31dcd594e62,1,1,0
0411bac73c11,1,1,1
963f29e08b8c,1,1,0
21707f1da163,1,1,0
eabd65d9ee49,1,1,0
64bdc0cbbade,1,1,0
e189ec59c420,1,1,0
7e20ac23f606,1,1,0
bfb139bddcbe,0,0,0
416af9da6ca5,0,0,0
a8d12a111fa2,0,0,0
06d30b8787a0,0,0,0
690e752284ff,0,0,0
82aaaf4a8052,0,0,0
50fc21f93bcf,1,1,0
2056e998b8ca,0,0,0
eceb9b41f6cc,0,0,0
05afd2d233e0,0,0,1
5e8145e547f9,0,0,0
a768b0e0580c,0,0,-1
f11e8b91f353,0,0,0
e8674f846480,0,0,0
d243b6cb6e26,1,1,0
57b121fcf2bc,1,1,0
c245365e7176,1,0,0
428661a0fbbd,1,1,0
6dbf415763f1,1,1,0
4bd7538f923f,1,1,1
1d40498dd4c5,1,1,0
01efa813b208,1,1,0
a61585c4b583,1,1,0
05e0cc8f722e,1,1,1
016e76d86ab4,1,1,0
e01e0911d30a,1,1,-1
dd13621469f5,1,1,0
cc5b5ac643e0,1,1,0
2bda3e4c9f25,1,1,0
d4928f11d712,0,1,1
db80058bf0c1,1,1,0
41d2fc14b91b,1,1,0
866969585ef2,1,1,1
f3a962cbc54b,1,1,0
bf50d8ef9810,1,1,0
cc76b3b69c4e,1,1,0
a838bac7a63c,1,1,0
3b6001837861,1,1,0
70c157dedf0f,1,1,0
61984536a668,1,1,0
5c58bc164ae2,1,1,0
93dc58da45fa,1,1,0
bbcc1fe283f9,1,1,0
8acf3dedf195,1,1,0
c82d1d8448d1,1,1,0
0257c74919f7,1,1,0
ca1e67ebf568,1,1,0
8433b13d17b3,1,1,-1
1f958839d7a8,1,1,1
3700fa489f82,1,1,0
c1823dc1f4f3,1,1,0
395f1de265cb,1,1,0
ce595fdb52df,1,1,0
91f569459173,1,1,0
5102def04536,1,1,0
a71f00052444,1,1,0
c496549acd2f,1,1,1
36545fc7e370,0,0,-1
9d6f718e3e15,1,1,1
2eeee5252e33,1,1,1
79215437c370,1,1,-1
9879ce9ef8ae,1,1,0
4fdcb9ebd364,1,1,0
fa3796883d2d,1,1,-1
626bda95d446,1,1,0
e411ae329e13,1,1,0
2dddef29f4b2,1,1,0
282f6d105e72,1,1,0
92ac04b21f88,1,1,1
cb8d3c0a1dc9,1,1,1
cd2e8fe4da16,1,1,1
ec456d162795,1,1,1
7a3fefefda31,1,1,1
a41a23e0b440,1,1,0
cc71a6072315,1,1,0
a720d541ffcc,1,1,0
26efc7665fc9,1,1,1
17a72b6af5a1,1,1,0
b54e39404ccd,1,1,1
b2d043df992b,1,1,0
38dc9036073a,1,1,0
36ce270dd7c5,1,1,0
3efa8e610808,1,1,1
a03f550045b0,1,1,0
d467362343fd,1,1,0
18ca229e8e3a,1,1,0
423ca76c138d,1,1,0
858e918f4ff8,1,1,0
171c31e79004,1,1,0
43d1c3ec599a,1,1,0
f8b76baea41e,1,1,0
17759c0efb83,1,1,0
44075fc876f8,1,1,1
9c20d130f531,1,1,1
1e3eda923d1a,1,1,0
82f1571aa506,1,1,0
7315ee267967,1,1,0
d271d34c1520,1,-1,-1
14866752c341,1,1,0
0e283a34ddd0,1,1,0
39a4973912a4,1,1,1
bf541f445ad0,1,1,0
2b925f82abfa,1,1,-1
098434bf4a8b,1,1,0
d6b3a8013ee1,1,1,0
4dd4e6318b52,1,1,0
c5b8818b4664,1,1,0
7aba1add4742,1,1,0
64b32c69cb1d,1,1,0
464912c0c55b,1,1,0
5a8e9a95e3ea,1,-1,-1
e5a4dd48b932,1,1,1
f1ded3d4f5c1,1,1,0
25537f758b35,1,1,0
78137c50a3db,1,1,0
d04d9f8d426d,1,1,0
1d7a29ed2341,1,1,0
e0b1f67f86f4,1,1,0
42a0433be1dd,1,1,0
8a7d39936075,1,1,0
141d8c585d50,1,1,0
bd2de0f8c192,1,0,0
65e2d82999cf,1,1,0
8fe140d3c79c,1,0,0
b687a4bcd1d0,1,0,0
82885c1147d7,1,0,0
3eb496d5ac86,1,0,0
b6adf0423c29,1,0,0
e0538812c86d,1,0,0
cc11fb458ea1,1,0,0
6e6b89041fc0,1,0,0
b900ab1e0954,1,0,0
0c6f635af75c,1,0,0
9e554399d2ab,1,0,0
051a7019988a,1,0,0
e9d7afc9667a,-1,0,-1
111d94014f33,-1,0,-1
7bcef1cd2f4e,1,0,0
db4e5e9e5c01,1,0,0
dd715d58d7ac,1,1,0
75f081513be6,1,1,0
534f64fb737e,1,1,0
58eeaa804913,1,1,0
5d0b943b4b4f,1,0,0
f3ea5c52f0e6,1,0,0
bce07a19ad5e,1,0,0
b7984eb6582d,1,0,0
6258766359c4,1,1,0
326756d87840,1,1,0
be9e849db29e,1,1,0
05667d85532a,1,1,1
75c8839ccc8e,1,1,1
872107502a12,1,1,0
3b7475d238c9,1,1,0
0748658e978d,1,1,1
27816dad6c9f,1,1,1
dc5066fda0c3,1,1,0
b80d4e7b378c,1,1,1
cc0eeed67a3a,1,-1,-1
9557f1e46470,1,0,0
920dab135b60,1,0,0
04ea94fec33d,1,0,-1
b5093ae5dd3f,1,1,0
607fb07d5212,1,1,0
d91271f65d50,1,1,0
91f8dd4732a8,1,1,0
f36edfec4383,1,1,0
e568cdec6036,1,1,0
8d5b3fe59696,1,1,0
7c5b26475de2,1,1,1
8dac2a4883ba,1,1,0
53a32c74187c,1,1,0
4a9f4f459e5f,1,1,1
36de886d8368,1,1,0
846586bdb479,1,1,0
ec69d8b95be7,1,0,0
c5cb8c90b337,1,1,0
236795680b35,1,1,1
8d7cde1966cc,1,1,0
40d100b00371,1,1,0
ee9d7a589d22,1,1,0
7461bce443f1,1,1,0
f39561b4ca01,1,1,0
608ff908daa0,1,1,0
15fbb06a7dc6,1,1,0
e2cc67e3b3d4,1,1,0
ce08ffeb485c,1,1,0
6f46af69b6a1,1,1,0
906d236cc727,1,1,0
4a23ff72b493,1,1,0
b8f7469cbefe,1,1,0
9d1fb3188065,1,1,0
d1c20d1d896f,1,1,0
1dc72be9d008,1,1,0
6605fe4b512f,1,1,0
01bdbc4ce0b6,1,1,0
ccbcd58182d1,1,1,0
b7a6227a1992,1,1,0
4df162debc52,1,1,0
e8dfa0b67d1b,1,1,0
e342a50631e1,1,1,0
97ab7d75da1f,1,1,0
ea799be104cf,1,1,0
9f7eea670262,1,1,0
398b0cab45c9,1,1,0
d83cfd1a1043,1,1,0
85f9961ac71a,1,1,0
80414b3f69ac,1,1,0
52dfc5a40c9c,1,1,0
346f64dc3ff9,1,1,0
5733c9c6cd21,1,1,0
ac70fc2e5e2d,1,1,-1
1c54ef76aecf,1,1,0
2e8d88b8883a,1,1,0
31486789aec9,1,1,0
92b565aa3a31,1,1,0
3c9eab83f205,1,1,0
7ff8bd8aa4b1,1,1,0
b4071622f538,1,1,0
0d899a8660c4,1,1,0
826c5813001e,1,1,0
d02f125c647c,1,1,0
8c2c1f1ffe17,1,1,0
238320a45a5c,1,1,0
68eb5bfc40cb,1,1,0
d8a1c4e7e68e,1,1,-1
9a3787fe9a7f,1,1,0
de2a76e2f28a,1,1,0
e7ff6eafb9d2,1,1,-1
017a85053278,1,1,0
fe415460b4b6,1,1,0
e9f4d773141a,1,1,0
2869a32438f0,1,1,0
c468c908529c,1,1,0
e69097adce4c,1,1,0
03aa1d9af3b4,1,1,0
7818064bf8db,1,1,0
bb64ab1b80c8,1,1,0
e9d229e06ba6,1,1,-1
819076d341cc,1,1,0
cf5ef6b8af2a,1,1,0
2ffa372afff2,1,1,-1
ed1d4744b7a4,1,1,-1
552e57b878e6,1,1,0
cee87ce2f792,1,1,0
2a394fac1c23,1,1,0
27fd1cf11493,1,1,0
f7b4b5753be2,1,1,-1
bb892d157fb4,1,1,0
b6ce321cb0de,1,1,0
7fc17722093d,1,1,-1
04232e424f47,1,1,-1
af566ae9df1e,1,1,-1
37d3ebe7f178,1,1,0
b0465a38d9d3,1,1,-1
90b51ba2aa46,1,1,-1
d953790ab818,1,1,-1
f69dd05eb695,1,1,0
afade7ad55d4,1,1,0
866b1deb7a86,1,1,0
18d5b52f65d1,1,1,-1
89d469026a61,1,1,0
7f658abb293a,1,1,0
54f0d57982c3,1,1,0
ff64be740196,1,1,0
a4873f6a80ce,1,1,-1
367cf4884ddb,1,1,0
f539f774b1ff,1,1,-1
941e70346f1b,1,1,1
9a2606bf56b9,1,1,1
3bf57c2d5ea4,1,1,0
fd25794b76d2,0,1,1
81cfc4fdf1af,0,1,0
9edcbb981291,0,1,0
7e8eb5c93a04,0,1,-1
83ee51d62ecd,0,1,0
5bccbb4acff4,1,1,0
6b601d7eeff3,0,1,-1
562447b4e536,0,1,0
832d51093b96,1,1,0
6db2ecf76d82,0,1,0
e3670c6a4883,0,1,0
17ea1ae8957b,0,1,-1
eaaf1186d1b9,0,1,0
ab20165fd27f,0,1,0
6447ddfba799,0,1,0
366a38ce26df,0,1,0
27b899fa77b0,0,1,0
e6e345f30d1b,0,1,0
38ec3635d2cb,0,1,0
7a23b51cd188,0,1,0
908689f151cf,0,1,0
fa10625203fe,0,1,1
35291af2c5b9,0,1,0
4d3f57444767,0,1,-1
270ce538ba61,0,1,0
f40122b3c0d5,0,1,0
5b3575f7fa57,0,1,0
34918ce08f42,0,1,0
a67250b076aa,0,1,0
f91e7906abfa,0,1,-1
047d428d39e8,0,1,-1
a191e952a21e,1,1,1
784d236813db,0,1,-1
531e55c45163,0,1,1
b826d1004c75,0,1,-1
33ecd437123a,0,1,0
a521d6b29b6e,0,1,-1
cce9a5cf0104,0,1,-1
0b8f8baa12d0,0,1,0
b246145a9f4a,0,1,1
4ea3d8df643e,0,1,1
177c13882fa2,0,1,0
69e1df59ee72,0,1,0
b1c44299ca4a,0,1,-1
ab8704df7740,0,1,1
6fa39a25adea,0,1,0
1229098d7e30,0,1,-1
29ff05ed7717,1,1,-1
43fe8c27fcc1,0,0,-1
4ecf72bd082b,0,0,-1
38efa9997755,0,1,0
9a8121b112b1,0,0,-1
1bc568782467,1,1,0
ec625f218736,0,1,0
4585a9e71394,0,0,-1
36de8060621d,1,1,1
6074b18b3691,0,1,-1
771ee178751e,1,-1,-1
39d962093ac4,0,1,0
6605eaea59ef,0,-1,-1
9e2f25f5f2c2,0,1,-1
1187e6d965c1,0,-1,-1
ea775cb7ffd7,0,0,-1
9285b4b4f39d,0,1,0
55bac2396125,0,-1,-1
174657b5d6ce,1,1,0
1e7f162fc76f,1,1,0
84807f485302,1,1,0
d264a9771bd1,1,1,0
2920e4534530,1,1,0
79ac493ee15b,1,1,0
129be0ac06ac,1,1,0
7f6a2dca82b8,1,1,0
7598b645a785,1,1,0
9682845e97f6,1,1,0
685d7e0cd8e7,1,1,0
6d58acc71c29,1,1,0
c1b66cafa891,1,1,0
1115f8b0ce74,1,1,0
54bc374b8e3e,1,1,0
40e59d42e061,1,1,0
19ee04e0d7c6,1,1,0
e2839dc79bdf,1,1,0
cc7771ac45c4,1,1,0
1d409ccdf900,1,1,0
1e76b820cee5,1,1,0
77beca6d1017,1,1,0
fa824385e1c2,1,1,0
2c3312c72a65,1,1,0
45188f1d03dd,1,1,0
1dc3bd1410c4,1,1,0
dc5a928e9882,1,1,0
3a494076be9f,1,1,0
646b9adf5660,1,1,0
9c3fa9cb73dd,1,1,0
e0ffa52ca666,1,1,0
b97e0ee4ad2a,1,1,0
02e39a8e81b7,1,1,0
c73ae7daee84,1,1,0
1ed05f53fec8,1,1,0
690c23c04144,1,1,0
a63ca9761136,1,1,0
1dfd8935e942,1,1,0
70b7363000f4,1,1,0
57a24083ae62,1,1,0
77befc13d3d5,1,1,0
5a1306184bda,1,1,0
f630f340fca3,1,1,0
c70c95ece7ac,1,1,0
70a788b75d00,1,1,0
bab16c5a2661,1,1,0
83b00464f7c6,1,1,0
9edc6cd0cc1e,1,1,0
f1426ce25825,1,1,0
e2b6168ad1ff,1,1,0
feeee375a1dc,1,1,0
df37bf23e9b2,1,1,0
d161f8c5641b,1,1,0
d39cb10fbf26,1,1,0
26d403779c65,1,1,0
55592a25ffd6,1,1,0
007b1a4dd5db,1,1,0
69ed1d28e3ef,1,1,0
2a50e0189fed,1,1,0
f5f631795521,1,1,0
8b46dad21547,1,1,0
ef3f05da7315,1,1,0
18bcc64aee06,1,1,0
dc68584a5b77,1,1,0
577ed8b639e9,1,1,0
7d5b75437c93,1,1,0
87648d3369bc,1,1,0
4f4e9db34158,1,1,0
d77f9a27ec47,1,1,0
b7f6e45778f4,1,1,0
ac63b637cfef,1,1,0
91b5597dac74,1,1,0
2603d43a766d,1,1,0
fcae8030e7bd,1,1,0
9a040849810f,1,1,0
a4412cadd48d,1,1,0
4d1fc5d429d6,1,1,0
24106014eefd,1,1,0
9de4303b2056,1,1,0
f73a0a195a6d,1,1,0
773b934f80c2,1,1,0
8781979dad2c,1,1,0
59b21fa16e81,1,1,0
249698d52a2d,1,1,0
fb180debcb16,1,1,0
c53f70dde54c,1,1,0
71ca556ba0d7,1,1,0
a9024d023d46,1,1,0
e570332149e2,1,1,0
6ea558dd9856,1,1,-1
d70598832f84,1,1,-1
8bf4329488c9,1,1,0
656b89eefd4f,1,1,0
f02c06bfd26b,1,1,0
f467fea10657,1,1,0
6801f2905be5,1,1,0
456744a48c5b,1,1,0
2780806b54bd,1,1,0
977037080d47,1,1,0
2412b2bfcf8f,1,1,-1
ccd25b68194b,1,1,0
17af1b346cc1,1,1,0
3438be5a3e98,1,1,-1
84a6f2ff72f5,1,1,-1
793f4c26cc82,1,1,-1
40a3317c1495,1,1,1
7ad0600c63b7,1,1,0
e148a22b1743,1,1,0
a195c86731e5,1,1,0
f1173468cdd8,1,1,0
3d5816c09fdc,1,1,0
a9063fbfdfc4,1,1,0
3a9430172c4c,1,1,0
f9d542131338,1,1,0
2b3a12af7272,1,1,0
21749de35c47,1,1,0
4d2d65f1a36d,1,1,0
1da6de8a7bce,1,1,0
4797f3fe6657,1,1,0
395d7ed7b0d4,1,1,0
591a248806d5,1,1,0
fc0852724e34,1,1,0
733a8b25000c,1,1,-1
05302f62b6d6,1,1,-1
5a9f44a7c9b8,1,1,0
f7b875c27982,1,1,0
3108324ed513,1,1,0
038b622c001f,1,1,0
ed5f76554b2b,1,1,0
d7b6875f1678,1,1,0
2e04ff48a894,1,1,0
853c52587266,1,1,0
cc3892578465,1,1,0
c94974314935,1,1,0
e17869715ee0,1,1,0
60a9d3409821,1,1,0
18bd72ff34ad,1,1,0
bf5defe84296,1,1,0
9355ec9d61ab,1,1,-1
d59cb61d6f5e,1,1,0
8a3a4ee9a0ba,1,1,-1
b1ef00ff170e,1,1,0
6ce57a0cd40f,1,1,0
1b9766a08f4e,1,1,0
c2ac6960e11f,1,1,0
b1aefb713100,1,1,0
97ca3062d43c,1,1,0
218e0b2958c0,1,1,0
47cc7fee5c74,1,1,0
3b9a25b8412b,1,1,0
54e76cff762b,1,1,0
5d1b7db7892b,1,1,0
ac7e050044cd,1,1,0
e7c5e2f91466,1,1,0
8ad557e836f7,1,1,0
5aaab2f30819,1,1,-1
54ae02e755e0,1,1,0
76fb56281e55,1,1,0
279ac27112cc,1,1,0
0760ff9f09ac,1,1,0
f1342c8437dc,1,1,0
e2c2d0db709b,1,1,0
3e0c2d69ee5b,1,1,0
36742ef8c360,1,1,0
1c127bbaabdb,1,1,0
bf626fc54ef0,1,1,0
e7d528df7694,1,1,0
f7105bd48f52,1,1,0
7efce044d038,1,1,0
d31a9a1cd171,1,1,0
2365f64b9a23,1,1,0
7e3a5ab47609,1,1,0
efabf08d6a48,1,1,0
0a232fbc530c,1,1,-1
7d7c4a74a8fa,1,1,0
3365566066f8,1,1,0
5288c89ef118,1,1,0
f8ae1059558e,1,1,0
7370e4792e23,1,1,0
e7dba1305f76,1,1,0
e99eaa3429e3,1,1,0
23e6e2c59419,1,1,0
79b9c19f7c52,1,1,0
5be75d117d10,1,1,0
871c43eb57fe,1,1,0
960bb5ac66a2,1,1,0
71784731c455,1,1,0
1d0228360380,1,1,0
e09f5109e320,1,1,0
590fa62feb7c,1,1,0
70a0d7eb8a3e,1,1,1
440df8ed0cec,1,1,0
8199792e0821,1,1,0
5acb2028db6f,1,1,0
9458dacc058c,1,1,0
b95a85df6c38,1,1,0
366c3f05f22d,1,1,1
684ded0fc8fc,1,0,-1
c443c98fb593,1,1,0
076083e35e61,1,1,0
35340fec5f1f,1,1,0
5f9520fcf410,1,1,0
535b6eb3dd34,1,1,0
ec1626eaf909,1,1,0
90f64760da87,1,1,0
f885e420e65d,1,1,0
ab7744eb2623,1,1,0
9a26f773af8d,1,0,1
e93c1a713843,1,0,0
a45130bace69,1,1,0
0f57b0d8838b,1,1,0
88c15580de7a,1,1,0
425779ff01b4,1,1,0
9501034470d8,1,1,0
e9de0e50024a,1,1,0
1850e7e73bb7,1,1,-1
9b9021a57400,1,1,0
847184a8c0d3,1,1,0
b02bc0a6fbcc,1,1,0
a41c7b3882e6,1,1,0
44725b94ea9d,1,1,0
fdfe60c82348,1,1,0
db7c0df9c069,1,1,0
4d525e45b3d5,-1,-1,-1
f7a7aa943cad,1,1,0
de82a79104bb,1,1,0
a56dd6a1f80f,1,1,0
ebd4242d8167,1,1,0
af4f8908b714,1,1,0
0a77d4076c28,1,0,-1
5d4531a5e6eb,1,1,0
c1272a1fb925,1,1,1
5ce42e83ab83,1,1,1
0baaac4343cb,1,1,-1
76e00e5903a0,1,1,0
1cfaeadb7c8b,1,1,-1
e1582392c408,1,1,-1
b30caab6aaea,1,1,-1
f39d41c43e78,1,0,0
bec8fc7e34a5,1,1,1
657c8a524ac5,1,1,0
645f82cfd5c9,1,1,1
e2e5d5459e88,1,1,1
ba252816ada2,1,1,1
4048f069a783,1,1,0
