Season,Episode Number,Episode Title,Total Deaths,Victims
Season 1,N/A,Pilot,4,"Unnamed Male Delinquent - Killed when the dropship crashed on the land off-screen, body shown.; Glen Dickson - Killed when the dropship crashed on the land off-screen, body shown.; Alexander “Alex"" Murphy - Floated into space by an unknown ark guard on the orders of Chancellor Thelonious Jaha after he stolen medicine for his son John Murphy off-screen several years prior, mentioned."
Season 1,N/A,Earth Skills,2,"At Least One Unknown Grounder - Died in an unspecified manner off-screen, skull shown."
Season 1,N/A,Earth Kills,7,"Both of Charlotte’s Parents - Floated into space by an unknown ark guard on the orders of Chancellor Thelonious Jaha off-screen, mentioned.; Trina - Died of either convulsions, or, cessation of respiration after she was exposed to the acid fog by unknown Mountain Men on the orders of Cage Wallace.; Pascal - Died of either convulsions, or, cessation of respiration after he was exposed to the acid fog by unknown Mountain Men on the orders of Cage Wallace.; Atom - Injured after being exposed to the acid fog by unknown mountain men on the orders of Cage Wallace, and then stabbed in the neck by Clarke Griffin with a knife at his own request. Shared Kill.; Deputy Resource Officer Jake Griffin - Floated into space by an unknown ark guard on the orders of Chancellor Thelonious Jaha accidentally caused by Dr. Abby Griffin, shown in a flashback."
Season 1,N/A,Murphy's Law,1,None listed
Season 1,N/A,Twilight's Last Gleaming,320,"Tor Lemkin - Died of asphyxiation after Chancellor Thelonious Jaha cut off the oxygen supply to his section in order to conserve air for the rest of the population at his own request because of Bellamy Blake and orchestrated by Marcus Kane, Councilman Cole, Councilman Kaplan, Councilwoman Muir, and Councilman Fuji. Shared Kill.; Cuyler Ridley's Wife - Died of asphyxiation after Chancellor Thelonious Jaha cut off the oxygen supply to her section in order to conserve air for the rest of the population at her own request because of Bellamy Blake and orchestrated by Marcus Kane, Councilman Cole, Councilman Kaplan, Councilwoman Muir, and Councilman Fuji. Shared Kill.; Kara Cooper's Father - Died of asphyxiation after Chancellor Thelonious Jaha cut off the oxygen supply to his section in order to conserve air for the rest of the population at his own request because of Bellamy Blake and orchestrated by Marcus Kane, Councilman Cole, Councilman Kaplan, Councilwoman Muir, and Councilman Fuji. Shared Kill."
Season 1,N/A,His Sister's Keeper,13,"At Least Eight Unknown Grounders - Killed in an unspecified manner off-screen, skeletons shown.; Raven Reyes’s Mother - Died of alcohol poisoning off-screen several years prior, mentioned.; John Mbege - Throat slit by an unknown Trikru warrior with a knife on the orders of Commander Lexa off-screen, body shown.; Diggs - Impaled in the chest by sharpened pipe trap set by unknown Trikru warriors on the orders of Commander Lexa.; Roma Bragg - Impaled in the chest by an unknown Trikru warrior with a thrown spear on the orders of Commander Lexa."
Season 1,N/A,Day Trip,8,"Four Rabbits - Killed by unknown delinquents off-screen, bodies shown.; Unnamed Man - Beaten to death by Dax after he stolen from him off-screen, mentioned.; Unknown Person - Died in an unspecified manner off-screen, skeleton shown.; Dax - Stabbed in the neck by Bellamy Blake with a bullet."
Season 1,N/A,Unity Day,1603,"Unnamed Sky Man - Blown up with a bomb set by Cuyler Ridley on the orders of Councilwoman Diana Sydney. Shared Kill.; Councilman Cole - Blown up with a bomb set by Cuyler Ridley on the orders of Councilwoman Diana Sydney. Shared Kill.; Councilman Kaplan - Blown up with a bomb set by Cuyler Ridley on the orders of Councilwoman Diana Sydney. Shared Kill.; Councilwoman Muir - Blown up with a bomb set by Cuyler Ridley on the orders of Councilwoman Diana Sydney. Shared Kill.; Councilman Fuji - Blown up with a bomb set by Cuyler Ridley on the orders of Councilwoman Diana Sydney. Shared Kill.; Vera Kane - Bled to death after a by broken piece of glass entered her stomach during the unity day bombing caused by Cuyler Ridley on the orders of Councilwoman Diana Sydney. Shared Kill.; Unnamed Male Ark Guard - Frozen to death in a cell when the power was cut off in the prison section by Lieutenant Graco on the orders of Councilwoman Diana Sydney. Shared Kill.; Two Unnamed Male Trikru Archers - Shot to death by Jasper Jordan with an assault rifle.; Nygel - Died of explosive decompression and oxygen after Councilwoman Diana Sydney’s unauthorized exodus ship launch off-screen. ( Debatable ); Miss Lucy - Died of explosive decompression and oxygen after Councilwoman Diana Sydney’s unauthorized exodus ship launch off-screen. ( Debatable ); Reese Lemkin - Died of explosive decompression and oxygen after Councilwoman Diana Sydney’s unauthorized exodus ship launch off-screen. (Debatable); At Least 1,497 Unnamed Sky People - Died of explosive decompression and oxygen after Councilwoman Diana Sydney’s unauthorized exodus ship launch off-screen.; Councilwoman Diana Sydney - Blown up when the exodus ship crashed on the land caused by unknown mountain men on the orders of President Dante Wallace.; Cuyler Ridley - Blown up when the exodus ship crashed on the land caused by unknown mountain men on the orders of President Dante Wallace.; Lieutenant Graco - Blown up when the exodus ship crashed on the land caused by unknown mountain men on the orders of President Dante Wallace.; Red - Blown up when the exodus ship crashed on the land caused by unknown mountain men on the orders of President Dante Wallace."
Season 1,N/A,I Am Become Death,8,"Derek - Died of viral hemorrhagic fever caused by John Murphy and orchestrated by Indra. Shared Kill.; Unnamed Female Delinquent - Died of viral hemorrhagic fever caused by John Murphy and orchestrated by Indra off-screen, body shown. Shared Kill.; Unnamed Male Delinquent - Died of viral hemorrhagic fever caused by John Murphy and orchestrated by Indra off-screen, body shown. Shared Kill.; At least Four Unnamed Male Trikru Warriors - Blown up by Jasper Jordan when he shot a bomb set by Raven Reyes."
Season 1,N/A,The Calm,28,"At Least One Unknown Animal - Killed by unknown delinquents off-screen, body shown.; Unnamed Trikru Healer - Died in an unspecified manner off-screen, mentioned.; Fish - Killed by unknown delinquents off-screen, body shown.; Five Unknown Grounders - Killed by Tris off-screen, marks shown.; Tris - Died of collapsed lungs after she was injured when the bridge was blown up by Jasper Jordan and Raven Reyes. Shared Kill.; At Least 18 Unknown Grounders - Killed by Caliban off-screen, marks shown."
Season 1,N/A,We Are Grounders: Part 1,6,"Vik - Killed by Lincoln off-screen, mentioned.; Myles - Asphyxiated to death by John Murphy with a plastic bag as a revenge for tying the noose that they used to hung him.; Unnamed Sky Woman - Died of her injuries because of explosive decompression and oxygen after Councilwoman Diana Sydney’s unauthorized exodus ship launch.; At Least One Unknown Grounder - Killed and eaten by unknown reapers off-screen, body shown.; Unnamed Reaper - Slashed across the throat by Lincoln with a knife."
Season 1,N/A,We Are Grounders: Part 2,459,"Two Unknown Delinquents - Died in an unspecified manner off-screen, mentioned.; Drew - Stabbed in the head by an unknown Trikru warrior with a thrown ninja star.; Unnamed Male Trikru Warrior - Accidentally committed suicide by stepping on a landmine set by either Raven Reyes, Clarke Griffin, Octavia Blake, Nathan Miller, Drew, Finn Collins, Bellamy Blake, Jasper Jordan, Zoe Monroe, Harper McIntyre, Olivier Grard, Sterling, Jessica, Fox, Chris McMullin, Jones, Bree, Del, or unknown delinquents. Shared Kill.; Unnamed Male Trikru Warrior - Blown up by Harper McIntyre when she shot a landmine set by either Raven Reyes, Clarke Griffin, Octavia Blake, Nathan Miller, Drew, Finn Collins, Bellamy Blake, Jasper Jordan, Zoe Monroe, Harper McIntyre, Olivier Grard, Sterling, Jessica, Fox, Chris McMullin, Jones, Bree, Del, or unknown delinquents. Shared Kill.; At Least 100 Unnamed Sky People - Incinerated when their station exploded and crashed while re-entering the earth’s atmosphere.; Unnamed Male Trikru Warrior - Shot in the chest by Bellamy Blake with an assault rifle.; Unnamed Male Trikru Warrior - Shot in the head by Bellamy Blake with an assault rifle.; Unnamed Male Trikru Warrior - Stabbed through the back of the head by Octavia Blake with a sword.; Unnamed Reaper - Slashed across the chest by an unknown Trikru warrior with a sword.; Unnamed Reaper - Slashed across the chest by Tristan with a sword.; Unnamed Male Trikru Warrior - Shot in the chest by an unknown reaper with an arrow using a bow.; Unnamed Reaper - Stabbed in the chest by an unknown Trikru warrior with a sword.; Unnamed Reaper - Slashed across the chest by Tristan with a sword.; Unnamed Reaper - Stabbed to death by Tristan with a sword.; Unnamed Reaper - Slashed across the throat by Tristan with a sword.; At Least Four Unnamed Reapers - Killed by Tristan, Anya, and unknown Trikru warriors off-screen, 10 shown minus six previously counted. Shared Kills.; Three Unnamed Male Delinquents - Shot in the chest by unknown Trikru warriors with arrows using bows.; Unnamed Female Delinquent - Shot in the chest by an unknown Trikru warrior with an arrow using a bow.; Four Unnamed Male Trikru Warriors - Blown up by unknown delinquents with fireworks.; Unnamed Male Trikru Warrior - Shot in the chest by Nathan Miller with an assault rifle.; Five Unnamed Male Trikru Warriors - Blown up by unknown delinquents with fireworks.; Two Unnamed Male Delinquents - Slashed across the chest by Tristan with a sword.; Unnamed Male Delinquent - Stabbed in the chest by an unknown Trikru warrior with a sword.; Two Unnamed Male Trikru Warriors - Shot in the chest by Nathan Miller with an assault rifle.; Jones - Killed by unknown Trikru warriors off-screen.; Olivier Grard - Killed by unknown Trikru warriors off-screen.; 18 Unknown Delinquents - Killed by Tristan, Anya, and unknown Trikru warriors off-screen. 27 mentioned minus nine previously counted. Shared Kills.; Quint’s Brother - Incinerated by the dropship's rockets rigged by Jasper Jordan with the help of Clarke Griffin and Raven Reyes. Shared Kill."
Season 1,N/A,The 48,59,"Unnamed Male Delinquent - Throat slashed by Tristan with a sword.; Unnamed Male Trikru Warrior - Shot in the head by Raven Reyes with an assault rifle.; John Murphy’s Mother - Died of alcohol poisoning off-screen several years prior, mentioned.; Tristan - Shot through the back and head by Marcus Kane with an assault rifle.; Dante Wallace’s Father - Died in an unspecified manner off-scree several years prior, implied.; 52 Unknown Mount Weather People - Died of radiation poisoning off-screen several years prior, mentioned. 54 mentioned minus two later counted.; Dante Wallace’s Sister - Died of radiation poisoning off-screen, several years prior, mentioned."
Season 1,N/A,Inclement Weather,5,"Sergeant James Shaw - Died of radiation poisoning after being shot in the chest by an unnamed sky men with an assault rifle off-camera, body shown.; Two Unnamed Sky Men - Crucified by unknown Trikru warriors on the orders of Commander Lexa off-screen, bodies shown."
Season 1,N/A,Reapercussions,17,"At Least Six Unnamed Grounders - Died after being drained of blood by Dr. Lorelei Tsing on the orders of President Dante Wallace off-screen, bodies shown. Shared Kills.; Unnamed Female Grounder - Killed by unknown reapers off-screen, body shown.; Unnamed Male Grounder - Neck snapped by Anya after being injured by unknown reapers, mercy kill.; Unnamed Sky Man - Bled to death off-screen after being accidentally shot in the chest by an unnamed ark guard with an assault rifle, body shown.; Unnamed Reaper - Impaled in the chest by either Indra, Artigas, Penn, or unknown Trikru warrior with a thrown spear. Shared Kill.; Unnamed Male Trikru Warrior - Stabbed in the back by an unknown reaper with an axe.; Unnamed Reaper - Shot in the chest by Artigas with an arrow using a bow.; Unnamed Male Trikru Warrior - Slashed across the chest by an unknown reaper with an axe.; Unnamed Reaper - Throat slashed by Octavia Blake with a sword.; Two Unnamed Mount Weather Guards - Died of radiation poisoning of-screen after they were exposed to radiation by Clarke Griffin and Anya. Shared Kills."
Season 1,N/A,Many Happy Returns,3,"Sterling - Accidentally fell from a cliff when the rope broke, and snaps from the stump it was tied to while he was trying to save Mel.; Cockroach - Eaten alive by Chancellor Thelonious Jaha."
Season 1,N/A,Human Trials,20,"Unnamed Reaper - Beaten to death by Lincoln orchestrated by Cage Wallace. Shared Kill.; Unnamed Male Tondc Villager - Shot to death by Finn Collins with an assault rifle off-camera, body shown.; Artigas - Shot to death by Finn Collins with an assault rifle.; Unnamed Female Tondc Villager - Shot to death by Finn Collins with an assault rifle."
Season 1,N/A,Fog of War,5,"Brixton - Died of either convulsions, or, cessation of respiration after he was exposed to the acid fog by unknown Mountain Men on the orders of Cage Wallace.; Unnamed Male Ark Guard - Killed and eaten by unknown reapers off-screen, body shown.; Sergeant Scott - Killed and eaten by unknown reapers off-screen, body shown."
Season 1,N/A,Long Into an Abyss,3,"Keenan Mykulak - Died of radiation poisoning after being exposed to radiation by Dr. Lorelei Tsing, and Cage Wallace. Shared Kill.; Lincoln - Died of a heart attack after being injected with an addictive red drug by Cage Wallace. Revived by Clarke Griffin Via CPR. ( Villain at the time of the head so listed in bold )"
Season 1,N/A,Spacewalker,1,None listed
Season 1,N/A,Remember Me,5,"Costia - Tortured and decapitated by unknown Azgeda warriors on the orders of Queen Nia off-screen, mentioned.; Three Pigs - Killed and cooked by unknown Trikru warriors off-screen, bodies shown."
Season 1,N/A,Survival of the Fittest,7,"Deer - Impaled in the side by either Bellamy Blake or Lincoln with a thrown spear off-screen, body shown. Shared Kill.; Unnamed Man - Killed by Lincoln on the orders of his father off-screen several years prior, mentioned.; Major Byrne - Bled to death after her arm was ripped off by Pauna.; Quint - Beaten to death by Pauna off-screen after his leg was sliced by Commander Lexa with a sword after he tried to Kill Clarke Griffin. Shared Kill.; Moose - Ripped apart and eaten by Pauna off-screen, body shown.; One of Lexa’s Guards - Beaten to death by Pauna."
Season 1,N/A,Coup de Grâce,3,Unnamed Mount Weather Guard - Shot in the neck by an unknown Trikru warrior with an arrow using a bow.; Unnamed Male Trikru Warrior - Bled to death after he was accidentally shot in the chest by an unknown mount weather guard.
Season 1,N/A,Rubicon,264,"Unknown Delinquent - Died after his bone marrow was extracted by Dr. Lorelei Tsing on the orders of President Cage Wallace off-screen, body shown. Shared Kill.; Unnamed Male Delinquent - Died after his bone marrow was extracted by Dr. Lorelei Tsing on the orders of President Cage Wallace off-screen, body shown. Shared Kill.; Jessica - Died after her bone marrow was extracted by Dr. Lorelei Tsing on the orders of President Cage Wallace off-screen. Shared Kill.; 125 Unnamed Grounders - Blown up by Whitman when he shot a missile launched by Lieutenant Carl Emerson on the orders of Cage Wallace because of Clarke Griffin and Commander Lexa. Shared Kills.; 125 Unnamed Sky People - Blown up by Whitman when he shot a missile launched by Lieutenant Carl Emerson on the orders of Cage Wallace because of Clarke Griffin and Commander Lexa. Shared Kills.; 10 Unnamed Mount Weather Guards - Died of radiation poisoning when Bellamy Blake caused a radiation leak."
Season 1,N/A,Resurrection,19,"Horse - Burned alive by Whitman when he shot a missile launched by Lieutenant Carl Emerson on the orders of Cage Wallace because of Clarke Griffin and Commander Lexa. Shared Kills.; Unnamed Female Grounder - Died of her injuries after she was blown up by Whitman when he shot a missile launched by Lieutenant Carl Emerson on the orders of Cage Wallace because of Clarke Griffin and Commander Lexa. Shared Kills.; Unnamed Male Grounder - Shot in the shoulder by Whitman with a sniper rifle on the orders of President Cage Wallace.; Lowan - Shot in the back by Whitman with a sniper rifle on the orders of President Cage Wallace.; Unnamed Male Grounder - Shot in the chest by Whitman with a sniper rifle on the orders of President Cage Wallace.; Unnamed Mount Weather Guard - Slashed across the back by Jasper Jordan with an axe.; Unnamed Mount Weather Guard - Shot in the chest by Monty Green with an assault rifle.; Unnamed Mount Weather Guard - Stabbed in the chest by Jasper Jordan with an axe.; Unnamed Mount Weather Guard - Stabbed to death by an unnamed female delinquent with a knife.; Two Unnamed Mount Weather Guard - Beaten to death by Nathan Miller with a broken piece of wood.; Unnamed Mount Weather Guard - Stabbed to death by an unnamed male delinquent with a knife.; Unnamed Mount Weather Guard - Stabbed in the abdomen by an unnamed male delinquent with an axe.; Unnamed Mount Weather Guard - Stabbed to death by two unnamed male delinquents with a cleaver and a knife.; Unnamed Mount Weather Guard - Stabbed in the back by Jasper Jordan with an axe.; Two Unnamed Mount Weather Guards - Shot in the head by Bellamy Blake with a pistol.; Maya Vie’s Mother - Died of radiation poisoning off-screen several years prior, mentioned."
Season 1,N/A,Bodyguard of Lies,9,Harris - Accidentally committed suicide by blowing himself up when he stepped on a landmine.; Lily - Accidentally committed suicide by blowing herself up when she fell on a landmine.; Garza - Incinerated in an acid fog explosion caused by Bellamy Blake.
Season 1,N/A,Blood Must Have Blood: Part 1,23,"Mrs. Peters - Shot in the head by Paul Tilling with a pistol on the orders of President Cage Wallace after she tried to hide Jasper Jordan and Maya Vie.; Mr. Peters - Shot in the head by Paul Tilling with a pistol on the orders of President Cage Wallace after he tried to hide Jasper Jordan and Maya Vie.; Unnamed Mount Weather Guard - Shot in the eye by Penn with an arrow using a bow.; Paul Tilling - Shot in the side of the head by Bellamy Blake with a pistol.; Unnamed Mount Weather Guard - Strangled with handcuffs, and then head slammed against a wall by Nathan Miller.; Unnamed Mount Weather Guard - Bludgeoned by Kyle Wick with a pipe wrench.; Three Unnamed Mount Weather Guards - Blown up by Raven Reyes and Kyle Wick.; Three Unnamed Grounders - Shot to death by Lieutenant Carl Emmerson, and unknown mount weather guards with assault rifles on the orders of President Cage Wallace.; Seven Unnamed Grounders - Shot to death by Lieutenant Carl Emmerson, and unknown mount weather guards with assault rifles on the orders of President Cage Wallace.; Two Unnamed Grounders - Shot to death by Lieutenant Carl Emmerson, and unknown mount weather guards with assault rifles on the orders of President Cage Wallace.; Mrs. Ryan - Shot in the head by an unknown mount weather guard with a pistol on the orders of President Cage Wallace after she tried to hide Monty, Fox, and other delinquents off-camera, body shown."
Season 1,N/A,Blood Must Have Blood: Part 2,389,"Richards - Eaten alive by a Giant Lamprey.; Craig - Eaten alive by a Giant Lamprey after being pushed from the boat by Thelonious Jaha.; Fox - Died after her bone marrow was extracted by an unknown mount weather doctor on the orders of President Cage Wallace off-screen, body shown.; Sargent Langston - Killed by either David Miller, Zoe Monroe, Marcus Kane, or Dr. Abigail Griffin off-screen, mentioned.; Chris McMullin - Died after his bone marrow was extracted by an unknown mount weather doctor on the orders of President Cage Wallace.; President Dante Wallace - Shot in the chest by Clarke Griffin with a pistol.; Unnamed Mount Weather Guard - Stabbed in the chest by Octavia Blake with a thrown sword.; Unnamed Mount Weather Guard - Throat slashed by Octavia Blake with a sword.; Four Unnamed Mount Weather Guards - Died of radiation poisoning after they were exposed to radiation by Clarke Griffin and Bellamy Blake with the help of Monty Green.; Lee - Died of radiation poisoning after he was exposed to radiation by Clarke Griffin and Bellamy Blake with the help of Monty Green.; Eric Lovejoy’s Son - Died of radiation poisoning after he was exposed to radiation by Clarke Griffin and Bellamy Blake with the help of Monty Green off-screen.; Dr. Thorpe - Died of radiation poisoning after he was exposed to radiation by Clarke Griffin and Bellamy Blake with the help of Monty Green off-screen.; Carl Emerson’s Brother - Died of radiation poisoning after he was exposed to radiation by Clarke Griffin and Bellamy Blake with the help of Monty Green off-screen.; Aaron Emerson - Died of radiation poisoning after he was exposed to radiation by Clarke Griffin and Bellamy Blake with the help of Monty Green off-screen.; Carl Emerson’s Child - Died of radiation poisoning after he was exposed to radiation by Clarke Griffin and Bellamy Blake with the help of Monty Green off-screen.; 172 Unnamed Mount Weather Men - Died of radiation poisoning after they were exposed to radiation by Clarke Griffin and Bellamy Blake with the help of Monty Green. 182 mentioned minus ten previously counted.; 172 Unnamed Mount Weather Women - Died of radiation poisoning after they were exposed to radiation by Clarke Griffin and Bellamy Blake with the help of Monty Green. 173 mentioned minus Maya who was later counted.; 24 Unnamed Children - Died of radiation poisoning after they were exposed to radiation by Clarke Griffin and Bellamy Blake with the help of Monty Green. 26 mentioned minus Lovejoy’s son and Emerson's child who were previously counted.; Maya Vie - Died of radiation poisoning after she was exposed to radiation by Clarke Griffin and Bellamy Blake with the help of Monty Green.; President Cage Wallace - Hand cut off, and then died after he was injected by Lincoln with an addictive red drug."
Season 1,N/A,Wanheda: Part 1,6,"Unnamed Azgeda Warrior - Shot in the chest by Raven Reyes with an assault rifle.; Unnamed Azgeda Warrior - Shot in the chest by Nathan Miller with an assault rifle.; Unnamed Azgeda Warrior - Shot in the shoulder by Bellamy Blake with an assault rifle, and then stabbed in the chest by Octavia Blake with a thrown sword.; Black Panther - Stabbed in the stomach by Clarke Griffin with a knife.; Niylah’s Mother - Killed by unknown mount weather doctors on the orders of President Dante Wallace off-screen, mentioned."
Season 1,N/A,Wanheda: Part 2,131,"Monty Green’s Father - Killed by Tybe on the orders of Queen Nia off-screen, mentioned.; 110 Unnamed Farm Station Survivors - Killed by unknown Azgeda warriors on the orders of Queen Nia off-screen, mentioned. 126 mentioned minus Monty’s father who was previously counted and minus 15 children who were later counted.; Unnamed Azgeda Bounty Hunter - Shot in the back by Bellamy Blake with an assault rifle.; Unnamed Azgeda Warrior - Slashed across the chest by Prince Roan with a sword.; Unnamed Azgeda Warrior - Stabbed in the chest by Prince Roan with a sword.; Unnamed Azgeda Warrior - Shot in the back by Prince Roan with an arrow using a bow.; Gideon - Throat slashed by Emori with a knife. Consciousness preserved into the City of Light."
Season 1,N/A,Ye Who Enter Here,61,"Unnamed Male Azgeda Ambassador - Fell to his death after being kicked off the Polis tower by Commander Lexa.; At Least Six Fish - Killed by unknown Trikru warriors off-screen, bodies shown.; Nelson - Throat slashed by an unknown Azgeda warrior on the orders of Queen Nia off-screen, body shown.; Hills - Throat slashed by an unknown Azgeda warrior on the orders of Queen Nia off-screen, body shown.; Unnamed Polis Guard - Stabbed to death by Charles Pike with a knife.; Unnamed Polis Guard - Neck snapped by Bellamy Blake.; Gina Martin - Bled to death off-screen after being stabbed multiple times by an unknown Azgeda assassin with a knife on the orders of Queen Nia, body shown.; Unnamed Azgeda Assassin - Shot though the back by Raven Reyes with a pistol.; Shawn Gillmer’s Son - Blown up by an unknown Azgeda assassin with missiles launched inside mount weather on the orders of Queen Nia.; Iris Jones - Blown up by an unknown Azgeda assassin with missiles launched inside mount weather on the orders of Queen Nia."
Season 1,N/A,Watch the Thrones,1,None listed
Season 1,N/A,Hakeldama,302,"Semet's Brother - Shot to death by Chancellor Charles Pike, Bellamy Blake, Hannah Green, Shawn Gillmer, and unknown Arkedia guards off-screen, body shown.; Two of Semet's Sons - Shot to death by Chancellor Charles Pike, Bellamy Blake, Hannah Green, Shawn Gillmer, and unknown Arkedia guards off-screen, bodies shown.; Semet's Wife - Shot to death by Chancellor Charles Pike, Bellamy Blake, Hannah Green, Shawn Gillmer, and unknown Arkedia guards off-screen, body shown.; Niylah's Father - Shot to death by Chancellor Charles Pike, Bellamy Blake, Hannah Green, Shawn Gillmer, and unknown Arkedia guards off-screen, body shown.; 295 Unnamed Trikru Warriors - Shot to death by Chancellor Charles Pike, Bellamy Blake, Hannah Green, Shawn Gillmer, and unknown Arkedia guards off-screen, bodies shown. 300 mentioned minus five previously counted.; Otan - Shot in the back by Shawn Gillmer with a pistol. Consciousness preserved into the City of Light."
Season 1,N/A,Bitter Harvest,3,"Both of Gavriel’s Parents - Killed by unknown sky people off-screen, mentioned.; Lacroix - Died after he inhaled poisoned smoke caused by unknown Trikru villagers on the orders of Semet."
Season 1,N/A,Thirteen,11000000011,"Emily McAdams - Nuked to death by A.L.I.E when she launched the nuclear missiles during the nuclear apocalypse 97 years prior, shown in a flashback.; Sarah McAdams - Nuked to death by A.L.I.E when she launched the nuclear missiles during the nuclear apocalypse 97 years prior, shown in a flashback.; Lucy - Nuked to death by A.L.I.E when she launched the nuclear missiles during the nuclear apocalypse 97 years prior, shown in a flashback.; 10,999,999,997 Unnamed People - Nuked to death by A.L.I.E when she launched the nuclear missiles during the nuclear apocalypse 97 years prior, shown in a flashback. 11,000,000,000 mentioned minus Emily and Sarah who were previously counted and minus Lucy who was show in season 7.; Semet - Stabbed in the neck by Titus with a knife.; Commander Cole McAdams - Blown up by unknown alpha station guards with a missile because of Becca Franko, shown in a flashback.; Dr. Peri Gordon - Blown up by unknown alpha station guards with a missile because of Becca Franko, shown in a flashback.; Seven Unknown Nightbloods - Killed by Commander Lexa during the conclave off-screen, several years prior, marks shown."
Season 1,N/A,Terms and Conditions,6,"Four Unnamed Akradia Guards - Killed by unknown Trikru warriors off-screen, blood shown."
Season 1,N/A,Stealing Fire,9,"Aden - Decapitated by Ontari in his sleep off-screen, severed head shown.; Six Unnamed Nightbloods - Decapitated by Ontari in their sleep off-screen, severed heads shown.; Flamekeeper Titus - Committed suicide by slitting his own throat with Roan’s knife."
Season 1,N/A,Fallen,5,"Mary Jackson - Died of an unspecified illness off-screen several years prior, mentioned.; Two Unnamed Male Arkedia Guards - Shot in the chest by unknown Trikru warriors with arrow using bows.; Unnamed Female Arkedia Guard - Shot in the back by an unknown Trikru warrior with an arrow using a bow."
Season 1,N/A,Nevermore,1,None listed
Season 1,N/A,Demons,4,"Two Unknown Animals - Killed and cooked by Emori off-screen, bodies shown.; Jacapo Sinclair - Bled to death after being stabbed in the stomach by Carl Emerson with a hunting knife."
Season 1,N/A,Join Or Die,9,None listed
Season 1,N/A,Red Sky at Morning,19,"Unnamed Polis Sentry - Stabbed in the eye by Indra with a nail. Consciousness preserved into the City of Light.; Briggs - Stabbed in the chest by Indra with a thrown knife.; Luna’s Brother - Killed by Luna during the conclave off-screen several years prior, mentioned.; Unnamed Polis Sentry - Shot in the chest by Chancellor Charles Pike with an assault rifle.; Unnamed Male Arkadia Guard - Shot in the chest by Chancellor Charles Pike with an assault rifle.; Hannah Green - Consciousness deleted from the city of light by Monty Green and Raven Reyes.; Otan - Consciousness deleted from the city of light by Monty Green and Raven Reyes.; Gideon - Consciousness deleted from the city of light by Monty Green and Raven Reyes.; Six Unknown Members of A.L.I.E.’s Cult - Consciousness deleted from the city of light by Monty Green and Raven Reyes.; Shay - Bled to death after being shot in the back by an unknown sea captain with an arrow using a crossbow on the orders of A.L.I.E.; Unnamed Floukru Warrior - Stabbed in the chest by Luna with a thrown dagger.; Two Unnamed Floukru Warriors - Throat slashed by Luna with a dagger."
Season 1,N/A,Perverse Instantiation: Part 1,9,Unnamed Sky Man - Shot in the neck by King Roan with an arrow using a bow.; Chase - Shot to death by Indra and Chancellor Charles Pike with assault rifles.; Unnamed Female Delinquent - Shot to death by Indra and Chancellor Charles Pike with assault rifles.; Three Unnamed Arkedia Guards - Shot to death by Indra and Chancellor Charles Pike with assault rifles.; Two Unnamed Trikru Warriors - Shot in the head by Chancellor Charles Pike with an assault rifle.
Season 1,N/A,Perverse Instantiation: Part 2,17,"Unnamed Male Trikru Warrior - Shot in the chest by Bellamy Blake with a snipe rifle.; Unnamed Sky Man - Shot in the chest by Bellamy Blake with a snipe rifle.; Unnamed Arkedia Guard - Neck snapped by Charles Pike.; Four Unnamed Male Members of A.L.I.E.’s Cult - Slashed across the chest and throat by Commander Lexa with a sword.; Two Unnamed Male Members of A.L.I.E.’s Cult - Slashed across the chest and back by Commander Lexa with a sword.; Unnamed Male Member of A.L.I.E.’s Cult - Slashed across the chest by Commander Lexa with a sword.; Unnamed Female Member of A.L.I.E.’s Cult - Slashed across the chest by Commander Lexa with a sword.; Unnamed Male Member of A.L.I.E.’s Cult - Stabbed in the chest by Commander Lexa with a sword off-camera, body shown.; Commander Ontari - Died of brain damage after she was hit in the head by Thelonious Jaha with pipe on the orders of A.L.I.E.; Unnamed Sky Man - Slashed across the chest by Octavia Blake with a sword.; Unnamed Male Trikru Warrior - Shot in the chest by Dr. Abby Griffin with a pistol.; Applied Lucent Intelligence Emulator/A.L.I.E. - Died after her code was erased by Clarke Griffin with the kill switch."
Season 1,N/A,Echoes,9,"Unnamed Female Rock Line Ambassador - Throat slashed by Ash/Echo with a sword.; Two Unnamed Azgeda Warriors - Stabbed in the chest by Octavia Blake with two daggers.; Unnamed Azgeda Healer - Impaled through the mouth by Octavia Blake with a thrown spear.; Four Unnamed Egyptian Scavengers - Burned alive by a death wave off-screen, bodies shown."
Season 1,N/A,Heavy Lies the Crown,8,"Ilian’s Father - Throat slashed by Illian with a knife on the orders of A.L.I.E. off-screen, body shown in a flashback.; Ilian’s Brother - Throat slashed by Illian with a knife on the orders of A.L.I.E., shown in a flashback.; Willa - Died of her injuries after being beaten multiple times by Illian on the orders of A.L.I.E., shown in a flashback.; Dakiva - Blown up by Monty Green with the hydro-generator.; Two Unnamed Azgeda Guards - Blown up Monty Green with the hydro-generator.; Tybe - Beaten to death by Riley, and unknown Farm Station slaves because of Monty Green."
Season 1,N/A,The Four Horsemen,49,"40 Unnamed Floukru Villagers - Died of acute radiation sickness after they ate irradiated fish off-screen, mentioned.; Adria - Died of acute radiation sickness after she ate irradiated fish.; Six Unnamed Floukru Villagers - Died of acute radiation sickness after they ate irradiated fish off-screen, bodies shown.; At Least One Unknown Person - Died of radiation poisoning off-screen, skeleton shown."
Season 1,N/A,A Lie Guarded,12,"Unnamed Male Ark Guard - Shot in the head by one of A.L.I.E.’s drones.; Nyko - Shot to death by one of A.L.I.E.’s drone while he was trying to save Luna.; Stevens - Throat slashed by Ash/Echo with a dagger on the orders of King Roan.; Six Unnamed Trikru Warriors - Killed by unknown Azgeda warriors on the orders of King Roan off-screen, bodies shown.; Harper McIntyre’s Father - Died of a hereditary illness off-screen several years prior, implied.; Unnamed Azgeda Warrior - Stabbed in the chest by Octavia Blake with a thrown dagger."
Season 1,N/A,The Tinder Box,1,None
Season 1,N/A,We Will Rise,6,"Unnamed Elderly Male Trikru Villager - Bled to death after being stabbed in the leg by an unknown Azgeda warrior with an axe off-screen, body shown.; Seiku - Stabbed to death by Esop and Anat off-screen, body shown.; Two Unnamed Ark Guards - Killed by Esop and Anat off-screen.; Anat - Stabbed in the chest by King Roan with his own dagger."
Season 1,N/A,Gimme Shelter,18,"Louis - Died after being exposed to radiation from the black rain accidentally caused by Harper McIntyre.; Mark Colton - Died after being exposed to radiation from the black rain off-screen, body shown in episode ""God Complex"".; Peter Colton - Died after being exposed to radiation from the black rain off-screen, body shown in episode ""God Complex"".; Erin - Died after being exposed to radiation from the black rain off-screen, body shown in episode ""God Complex"".; Samuel - Died after being exposed to radiation from the black rain off-screen, body shown in episode ""God Complex""."
Season 1,N/A,God Complex,19,"Unnamed Rock Line Thief/”Baylis” - Died after being exposed to radiation by Dr. Abby Griffin and Eric Jackson orchestrated by Emori.; 12 Unnamed Trikru Warriors - Died after they were exposed to radiation from the black rain off-screen, bodies shown."
Season 1,N/A,DNR,6,Three Unnamed Trikru Warriors - Shot in the chest by unknown Azgeda warriors with arrow using bows on the orders of Ash/Echo.; Unnamed Male Trishanakru Warriors - Slashed across the chest by Octavia Blake with a garden hoe tool.; Jacov - Stabbed through the chest by Octavia Blake with a garden hoe tool.
Season 1,N/A,"Die All, Die Merrily",12,"War Chief Gael Kom Ingranronakru - Stabbed in the abdomen with a sword, and then hit in the head by King Roan with his own hammer during the conclave.; Fio Kom Trikru - Slashed and stabbed in the chest by King Roan with a sword during the conclave.; Unnamed Male Sangedakru Champion - Shot in the back by Ash/Echo with an arrow using a bow during the conclave.; Unnamed Female Delfikru Champion - Accidentally stabbed in the chest by an unknown Boudalan Champion with an axe while he was trying to kill Ilian during the conclave. Proxy Kill.; Unnamed Male Boudalan Champion - Slashed across the head by Ilian with a spear during the conclave.; Unnamed Male Yujleda Champion - Arm cut off, and stabbed in the mouth by Octavia with Indra’s sword during the conclave.; Ilian - Shot through the neck by Ash/Echo with an arrow using a bow and then stabbed in the chest by Octavia Blake with a dagger at his own request during the conclave.; Mezi Kom Louwoda Klion Kru - Throat slashed by Luna with a spear during the conclave.; Unnamed Male Ouskejonkru Champion - Shot by Ash/Echo with an arrow using a bow during the conclave off-screen.; War Chief Guara - Impaled in the back by Luna with a thrown spear during the conclave.; King Roan - Drowned in a fountain by Luna during the conclave."
Season 1,N/A,The Other Side,12,"Riley - Died of a drug overdose after consuming jobi tea.; Raven Reyes - Committed suicide by freezing herself to death in an ice tank. Revived.; Hayes - Died of a drug overdose after consuming jobi tea off-screen, body shown.; Bree - Died of a drug overdose after consuming jobi tea off-screen, body shown.; Unnamed Male Delinquent - Died of a drug overdose after consuming jobi tea off-screen, body shown.; At Least Six Unnamed Sky People - Died of drug overdose after consuming jobi tea off-screen, bodies shown."
Season 1,N/A,The Chosen,8,Unnamed Male Grounder - Accidentally ran over by Bellamy Blake with a rover.; Unnamed Male Grounder - Shot through the neck by Ash/Echo with an arrow using a bow.; Two Unnamed Male Grounders - Shot in the chest and back by Ash/Echo with arrows using a bow.; Unnamed Male Grounder - Shot in the chest by Ash/Echo with an arrow using a bow.; Unnamed Male Grounder - Stabbed in the back by Ash/Echo with a thrown dagger.; Two Unnamed Male Grounders - Slashed across the chest by Ash/Echo with a sword.
Season 1,N/A,Praimfaya,371,Helios (Horse) - Incinerated by the death wave off-screen.; Zoran - Incinerated by the death wave off-screen.; Sienna - Incinerated by the death wave off-screen.; Osias - Incinerated by the death wave off-screen.; Pauna (Mutated Gorilla) - Incinerated by the death wave off-screen.; Ryder - Incinerated by the death wave off-screen. ( Debatable ); Del - Incinerated by the death wave off-screen. ( Debatable ); Geoff Hardy - Died of radiation poisoning off-screen after being exposed to radiation by Marcus Kane and Thelonious Jaha.; Sergeant David Miller - Died of radiation poisoning off-screen after being exposed to radiation by Marcus Kane and Thelonious Jaha.; Bryan - Died of radiation poisoning off-screen after being exposed to radiation by Marcus Kane and Thelonious Jaha.; Kara Cooper’s Husband - Died of radiation poisoning off-screen after being exposed to radiation by Marcus Kane and Thelonious Jaha.; Pei Chao - Died of radiation poisoning off-screen after being exposed to radiation by Marcus Kane and Thelonious Jaha.; Sonya Hassler - Died of radiation poisoning off-screen after being exposed to radiation by Marcus Kane and Thelonious Jaha.; Paula Sevaga - Died of radiation poisoning off-screen after being exposed to radiation by Marcus Kane and Thelonious Jaha.; Doug McCrae - Died of radiation poisoning off-screen after being exposed to radiation by Marcus Kane and Thelonious Jaha.; Unnamed Male Delinquent - Died of radiation poisoning off-screen after being exposed to radiation by Marcus Kane and Thelonious Jaha.
Season 1,N/A,Eden,35,"At Least Three Unknown Insects - Accidentally committed suicide by flying into Clarke Griffin’s rover, shown in a flashback.; Eagle - Shot by Clarke Griffin with a pistol off-camera, body shown in a flashback.; Unnamed Boy - Died of radiation poisoning off-screen, body shown in a flashback.; 23 Unnamed Louwoda Kliron Kru Villagers - Died of radiation poisoning off-screen, bodies shown in a flashback.; Fish - Stabbed in the side by Madi Griffin with a spear, shown in a flashback.; Fish - Stabbed in the side by Clarke Griffin with a thrown spear, shown in a flashback.; Fish - Stabbed by Clarke Griffin with a spear off-screen, body shown in a flashback.; Baines - Shot in the side of the head by Madi Griffin with a pistol.; Jenson - Shot in the head by Clarke Griffin with a pistol.; Unnamed Male Second Dawn Bunker Inhabitant - Slashed across the chest by an unknown second dawn bunker inhabitant with a sword on the orders of Octavia Blake."
Season 1,N/A,Red Queen,28,"Two Unnamed Azgeda Warriors - Throat slashed by unknown sky people with two knives on the orders of Kara Cooper six years prior, shown in a flashback.; Unnamed Sky Man - Beaten to death by unknown grounders off-camera six years prior, screams heard in a flashback.; Unnamed Male Grounder - Stabbed in the stomach by Octavia Blake with a sword six years prior, shown in a flashback.; Unnamed Male Grounder - Slashed across the chest by Octavia Blake with a sword six years prior, shown in a flashback.; Unnamed Male Azgeda Warrior - Stabbed in the abdomen by Octavia Blake with a sword six years prior, shown in a flashback.; Unnamed Female Grounder - Slashed across the back by Octavia Blake with a sword six years prior, shown in a flashback.; Unnamed Male Grounder - Slashed across the chest by Octavia Blake with a sword six years prior, shown in a flashback.; Unnamed Male Grounder - Slashed across the back by Octavia Blake with a sword six years prior, shown in a flashback.; Unnamed Male Grounder - Stabbed in the chest by Octavia Blake with a sword six years prior, shown in a flashback.; Unnamed Male Grounder - Slashed twice across the chest by Octavia Blake with a sword six years prior, shown in a flashback.; Unnamed Male Grounder - Stabbed in the head by Octavia Blake with a sword six years prior, shown in a flashback.; Two Unnamed Grounders - Slashed to death by Octavia Blake with a sword six years prior, shown in a flashback.; Two Unnamed Azgeda Warriors - Throat slashed by Octavia Blake with a sword six years prior, shown in a flashback.; Thelonious Jaha’s Wife - Died in an unspecified manner off-screen, implied in a flashback.; Chancellor Thelonious Jaha - Bled to death after being stabbed in the stomach by an unknown Azgeda warrior with a knife six years prior, shown in a flashback.; Unnamed Male Grounder - Slashed across the chest by Kara Cooper with a sword on the orders of Octavia Blake six years prior, shown in a flashback.; Unnamed Male Second Dawn Bunker Inhabitant - Throat slashed by Kara Cooper with a sword on the orders of Octavia Blake six years prior, shown in a flashback.; Unnamed Male Second Dawn Bunker Inhabitant - Slashed across the chest by Kara Cooper with a sword on the orders of Octavia Blake six years prior, shown in a flashback.; Unnamed Male Second Dawn Bunker Inhabitant – Slashed across the face by Kara Cooper with a sword on the orders of Octavia Blake six years prior, shown in a flashback.; Unnamed Female Second Dawn Bunker Inhabitant - Slashed across the stomach by Kara Cooper with a sword on the orders of Octavia Blake six years prior, shown in a flashback.; Four Unnamed Male Second Dawn Bunker Inhabitants - Killed by Kara Cooper with a sword on the orders of Octavia Blake off-screen six years prior, shown in a flashback."
Season 1,N/A,Sleeping Giants,40,"Rabe - Shot in the head by Clarke Griffin with a sniper rifle.; Unnamed Male Eligius Prisoner - Shot in the head by Charmaine Diyoza with a pistol as a mercy kill after being stabbed in the chest with a trap set by Clarke Griffin.; 34 Unnamed Eligius Guards and Crew - Killed by Paxton McCreary, Charmaine Diyoza, Nikki, Hugo, Jenson, Baines, Rabe, Kodiak, Falk, Harris, Wayne Szybunka, Dexter, Roz Rankin, Robert, Nash, Michael Vinson, Kuba, Virgil, Hatch, Warren, Ford, McAdams, Parker, Cash, Duf, Butler, Mullen and Lawson off-screen, mentioned in a video footage.; Captain Stevens - Throat slashed by Paxton McCreary with a knife, shown in a video footage.; Kodiak - Stabbed through the abdomen by Ash/Echo with a sword and then strangled to death by Bellamy Blake with wires.; Falk - Impaled in the throat by Madi Griffin with a thrown spear."
Season 1,N/A,Pandora's Box,357,"Unnamed Male Wonkru Warrior - Slammed against a wall by an unknown wonkru warrior, causing him to get impaled through the back on a pipe on the orders of Octavia Blake.; Unnamed Female Wonkru Warrior - Bludgeoned by an unknown wonkru warrior with a giant hammer on the orders of Octavia Blake.; Unnamed Male Wonkru Warrior - Stabbed in the chest with an axe and head smashed by Marcus Kane with a giant hammer with on the orders of Octavia Blake.; 352 Unknown Second Dawn Bunker Inhabitants - Killed each other in the arena on the orders of Octavia Blake off-screen, mentioned. 386 mentioned minus 30 previously counted and minus four counted later.; Unnamed Male Wonkru Warrior - Vaporized by Wayne Szybunka with a sonic drill while he was trying to kill Octavia Blake."
Season 1,N/A,Shifting Sands,13,Obika - Eaten from inside by parasitic worms.; 11 Unnamed Wonkru Warriors - Stabbed and slashed by razor blades from a sand storm.
Season 1,N/A,Exit Wounds,4,Dexter - Blown up with a bomb set by John Murphy and Emori.; Roz Rankin - Blown up with a bomb set by John Murphy and Emori.; Unnamed Male Wonkru Defector - Shot in the back by Kara Cooper with a sniper rifle on the orders of Octavia Blake.
Season 1,N/A,Acceptable Losses,2,"Karina - Bled to death off-screen after being shot in the back by Kara Cooper with a sniper rifle on the orders of Octavia Blake, body shown."
Season 1,N/A,How We Get to Peace,1,None listed
Season 1,N/A,Sic Semper Tyrannis,17,"Unnamed Male Wonkru Guard - Stabbed in the eye by Indra with a thrown knife.; Unnamed Male Eligius Prisoner - Shot to death by an unknown eligius prisoner with an assault rifle orchestrated by John Murphy.; Unnamed Male Eligius Prisoner - Stabbed in the stomach by Paxton McCreary with a knife orchestrated by John Murphy.; Unnamed Male Eligius Prisoner - Stabbed in the back by an unknown eligius prisoner with a machete orchestrated by John Murphy.; Unnamed Male Eligius Prisoner - Slashed across the chest with a machete and then throat slashed by Paxton McCreary with a knife orchestrated by John Murphy.; Unnamed Male Eligius Prisoner - Throat slashed by an unknown eligius prisoner with a crowbar orchestrated by John Murphy.; Unnamed Male Eligius Prisoner - Shot twice in the chest by Charmaine Diyoza with a pistol orchestrated by John Murphy.; Unnamed Male Eligius Prisoner - Shot in the chest by Charmaine Diyoza with a pistol orchestrated by John Murphy.; Unnamed Male Eligius Prisoner - Stabbed to death by Paxton McCreary with a knife orchestrated by John Murphy.; Unnamed Male Eligius Prisoner - Shot to death by Charmaine Diyoza with a pistol orchestrated by John Murphy off-camera, gunshot heard.; Unnamed Male Eligius Prisoner - Shot to death by Paxton McCreary with a pistol orchestrated by John Murphy off-camera, gunshot heard.; Two Unnamed Male Eligius Prisoners - Shot in the chest by Paxton McCreary with a pistol orchestrated by John Murphy.; Unnamed Eligius Prisoner - Shot in the chest by Paxton McCreary with a pistol while being used by Charmaine Diyoza as a shield orchestrated by John Murphy.; Unnamed Male Eligius Prisoner - Shot twice in the chest by Marcus Kane with a pistol orchestrated by John Murphy.; Robert - Stabbed in the chest by Paxton McCreary with a pickaxe."
Season 1,N/A,The Warriors Will,8,"Dr. Becca Franko/Bekka Pramheda - Burned at the stake by Reese Cadogan on the orders of Bill Cadogan, shown in a flashback.; Two Unnamed Male Eligius Prisoners - Bitten on the neck by Michael Vinson.; Unnamed Male Wonkru Defector - Shot in the head by Paxton McCreary with a pistol off-camera, body shown.; Unnamed Male Wonkru Defector - Shot in the head by Paxton McCreary with a pistol.; Unnamed Female Wonkru Defector - Shot in the head by Paxton McCreary with a pistol.; Cosser - Shot in the back of the head by Paxton McCreary with a pistol."
Season 1,N/A,The Dark Year,7,"Unnamed Male Eligius Prisoner - Stabbed in the chest by Ash/Echo with a thrown knife.; Unnamed Male Eligius Prisoner - Neck snapped by Miles Shaw with a belt carrier.; Unnamed Male Eligius Prisoner - Head smashed by Miles Shaw with an assault rifle.; Kahlan’s Brother - Killed by an unknown second dawn bunker inhabitant on the orders of Octavia Blake off-screen, mentioned in a flashback.; Kahlan - Shot in the chest by Octavia Blake with a pistol after refusing to eat human flesh because of Abby Griffin, shown in a flashback.; Unnamed Female Second Dawn Bunker Inhabitant - Shot in the chest by Octavia Blake with a pistol after refusing to eat human flesh because of Abby Griffin, shown in a flashback."
Season 1,N/A,Damocles: Part 1,420,Ethan Hardy - Shot in the chest by an unknown eligius prisoner with an assault rifle on the orders of Paxton McCreary.; 415 Unnamed Wonkru Warriors - Shot to death and vaporized by unknown eligius prisoners with assault rifles and sonic drills on the orders of Paxton McCreary.; Michael Vinson - Electrocuted to death by Abby Griffin with a shock collar.; Unnamed Male Eligius Prisoner - Shot in the neck by Clarke Griffin with a pistol.; Unnamed Male Eligius Prisoner - Shot in the head by Clarke Griffin with a pistol.
Season 1,N/A,Damocles: Part 2,621,"At Least Two Unknown Eligius Prisoners - Blown up by Ash/Echo when she shot a sonic drill with an arrow using a bow, causing it to explode.; Two Unnamed Male Eligius Prisoners - Shot to death by John Murphy with a minigun.; Unnamed Female Eligius Prisoner - Shot in the chest by Ash/Echo with an arrow using a bow.; At Least 11 Unnamed Eligius Prisoners - Blown up by Bellamy Blake when he shot a sonic drill with an assault rifle, causing it to explode.; Unnamed Male Eligius Prisoners - Shot in the chest by Miles Shaw with a pistol.; Virgil - Shot in the head by Miles Shaw with a pistol.; Kuba - Killed by either Madi Griffin. Bellamy Blake, Octavia Blake, Indra, Nathan Miller, Ash/Echo, Brell or unknown wonkru warriors off-screen.; At Least 299 Unnamed Eligius Prisoners - Killed by Madi Griffin. Bellamy Blake, Octavia Blake, Indra, Nathan Miller, Ash/Echo, Brell, and unknown wonkru warriors.; At Least 300 Unnamed Wonkru Warriors - Killed by Kuba, and unknown eligius prisoners off-screen.; Paxton ""Graveyard"" McCreary - Stomped on the head by Clarke Griffin off-camera.; Harper McIntyre - Died of a genetic disorder off-screen, mentioned in a video footage."
Season 1,N/A,Sanctum,1,None listed
Season 1,N/A,Red Sun Rising,8,"Dr. Simone Lightbourne I - Stabbed in the back by Russell Lightbourne with an axe while being under the influence of the red sun toxin 236 years prior, shown in a flashback.; Josephine Ada Lightbourne I - Throat slashed by Russell Lightbourne with an axe while being under the influence of the red sun toxin 236 years prior, shown in a flashback.; Faye Lee I - Shot in the chest by Russell Lightbourne with a pistol while being under the influence of the red sun toxin 236 years prior, shown in a flashback.; Caleb Mason I - Shot in the chest by Russell Lightbourne with a pistol while being under the influence of the red sun toxin 236 years prior, shown in a flashback.; Jasmine Mason I - Shot in the head by Russell Lightbourne with a pistol while being under the influence of the red sun toxin 236 years prior, shown in a flashback.; Victor Lee VII - Shot in the chest by Charmaine Diyoza with his own pistol.; Daniel Lee VI - Shot in the chest by Charmaine Diyoza with Victor Lee’s pistol."
Season 1,N/A,The Children of Gabriel,8,"Jonathan ""John"" Murphy - Died of seaweed toxin after being drowned by Bellamy Blake while being under the influence of the red sun toxin. Resurrected by Cillian on the orders of Russell Lightbourne VII.; Unnamed Male Child of Gabriel - Stabbed in the chest by Charmaine Diyoza with a thrown knife.; Russell Lightbourne’s Sister - Died of her injuries after being bitten by Russell Lightbourne’s dog off-screen several years prior, mentioned.; Unnamed Male Child of Gabriel - Stabbed in the chest by Octavia Blake with a sword.; Unnamed Male Child of Gabriel - Slashed across the chest by Octavia Blake with a sword.; Unnamed Male Child of Gabriel - Stabbed in the chest by Octavia Blake with a sword.; Unnamed Male Child of Gabriel - Stabbed in the chest by Octavia Blake with a sword off-camera."
Season 1,N/A,The Face Behind the Glass,140,"Four Unnamed Male Children of Gabriel - Shot to death by Charmaine Diyoza with a pistol.; Rose - Shot in the chest by Tosh with a pistol.; Tosh - Neck snapped by Octavia Blake.; Delilah Janice Workman - Mind wiped out by either Russell Lightbourne VII, Simone Lightbourne VI, Ryker Desai IX, Jasmine Mason VII, Miranda Mason VIII or Kaylee Lee VII off-screen.; Cillian - Committed suicide by slitting his own throat with a knife.; Ash/Echo’s Father - Killed by unknown Azgeda warriors on the orders of Queen Nia off-screen several years prior, mentioned.; Ash/Echo’s Mother - Killed by unknown Azgeda warriors on the orders of Queen Nia off-screen several years prior, mentioned.; Unnamed Man - Killed by unknown Azgeda warriors on the orders of Queen Nia off-screen several years prior, mentioned.; Russell Lightbourne I - Died in an unspecified manner off-screen, skeleton shown.; Russell Lightbourne II - Died in an unspecified manner off-screen, skeleton shown.; Russell Lightbourne III - Died in an unspecified manner off-screen, skeleton shown.; Russell Lightbourne IV - Died in an unspecified manner off-screen, skeleton shown.; Russell Lightbourne V - Died in an unspecified manner off-screen, skeleton shown.; Russell Lightbourne VI - Died in an unspecified manner off-screen, skeleton shown.; Simone Lightbourne II - Died in an unspecified manner off-screen, skeleton shown.; Simone Lightbourne III - Died in an unspecified manner off-screen, skeleton shown.; Simone Lightbourne IV - Died in an unspecified manner off-screen, skeleton shown.; Simone Lightbourne V - Died in an unspecified manner off-screen, skeleton shown.; Josephine Lightbourne II - Died in an unspecified manner off-screen, skeleton shown.; Josephine Ada Lightbourne III - Died in an unspecified manner off-screen, skeleton shown.; Josephine Ada Lightbourne IV - Died in an unspecified manner off-screen, skeleton shown.; Josephine Ada Lightbourne V - Died in an unspecified manner off-screen, skeleton shown.; Josephine Ada Lightbourne VI - Died in an unspecified manner off-screen, skeleton shown.; Ryker Desai I - Killed by Russell Lightbourne while being under the influence of the red sun toxin off-screen, skeleton shown.; Ryker Desai II - Died in an unspecified manner off-screen, skeleton shown.; Ryker Desai III - Died in an unspecified manner off-screen, skeleton shown.; Ryker Desai IV - Died in an unspecified manner off-screen, skeleton shown.; Ryker Desai V - Died in an unspecified manner off-screen, skeleton shown.; Ryker Desai VI - Died in an unspecified manner off-screen, skeleton shown.; Ryker Desai VII - Died in an unspecified manner off-screen, skeleton shown.; Ryker Desai VIII - Died in an unspecified manner off-screen, skeleton shown.; Priya Desai I - Killed by Russell Lightbourne while being under the influence of the red sun toxin off-screen, skeleton shown.; Priya Desai II - Died in an unspecified manner off-screen, skeleton shown.; Priya Desai III - Died in an unspecified manner off-screen, skeleton shown.; Priya Desai IV - Died in an unspecified manner off-screen, skeleton shown.; Priya Desai V - Died in an unspecified manner off-screen, skeleton shown.; Priya Desai VI - Died in an unspecified manner off-screen, skeleton shown.; Caleb Mason II - Died in an unspecified manner off-screen, skeleton shown.; Caleb Mason III - Died in an unspecified manner off-screen, skeleton shown.; Caleb Mason IV - Died in an unspecified manner off-screen, skeleton shown.; Caleb Mason V - Died in an unspecified manner off-screen, skeleton shown.; Caleb Mason VI - Died in an unspecified manner off-screen, skeleton shown.; Jasmine Mason II - Died in an unspecified manner off-screen, skeleton shown.; Jasmine Mason III - Died in an unspecified manner off-screen, skeleton shown.; Jasmine Mason IV - Died in an unspecified manner off-screen, skeleton shown.; Jasmine Mason V - Died in an unspecified manner off-screen, skeleton shown.; Jasmine Mason VI - Died in an unspecified manner off-screen, skeleton shown.; Miranda Mason I - Killed by Russell Lightbourne while being under the influence of the red sun toxin off-screen, skeleton shown.; Miranda Mason II - Died in an unspecified manner off-screen, skeleton shown.; Miranda Mason III - Died in an unspecified manner off-screen, skeleton shown.; Miranda Mason IV - Died in an unspecified manner off-screen, skeleton shown.; Miranda Mason V - Died in an unspecified manner off-screen, skeleton shown.; Miranda Mason VI - Died in an unspecified manner off-screen, skeleton shown.; Miranda Mason VII - Died in an unspecified manner off-screen, skeleton shown.; Victor Lee I - Killed by Russell Lightbourne while being under the influence of the red sun toxin off-screen, skeleton shown.; Victor Lee II - Died in an unspecified manner off-screen, skeleton shown.; Victor Lee III - Died in an unspecified manner off-screen, skeleton shown.; Victor Lee IV - Died in an unspecified manner off-screen, skeleton shown.; Victor Lee V - Died in an unspecified manner off-screen, skeleton shown.; Victor Lee VI - Died in an unspecified manner off-screen, skeleton shown.; Faye Lee II - Died in an unspecified manner off-screen, skeleton shown.; Faye Lee III - Died in an unspecified manner off-screen, skeleton shown.; Faye Lee IV - Died in an unspecified manner off-screen, skeleton shown.; Faye Lee V - Died in an unspecified manner off-screen, skeleton shown.; Faye Lee VI - Died in an unspecified manner off-screen, skeleton shown.; Daniel Lee I - Killed by Russell Lightbourne while being under the influence of the red sun toxin off-screen, skeleton shown.; Daniel Lee II - Died in an unspecified manner off-screen, skeleton shown.; Daniel Lee III - Died in an unspecified manner off-screen, skeleton shown.; Daniel Lee IV - Died in an unspecified manner off-screen, skeleton shown.; Daniel Lee V - Died in an unspecified manner off-screen, skeleton shown.; Kaylee Lee I - Killed by Russell Lightbourne while being under the influence of the red sun toxin off-screen, skeleton shown.; Kaylee Lee II - Died in an unspecified manner off-screen, skeleton shown.; Kaylee Lee III - Died in an unspecified manner off-screen, skeleton shown.; Kaylee Lee IV - Died in an unspecified manner off-screen, skeleton shown.; Kaylee Lee V - Died in an unspecified manner off-screen, skeleton shown.; Kaylee Lee VI - Died in an unspecified manner off-screen, skeleton shown."
Season 1,N/A,The Gospel of Josephine,2,Kaylee Lee VII - Stabbed in the neck by Josephine Lightbourne VIII with a knife.
Season 1,N/A,Memento Mori,6,"Joaquin - Head crushed by Ash/Echo with a rock as a mercy kill.; Unknown Flamekeeper - Killed by Sheidheda off-screen several years prior, mentioned.; Faye Lee - Consciousness deleted by Simone Lightbourne.; Victor Lee - Consciousness deleted by Simone Lightbourne.; Daniel Lee - Consciousness deleted by Simone Lightbourne."
Season 1,N/A,Nevermind,5,"Josephine Ada Lightbourne VII - Fell to her death after being thrown from a window by Kaylee Lee, shown in a flashback.; Dr. Gabriel Santiago I - Died of cancer off-screen, mentioned.; Isaac - Throat slashed by Josephine Lightbourne VII with a knife, shown in a flashback.; Baby Tai Jr. - Killed by Josephine Lightbourne VII off-screen, shown in a flashback."
Season 1,N/A,The Old Man and the Anomaly,6,"Gavin - Mind wiped out by Jade with his consent.; Xavier - Mind wiped out by Eduardo off-screen, mentioned.; Eduardo - Killed by Gabriel Santiago off-screen, mentioned.; Miranda Mason’s Lover - Throat slashed by Madi Griffin with a knife off-screen, body shown.; Miranda Mason VIII - Stabbed through the back of the neck by Madi Griffin with a knife."
Season 1,N/A,What You Take With You,5,"Unknown Child of Gabriel - Died in an unspecified manner off-screen, skeleton shown.; Unnamed Male Child of Gabriel - Throat slashed by Clarke Griffin with a machete.; Unnamed Female Child of Gabriel - Throat slashed by Clarke Griffin with a machete.; Jericho - Shot in the chest by Jade with an assault rifle."
Season 1,N/A,Matryoshka,11,"Queen Simone Lightbourne VI - Stabbed in the throat by Tai Sr. with a broken piece of glass.; Four Unnamed Male Sanctum Guards - Shot in the chest by Bellamy Blake with a pistol.; Two Unknown Flamekeepers - Killed by Sheidheda off-screen, mentioned. Three mentioned minus one previously counted.; Commander Malachi kom Sangedakru/Sheidheda I - Killed by his fourth flamekeeper off-screen, mentioned.; Tai Sr. - Burned at the stake by Russell Lightbourne VII.; Princess Clarke Griffin/Wanheda/Klark kom Skaikru - Heart stopped when she was injected by Gabriel Santiago with an unknown liquid. Revived."
Season 1,N/A,Ashes to Ashes,3,"Unnamed Male Sangedakru Spy - Shot in the back by Queen Nia with an arrow using a bow, shown in a flashback.; Echo Kom Azgedakru - Stabbed in the stomach by Ash/Echo with an arrow, shown in a flashback."
Season 1,N/A,Adjustment Protocol,5,"Jade - Mind wiped out by Russell Lightbourne VII off-screen.; Sierra - Mind wiped out by Russell Lightbourne VII off-screen.; Bryson - Mind wiped out by Russell Lightbourne VII off-screen.; Dr. Abigail ""Abby"" Griffin - Mind wiped out by Russell Lightbourne VII."
Season 1,N/A,The Blood of Sanctum,13,Five Unnamed Wonkru Warriors - Shot to death by unknown Sanctum guards with pistols.; Layla - Throat slashed by Tory with a knife.; Jasmine Mason VII - Floated into space by Clarke Griffin.; Miranda Mason IX - Floated into space by Clarke Griffin.; Caleb Mason VII - Floated into space by Clarke Griffin.; Two Unnamed Sanctum Guards - Floated into space by Clarke Griffin.; Queen Simone Lightbourne VII - Floated into space by Clarke Griffin.
Season 1,N/A,From the Ashes,6,"Priya Desai - Consciousness destroyed after her mind drive was smashed by Russell Lightbourne with his shackles.; Gaia’s Father - Died in an unspecified manner off-screen, mentioned.; Two Unnamed Male Disciples - Shot in the chest by Ash/Echo with a snipe rifle.; Unnamed Male Disciple - Shot in the head by Ash/Echo with a snipe rifle."
Season 1,N/A,The Garden,5,"Three Unknown People - Died when their transport ship crashed on Skyring off-screen, skeletons shown.; Dr. Colin Benson - Died in an unspecified manner off-screen, skeleton shown."
Season 1,N/A,False Gods,9,"James Crockett - Accidentally committed suicide by exposing himself to radiation while he was trying to fix the Nuclear Reactor.; Cora - Died of radiation poisoning after he was accidentally exposed to radiation by James Crockett while he was trying to fix the Nuclear Reactor.; Tobin - Beaten to death by Trey and unknown members of the Faithful.; Two Unknown Police Officers - Shot to death by Nikki off-screen, mentioned.; Three Unnamed Male Eligius Prisoners - Died of radiation poisoning after they were exposed to radiation while they were trying to fix the Nuclear Reactor."
Season 1,N/A,Hesperides,18,"Unnamed Female Disciple - Stabbed in the neck by Dev with a thrown knife, shown in a flashback.; Unnamed Male Disciple - Neck snapped by Dev, shown in a flashback.; Unnamed Male Disciple - Blown up by Dev when he triggered his grenade, shown in a flashback.; Dev - Bled to death after being stabbed through the back by an unknown disciple with a knife on the orders of Anders, shown in a flashback.; Unnamed Female Disciple - Stabbed in the neck by Hope Diyoza with her own knife.; Two Unnamed Male Disciples - Throat slashed by Ash/Echo with a knife.; Two Unnamed Male Disciples - Stabbed in the chest by Ash/Echo with a knife.; Orlando - Committed suicide by hanging himself off-screen, mentioned.; Seven Unnamed Male Disciples - Shot in the back by Raven Reyes with an energy weapon."
Season 1,N/A,Welcome to Bardo,8,"Klara - Committed suicide by burning herself with gasoline.; Unnamed Male Disciple - Throat slashed by Hope Diyoza with a knife.; Unnamed Female Disciple - Throat slashed by Hope Diyoza with a knife.; Unnamed Male Disciple - Stabbed in the chest by Hope Diyoza with a knife.; Two Unknown Disciples - Stabbed to death by Bellamy Blake with a knife off-screen, bodies shown in a flashback.; Unnamed Male Disciple - Committed suicide by blowing himself up with a sonic grenade while he was trying to kill Bellamy Blake, shown in a flashback."
Season 1,N/A,Nakara,6,"Unnamed Male Disciple - Bled to death after being bitten on the neck by Charmaine Diyoza.; Unknown Person - Died in an unspecified manner off-screen, body shown.; Unnamed Male Disciple - Throat slashed by Charmaine Diyoza with a knife.; Unnamed Male Disciple - Stabbed in the chest by Charmaine Diyoza with a knife.; Scar - Stabbed in the neck by Charmaine Diyoza with a knife."
Season 1,N/A,The Queen's Gambit,3,"Both of Madi Griffin’s Parents - Incinerated by the death wave off-screen, implied."
Season 1,N/A,Anaconda,25,"20 Unknown Second Dawn Bunker Inhabitants - Committed suicide in an unspecified manner off-screen over six months, mentioned in a flashback.; Tristan - Died in an unspecified manner off-screen.; August - Died in an unspecified manner off-screen.; Grace Cadogan - Died in an unspecified manner off-screen.; Reese Cadogan - Died in an unspecified manner off-screen."
Season 1,N/A,The Flock,33,"Unnamed Male Child of Gabriel - Shot in the chest by Penn with an assault rifle.; Unnamed Male Eligius Prisoner - Shot in the chest by an unknown Wonkru warrior with an assault rifle.; Unnamed Male Child of Gabriel - Shot in the chest by an unknown Wonkru warrior with an assault rifle.; Zev - Stabbed to death by Sheidheda with a candlestick off-camera, body shown.; Alyssa - Stabbed to death by Sheidheda with a candlestick off-camera, body shown.; Both of Luca’s Parents - Stabbed to death by Sheidheda with a candlestick off-camera, bodies shown."
Season 1,N/A,A Little Sacrifice,7,"Unnamed Female Disciple - Stabbed through the back of the head by Ash/Echo with a knife.; Gabriel Santiago’s Mother - Died in an unspecified manner off-screen, implied.; Gabriel Santiago’s Grandmother - Died in an unspecified manner off-screen, implied.; Two Unknown Disciples - Killed by Ash/Echo in an unspecified manner off-screen, mentioned.; Anders - Throat slashed by Hope Diyoza with a knife."
Season 1,N/A,Etherea,1,None listed
Season 1,N/A,The Stranger,22,21 Unnamed Children of Gabriel - Shot to death by Sheidheda with a rifle.
Season 1,N/A,Blood Giant,24,Eight Unnamed Wonkru Warriors - Shot to death by unknown disciples with ray guns on the orders of Bill Cadogan.; Otis - Shot in the chest by an unknown disciple with a ray gun on the orders of Bill Cadogan.; Two Unnamed Male Wonkru Warriors - Devoured by Sanctum bugs because of Emori.; Knight - Devoured by Sanctum bugs because of Emori.; Musgrave - Stabbed in the back by Hull with a knife while being under the influence of the red sun toxin.; Hull - Stabbed in the neck by Indra with a knife.; Unnamed Male Disciple - Chest slashed by Indra with a knife.; Unnamed Male Disciple - Neck snapped by Indra.; Unnamed Male Disciple - Decapitated by Indra with a sword.; A.L.I.E. 2.0/Spirit of the Commander - Shot and destroyed by Gabriel Santiago with a pistol.; Dr. Becca Franko/Bekka Pramheda - Consciousness destroyed after Gabriel Santiago destroyed A.L.I.E. 2.0.; Commander Lexa kom Trikru - Consciousness destroyed after Gabriel Santiago destroyed A.L.I.E. 2.0.; Doucette - Shot in the chest by Clarke Griffin with a pistol.; Unnamed Male Disciple - Shot in the chest by Clarke Griffin with a pistol.; Bellamy Blake - Shot in the chest by Clarke Griffin with a pistol.
Season 1,N/A,A Sort of Homecoming,2,"Unnamed Male Disciple - Head smashed by Gaia with a pipe, shown in a flashback."
Season 1,N/A,The Dying of the Light,15,Two Unnamed Male Disciples - Shot in the chest by Sheidheda with a rifle orchestrated by Clarke Griffin.; Unnamed Male Disciple - Shot to death by unknown disciples with rifles after being used as a shield by Sheidheda orchestrated by Clarke Griffin.
Season 1,N/A,The Last War,30,"Four Unnamed Male Disciples - Blown up by Clarke Griffin with two sonic grenades.; Seven Unnamed Male Disciples - Shot in the chest and head by Clarke Griffin with two pistols.; Unnamed Female Disciple - Shot in the chest by Clarke Griffin with a pistol.; William ""Bill"" Cadogan/The Shephard - Shot through the back of the head by Clarke Griffin with a pistol.; Emori - Died of her injuries after being impaled on a rubble when the second dawn bunker was blown up by an unknown disciple on the orders of Bill Cadogan. Reborn after she transcended.; Unnamed Female Wonkru Warrior - Shot in the chest by an unknown disciple with a rifle orchestrated by Sheidheda.; Two Unnamed Male Wonkru Warriors - Shot in the chest by unknown disciples with a rifles orchestrated by Sheidheda.; 12 Unnamed Disciples - Shot to death by unknown wonkru warriors and unknown eligiius prisoners with assault rifles orchestrated by Sheidheda."
Season 1,N/A,By Season,0,None listed
Season 1,N/A,Season 1,2460,"2,453 Humans 2,357 Victims of Unknown Gender 77 Men 18 Women; 2,357 Victims of Unknown Gender; 77 Men; 18 Women; 7 Animals 4 Rabbits 1 Black Panther 1 Fish 1 Animal of Unknown Species; 4 Rabbits; 1 Black Panther; 1 Fish; 1 Animal of Unknown Species"
Season 1,N/A,Season 2,832,824 Humans 350 Victims of Unknown Gender 284 Men 190 Women; 350 Victims of Unknown Gender; 284 Men; 190 Women; 7 Animals 3 Pigs 1 Moose 1 Deer 1 Wild Boar 1 Horse; 3 Pigs; 1 Moose; 1 Deer; 1 Wild Boar; 1 Horse; 1 Insect All Cockroaches; All Cockroaches
Season 1,N/A,Season 3,11000000594,"11,000,000,583 Humans 11,000,000,491 Victims of Unknown Gender 73 Men 19 Women; 11,000,000,491 Victims of Unknown Gender; 73 Men; 19 Women; 10 Animals 6 Fish 2 Animals of Unknown Species 1 Black Panther 1 Rabbit; 6 Fish; 2 Animals of Unknown Species; 1 Black Panther; 1 Rabbit; 1 Artificial Intelligence All Women; All Women"
Season 1,N/A,Season 4,530,528 Humans 443 Victims of Unknown Gender 70 Men 15 Women; 443 Victims of Unknown Gender; 70 Men; 15 Women; 2 Animals 1 Horses 1 Mutated Gorilla; 1 Horses; 1 Mutated Gorilla
Season 1,N/A,Season 5,1558,"1,551 Humans 1,447 Victims of Unknown Gender 88 Men 15 Women; 1,447 Victims of Unknown Gender; 88 Men; 15 Women; 4 Animals 3 Fish 1 Eagle; 3 Fish; 1 Eagle; 3 Insects All Insects of Unknown Species; All Insects of Unknown Species"
Season 1,N/A,Season 6,213,75 Men; 70 Victims of Unknown Gender; 68 Women
Season 1,N/A,Season 7,214,212 Humans 109 Victims of Unknown Gender 84 Men 19 Women; 109 Victims of Unknown Gender; 84 Men; 19 Women; 1 Insect All Insects of Unknown Species; All Insects of Unknown Species; 1 Artificial Intelligence All Women; All Women
Season 1,N/A,Overall,0,None listed
Season 1,N/A,Animals,30,9 Fish; 5 Rabbits; 3 Animals of Unknown Species; 3 Pigs; 2 Black Panthers; 2 Horses; 1 Fish; 1 Moose; 1 Wild Boar; 1 Deer; 1 Mutated Gorilla; 1 Eagle
Season 1,N/A,Azgeda Clan,40,34 Men; 6 Women
Season 1,N/A,A.L.I.E.'s Cult,45,44 Humans 33 Men 6 Victims of Unknown Gender 5 Women; 33 Men; 6 Victims of Unknown Gender; 5 Women; 1 Artificial Intelligence All Women; All Women
Season 1,N/A,Civilians,11000000147,"11,000,000,106 Victims of Unknown Gender; 19 Men; 19 Women"
Season 1,N/A,Children of Gabriel,43,22 Victims of Unknown Gender; 18 Men; 3 Women
Season 1,N/A,Disciples,90,56 Men; 28 Victims of Unknown Gender; 6 Women
Season 1,N/A,Eligius Prisoners,357,312 Victims of Unknown Gender; 44 Men; 3 Women
Season 1,N/A,Floukru Clan,54,46 Victims of Unknown Gender; 5 Men; 3 Women
Season 1,N/A,Insects,5,4 Insects of Unknown Species; 1 Cockroaches
Season 1,N/A,Louwoda Kliron Kru,29,23 Victims of Unknown Gender; 4 Men; 2 Women
Season 1,N/A,Mountain Men,489,77 Victims of Unknown Gender; 232 Men; 180 Women
Season 1,N/A,Nomadic Grounders,11,4 Victims of Unknown Gender; 4 Men; 3 Women
Season 1,N/A,Sky People,3117,"2,963 Victims of Unknown Gender; 115 Men; 39 Women"
Season 1,N/A,Sangedakru Clan,7,All Men
Season 1,N/A,Trikru Clan,711,637 Victims of Unknown Gender; 66 Men; 9 Women
Season 1,N/A,The Primes,94,55 Women; 39 Men
Season 1,N/A,Trishanakru Clan,8,6 Men; 2 Women
Season 1,N/A,Wonkru Clan,1124,"1,095 Victims of Unknown Gender; 24 Men; 5 Women"
Season 1,N/A,Unknown Groups,216,167 Victims of Unknown Gender; 44 Men; 5 Women
Season 1,N/A,General,9,"Every person that died in section 17 will be counted as a proxy kill towards Bellamy Blake since he is the reason that they died.; After the pilot episode, Kelly Hu who portrays Callie Cartwig was forced to leave the show due to budget restraints , so in-universe it was implied that she had died to explain her disappearance.; Even if Finn wasn't an antagonist it will be listed in bold and italics since he killed innocent villagers who includes children and elderly people who were unarmed.; All of the 250 Grounders and sky people that died during the missile attack will be counted as kills towards Clarke and Lexa since they known about the attack but they refused to warn them.; Here are several reasons why Steve Talley didn't return for season three of The 100 Steve Talley who portrays Kyle Wick was forced to leave the show because of several rumors about him .; All of the kills that were committed by the Azgeda warriors will be proxy kills towards Queen Nia, since she is the ruler of the Azgeda clan and most likely she is giving the orders to her warriors.; All of the people that died in the nuclear apocalypse will be proxy kill towards Becca Franko since she is the one who created A.L.I.E.; All of the people killed by A.L.I.E.'s drones will be counted as proxy kills towards A.L.I.E. since she is the one who programmed  them to kill everyone who enters Becca's island.; When a person transcended will not be counted as a death since they don’t actually die, their consciousness became a part of the universe, exiting beyond their human form, and they don’t feel any pain and they will never die."
Season 1,N/A,By Group,0,None listed
Season 1,N/A,The Trikru Clan,1,The Tondc Villagers will be listed in the group deaths section at the Trikru clan since they are apart of them.
Season 1,N/A,Season 1,3,In Episode “Earth Skills” Atom mentioned that the guy who Octavia took to the dropship was arrested for murder but it is not mentioned how many people he killed so none of them will be counted.; In Episode “Unity Day” Anya mentioned that the flares launched by the delinquents burned a village but it is not said how many grounders died so none of them will be counted.; For the episode “We Are Grounders: Part 2” i used this video to have an approximate number for how many people died when their station exploded and crashed while re-entering the earth's atmosphere.
Season 1,N/A,Season 2,3,"In episode ""Survival of the Fittest"" it is shown in Pauna’s lair several human and animals remains but since it is nearly impossible to tell how many they are none of them will be counted.; In episode ""Blood Must Have Blood: Part 1"" Lexa and her guards killed several of Cage's shooters off-screen but since it is not shown how many she killed or mentioned none of them will be counted.; In Episode ""Blood Must Have Blood: Part 2"" it is mentioned that several mount weather guards and sky people killed each other but it is not said of how many that includes so only Sargent Langston will be counted."
Season 1,N/A,Season 3,1,"It episode ""Thirteen"" it was shown in a flashback that the thirteen station was blown up and every crew member died but it is not shown or mentioned of how many crew members died so only Peri and Cole will be counted."
Season 1,N/A,Season 4,4,"In episode “The Four Horsemen” it is mentioned that several fish died from the acute radiation sickness but the exact number it is not said so none of them will be counted.; In episode “The Four Horsemen” it is shown in the Second Dawn bunker hundreds of human skeletons but since it is nearly impossible to tell how many they were none of them will be counted.; In episode ""God Complex"" at the end of the episode we hear the Azgeda warriors, and Trikru warriors fighting each other but since we don't actually see the fight it is impossible to say how many died so none of them will be counted.; In episode ""Praimfaya"" it is not mentioned or shown the exact number of how many people actually died in the second nuclear apocalypse so none of them will be counted."
Season 1,N/A,Season 5,2,In episode “Pandora's Box” it is mentioned that Charmaine Diyoza killed hundreds of people in the bombing but the exact number it is not said so none of them will be counted.; In episode “How We Get to Peace” it is mentioned that Michael Vinson killed several people and kept their heads and feet as mementos but the exact number it is not said so none of them will be counted.
Season 1,N/A,Season 6,3,"In Episode ""Sanctum"" it is shown hundreds of bugs getting vaporized by a radiation shield but since it is nearly impossible to tell how many they were, none of them will be counted.; In Episode ""What You Take With You"" it is shown that Octavia Blake is killed her evil self Blodreina but this will not be counted because it is not real it was just an hallucination.; In episode “The Blood of Sanctum” is mentioned that Sheidheda killed hundreds of villagers and their families but the exact number it is not said so none of them will be counted."
Season 1,N/A,Season 7,1,In episode “False Gods” it is mentioned that Hutch and Nikki killed several hostages during a bank robber but the exact number it is not said so none of them will be counted.
