cost_ratio,threshold,loss,FN,FP
0.5,0.05,0.6477987421383647,0,8137
0.5,0.06,0.6445346708064644,0,8096
0.5,0.07,0.638961866093464,0,8026
0.5,0.08,0.630682270519863,0,7922
0.5,0.09,0.6228007324257623,2,7822
0.5,0.1,0.6161929782660616,4,7738
0.5,0.11,0.6106201735530611,6,7667
0.5,0.12,0.6063211527744606,10,7611
0.5,0.13,0.6004299020778601,16,7534
0.5,0.14,0.5951755433484596,24,7464
0.5,0.15,0.5893240983998089,43,7381
0.5,0.16,0.5826367327442082,59,7289
0.5,0.17,0.5760687843324576,74,7199
0.5,0.18,0.5708542313510071,89,7126
0.5,0.19,0.5648037576626065,101,7044
0.5,0.2,0.5584746437385558,114,6958
0.5,0.21,0.5529018390255553,124,6883
0.5,0.22,0.5475280630523047,137,6809
0.5,0.23,0.5417164238516041,147,6731
0.5,0.24,0.5352678926837036,161,6643
0.5,0.25,0.5286601385240028,181,6550
0.5,0.26,0.5230873338110024,187,6477
0.5,0.27,0.5173951118541518,204,6397
0.5,0.28,0.509672796751851,214,6295
0.5,0.29,0.5014728126741501,224,6187
0.5,0.3,0.4928349653689993,233,6074
0.5,0.31,0.48511265026669853,243,5972
0.5,0.32,0.47854470185494785,256,5883
0.5,0.33,0.47249422816654724,274,5798
0.5,0.34,0.4659660855027466,292,5707
0.5,0.35,0.4590000796114959,321,5605
0.5,0.36,0.4518748507284452,342,5505
0.5,0.37,0.4447894275933445,366,5404
0.5,0.38,0.43647002627179365,397,5284
0.5,0.39,0.4279117904625428,436,5157
0.5,0.4,0.4192739431573919,467,5033
0.5,0.41,0.410277844120691,513,4897
0.5,0.42,0.39996815540164,560,4744
0.5,0.43,0.3920468115595892,627,4611
0.5,0.44,0.3816177055966882,697,4445
0.5,0.45,0.37059151341453705,764,4273
0.5,0.46,0.35864978902953587,836,4087
0.5,0.47,0.3489769922776849,901,3933
0.5,0.48,0.33743332537218373,991,3743
0.5,0.49,0.32648674468593264,1084,3559
0.5,0.5,0.3120770639280312,1192,3324
0.5,0.51,0.30049359127458003,1307,3121
0.5,0.52,0.29149749223787913,1425,2949
0.5,0.53,0.28074994029137806,1531,2761
0.5,0.54,0.2711169492874771,1639,2586
0.5,0.55,0.26152376403152616,1770,2400
0.5,0.56,0.2528859167263753,1893,2230
0.5,0.57,0.2427752567470743,2021,2039
0.5,0.58,0.23409760369397342,2159,1861
0.5,0.59,0.22557917363267255,2285,1691
0.5,0.6,0.21877239073322188,2426,1535
0.5,0.61,0.21288114003662129,2566,1391
0.5,0.62,0.2069102778441207,2708,1245
0.5,0.63,0.20042194092827004,2851,1092
0.5,0.64,0.19612292014966962,2997,965
0.5,0.65,0.19381418676856937,3157,856
0.5,0.66,0.190032640713319,3294,740
0.5,0.67,0.1879229360719688,3427,647
0.5,0.68,0.1860520659183186,3558,558
0.5,0.69,0.18223071411511824,3654,462
0.5,0.7,0.18143459915611815,3782,388
0.5,0.71,0.17928508876681792,3896,304
0.5,0.72,0.17713557837751773,3978,236
0.5,0.73,0.1757821829472176,4058,179
0.5,0.74,0.1749462622402675,4143,126
0.5,0.75,0.17502587373616751,4213,92
0.5,0.76,0.17502587373616751,4263,67
0.5,0.77,0.17474723350051746,4302,44
0.5,0.78,0.17450839901281745,4322,31
0.5,0.79,0.17418995302921741,4344,16
0.5,0.8,0.1741501472812674,4359,8
0.5,0.81,0.17422975877716743,4369,4
0.5,0.82,0.17446859326486744,4379,2
0.5,0.83,0.17458801050871744,4382,2
0.5,0.84,0.17466762200461747,4386,1
0.5,0.85,0.17470742775256748,4389,0
0.5,0.86,0.17478703924846747,4391,0
0.5,0.87,0.17482684499641749,4392,0
0.5,0.88,0.17482684499641749,4392,0
0.5,0.89,0.1748666507443675,4393,0
0.5,0.9,0.1748666507443675,4393,0
0.5,0.91,0.1748666507443675,4393,0
0.5,0.92,0.1748666507443675,4393,0
0.5,0.93,0.1748666507443675,4393,0
0.5,0.94,0.1748666507443675,4393,0
0.5,0.95,0.1748666507443675,4393,0
1.0,0.05,0.6477987421383647,0,8137
1.0,0.06,0.6445346708064644,0,8096
1.0,0.07,0.638961866093464,0,8026
1.0,0.08,0.630682270519863,0,7922
1.0,0.09,0.6228803439216622,2,7822
1.0,0.1,0.6163522012578616,4,7738
1.0,0.11,0.6108590080407611,6,7667
1.0,0.12,0.6067192102539607,10,7611
1.0,0.13,0.6010667940450601,16,7534
1.0,0.14,0.5961308812992596,24,7464
1.0,0.15,0.591035745561659,43,7381
1.0,0.16,0.5849852718732585,59,7289
1.0,0.17,0.5790144096807579,74,7199
1.0,0.18,0.5743969429185575,89,7126
1.0,0.19,0.5688241382055569,101,7044
1.0,0.2,0.5630124990048563,114,6958
1.0,0.21,0.5578377517713557,124,6883
1.0,0.22,0.5529814505214553,137,6809
1.0,0.23,0.5475678688002548,147,6731
1.0,0.24,0.5416766181036542,161,6643
1.0,0.25,0.5358649789029536,181,6550
1.0,0.26,0.530531008677653,187,6477
1.0,0.27,0.5255154844359525,204,6397
1.0,0.28,0.5181912268131518,214,6295
1.0,0.29,0.510389300214951,224,6187
1.0,0.3,0.5021097046413502,233,6074
1.0,0.31,0.4947854470185495,243,5972
1.0,0.32,0.48873497333014887,256,5883
1.0,0.33,0.48340100310484835,274,5798
1.0,0.34,0.47758936390414775,292,5707
1.0,0.35,0.4717777247034472,321,5605
1.0,0.36,0.46548841652734657,342,5505
1.0,0.37,0.45935833134304593,366,5404
1.0,0.38,0.45227290820794525,397,5284
1.0,0.39,0.4452670965687445,436,5157
1.0,0.4,0.4378632274500438,467,5033
1.0,0.41,0.4306981928190431,513,4897
1.0,0.42,0.42225937425364224,560,4744
1.0,0.43,0.4170050155242417,627,4611
1.0,0.44,0.40936231191784095,697,4445
1.0,0.45,0.4010031048483401,764,4273
1.0,0.46,0.3919273943157392,836,4087
1.0,0.47,0.3848419711806385,901,3933
1.0,0.48,0.3768808215906377,991,3743
1.0,0.49,0.36963617546373695,1084,3559
1.0,0.5,0.35952551548443595,1192,3324
1.0,0.51,0.35251970384523523,1307,3121
1.0,0.52,0.34822068306663484,1425,2949
1.0,0.53,0.34169254040283414,1531,2761
1.0,0.54,0.3363585701775336,1639,2586
1.0,0.55,0.3319799379030332,1770,2400
1.0,0.56,0.3282381975957328,1893,2230
1.0,0.57,0.3232226733540323,2021,2039
1.0,0.58,0.320038213518032,2159,1861
1.0,0.59,0.31653530769843163,2285,1691
1.0,0.6,0.3153411352599315,2426,1535
1.0,0.61,0.3150226892763315,2566,1391
1.0,0.62,0.31470424329273144,2708,1245
1.0,0.63,0.3139081283337314,2851,1092
1.0,0.64,0.31542074675583154,2997,965
1.0,0.65,0.319480933046732,3157,856
1.0,0.66,0.3211527744606321,3294,740
1.0,0.67,0.3243372342966324,3427,647
1.0,0.68,0.32768091712443276,3558,558
1.0,0.69,0.32768091712443276,3654,462
1.0,0.7,0.3319799379030332,3782,388
1.0,0.71,0.33436828278003344,3896,304
1.0,0.72,0.33548284372263354,3978,236
1.0,0.73,0.33731390812833373,4058,179
1.0,0.74,0.339861475997134,4143,126
1.0,0.75,0.3427274898495343,4213,92
1.0,0.76,0.34471777724703445,4263,67
1.0,0.77,0.3459915611814346,4302,44
1.0,0.78,0.34654884165273464,4322,31
1.0,0.79,0.3471061221240347,4344,16
1.0,0.8,0.3476634025953348,4359,8
1.0,0.81,0.3481410715707348,4369,4
1.0,0.82,0.3487779635379349,4379,2
1.0,0.83,0.3490167980256349,4382,2
1.0,0.84,0.3492556325133349,4386,1
1.0,0.85,0.34941485550513496,4389,0
1.0,0.86,0.34957407849693495,4391,0
1.0,0.87,0.34965368999283497,4392,0
1.0,0.88,0.34965368999283497,4392,0
1.0,0.89,0.349733301488735,4393,0
1.0,0.9,0.349733301488735,4393,0
1.0,0.91,0.349733301488735,4393,0
1.0,0.92,0.349733301488735,4393,0
1.0,0.93,0.349733301488735,4393,0
1.0,0.94,0.349733301488735,4393,0
1.0,0.95,0.349733301488735,4393,0
2.0,0.05,0.6477987421383647,0,8137
2.0,0.06,0.6445346708064644,0,8096
2.0,0.07,0.638961866093464,0,8026
2.0,0.08,0.630682270519863,0,7922
2.0,0.09,0.6230395669134623,2,7822
2.0,0.1,0.6166706472414617,4,7738
2.0,0.11,0.6113366770161611,6,7667
2.0,0.12,0.6075153252129607,10,7611
2.0,0.13,0.6023405779794603,16,7534
2.0,0.14,0.5980415572008598,24,7464
2.0,0.15,0.5944590398853594,43,7381
2.0,0.16,0.589682350131359,59,7289
2.0,0.17,0.5849056603773585,74,7199
2.0,0.18,0.5814823660536581,89,7126
2.0,0.19,0.5768648992914577,101,7044
2.0,0.2,0.5720882095374572,114,6958
2.0,0.21,0.5677095772629568,124,6883
2.0,0.22,0.5638882254597564,137,6809
2.0,0.23,0.5592707586975559,147,6731
2.0,0.24,0.5544940689435555,161,6643
2.0,0.25,0.550274659660855,181,6550
2.0,0.26,0.5454183584109545,187,6477
2.0,0.27,0.5417562295995542,204,6397
2.0,0.28,0.5352280869357535,214,6295
2.0,0.29,0.5282222752965529,224,6187
2.0,0.3,0.5206591831860521,233,6074
2.0,0.31,0.5141310405222514,243,5972
2.0,0.32,0.509115516280551,256,5883
2.0,0.33,0.5052145529814506,274,5798
2.0,0.34,0.50083592070695,292,5707
2.0,0.35,0.4973330148873497,321,5605
2.0,0.36,0.4927155481251493,342,5505
2.0,0.37,0.48849613884244886,366,5404
2.0,0.38,0.4838786720802484,397,5284
2.0,0.39,0.479977708781148,436,5157
2.0,0.4,0.4750417960353475,467,5033
2.0,0.41,0.47153889021574713,513,4897
2.0,0.42,0.4668418119576467,560,4744
2.0,0.43,0.4669214234535467,627,4611
2.0,0.44,0.4648515245601465,697,4445
2.0,0.45,0.4618262877159462,764,4273
2.0,0.46,0.45848260488814585,836,4087
2.0,0.47,0.45657192898654564,901,3933
2.0,0.48,0.4557758140275456,991,3743
2.0,0.49,0.45593503701934557,1084,3559
2.0,0.5,0.45442241859724547,1192,3324
2.0,0.51,0.45657192898654564,1307,3121
2.0,0.52,0.46166706472414615,1425,2949
2.0,0.53,0.46357774062574636,1531,2761
2.0,0.54,0.4668418119576467,1639,2586
2.0,0.55,0.4728922856460473,1770,2400
2.0,0.56,0.4789427593344479,1893,2230
2.0,0.57,0.4841175065679484,2021,2039
2.0,0.58,0.49191943316614917,2159,1861
2.0,0.59,0.49844757582994986,2285,1691
2.0,0.6,0.5084786243133509,2426,1535
2.0,0.61,0.519305787755752,2566,1391
2.0,0.62,0.530292174189953,2708,1245
2.0,0.63,0.5408805031446541,2851,1092
2.0,0.64,0.5540163999681554,2997,965
2.0,0.65,0.5708144256030571,3157,856
2.0,0.66,0.5833930419552583,3294,740
2.0,0.67,0.5971658307459597,3427,647
2.0,0.68,0.6109386195366611,3558,558
2.0,0.69,0.6185813231430619,3654,462
2.0,0.7,0.6330706153968633,3782,388
2.0,0.71,0.6445346708064644,3896,304
2.0,0.72,0.6521773744128652,3978,236
2.0,0.73,0.660377358490566,4058,179
2.0,0.74,0.6696919035108669,4143,126
2.0,0.75,0.6781307220762678,4213,92
2.0,0.76,0.6841015842687684,4263,67
2.0,0.77,0.6884802165432689,4302,44
2.0,0.78,0.6906297269325691,4322,31
2.0,0.79,0.6929384603136693,4344,16
2.0,0.8,0.6946899132234695,4359,8
2.0,0.81,0.6959636971578695,4369,4
2.0,0.82,0.6973967040840697,4379,2
2.0,0.83,0.6978743730594698,4382,2
2.0,0.84,0.6984316535307699,4386,1
2.0,0.85,0.6988297110102699,4389,0
2.0,0.86,0.6991481569938699,4391,0
2.0,0.87,0.6993073799856699,4392,0
2.0,0.88,0.6993073799856699,4392,0
2.0,0.89,0.69946660297747,4393,0
2.0,0.9,0.69946660297747,4393,0
2.0,0.91,0.69946660297747,4393,0
2.0,0.92,0.69946660297747,4393,0
2.0,0.93,0.69946660297747,4393,0
2.0,0.94,0.69946660297747,4393,0
2.0,0.95,0.69946660297747,4393,0
3.0,0.05,0.6477987421383647,0,8137
3.0,0.06,0.6445346708064644,0,8096
3.0,0.07,0.638961866093464,0,8026
3.0,0.08,0.630682270519863,0,7922
3.0,0.09,0.6231987899052623,2,7822
3.0,0.1,0.6169890932250617,4,7738
3.0,0.11,0.6118143459915611,6,7667
3.0,0.12,0.6083114401719608,10,7611
3.0,0.13,0.6036143619138603,16,7534
3.0,0.14,0.59995223310246,24,7464
3.0,0.15,0.5978823342090598,43,7381
3.0,0.16,0.5943794283894595,59,7289
3.0,0.17,0.590796911073959,74,7199
3.0,0.18,0.5885677891887588,89,7126
3.0,0.19,0.5849056603773585,101,7044
3.0,0.2,0.5811639200700581,114,6958
3.0,0.21,0.5775814027545577,124,6883
3.0,0.22,0.5747950003980575,137,6809
3.0,0.23,0.5709736485948571,147,6731
3.0,0.24,0.5673115197834567,161,6643
3.0,0.25,0.5646843404187565,181,6550
3.0,0.26,0.5603057081442561,187,6477
3.0,0.27,0.5579969747631558,204,6397
3.0,0.28,0.5522649470583553,214,6295
3.0,0.29,0.5460552503781546,224,6187
3.0,0.3,0.5392086617307539,233,6074
3.0,0.31,0.5334766340259534,243,5972
3.0,0.32,0.529496059230953,256,5883
3.0,0.33,0.5270281028580527,274,5798
3.0,0.34,0.5240824775097525,292,5707
3.0,0.35,0.5228883050712523,321,5605
3.0,0.36,0.5199426797229519,342,5505
3.0,0.37,0.5176339463418518,366,5404
3.0,0.38,0.5154844359525516,397,5284
3.0,0.39,0.5146883209935514,436,5157
3.0,0.4,0.5122203646206512,467,5033
3.0,0.41,0.5123795876124513,513,4897
3.0,0.42,0.5114242496616511,560,4744
3.0,0.43,0.5168378313828517,627,4611
3.0,0.44,0.520340737202452,697,4445
3.0,0.45,0.5226494705835523,764,4273
3.0,0.46,0.5250378154605525,836,4087
3.0,0.47,0.5283018867924528,901,3933
3.0,0.48,0.5346708064644534,991,3743
3.0,0.49,0.5422338985749542,1084,3559
3.0,0.5,0.5493193217100549,1192,3324
3.0,0.51,0.560624154127856,1307,3121
3.0,0.52,0.5751134463816575,1425,2949
3.0,0.53,0.5854629408486586,1531,2761
3.0,0.54,0.5973250537377597,1639,2586
3.0,0.55,0.6138046333890613,1770,2400
3.0,0.56,0.629647321073163,1893,2230
3.0,0.57,0.6450123397818645,2021,2039
3.0,0.58,0.6638006528142664,2159,1861
3.0,0.59,0.680359843961468,2285,1691
3.0,0.6,0.7016161133667702,2426,1535
3.0,0.61,0.7235888862351724,2566,1391
3.0,0.62,0.7458801050871746,2708,1245
3.0,0.63,0.7678528779555768,2851,1092
3.0,0.64,0.7926120531804792,2997,965
3.0,0.65,0.8221479181593823,3157,856
3.0,0.66,0.8456333094498846,3294,740
3.0,0.67,0.869994427195287,3427,647
3.0,0.68,0.8941963219488894,3558,558
3.0,0.69,0.9094817291616909,3654,462
3.0,0.7,0.9341612928906934,3782,388
3.0,0.71,0.9547010588328955,3896,304
3.0,0.72,0.9688719051030968,3978,236
3.0,0.73,0.9834408088527984,4058,179
3.0,0.74,0.9995223310246,4143,126
3.0,0.75,1.0135339543030013,4213,92
3.0,0.76,1.0234853912905024,4263,67
3.0,0.77,1.0309688719051031,4302,44
3.0,0.78,1.0347106122124035,4322,31
3.0,0.79,1.038770798503304,4344,16
3.0,0.8,1.0417164238516041,4359,8
3.0,0.81,1.0437863227450044,4369,4
3.0,0.82,1.0460154446302046,4379,2
3.0,0.83,1.0467319480933046,4382,2
3.0,0.84,1.0476076745482048,4386,1
3.0,0.85,1.0482445665154048,4389,0
3.0,0.86,1.0487222354908048,4391,0
3.0,0.87,1.0489610699785048,4392,0
3.0,0.88,1.0489610699785048,4392,0
3.0,0.89,1.0491999044662048,4393,0
3.0,0.9,1.0491999044662048,4393,0
3.0,0.91,1.0491999044662048,4393,0
3.0,0.92,1.0491999044662048,4393,0
3.0,0.93,1.0491999044662048,4393,0
3.0,0.94,1.0491999044662048,4393,0
3.0,0.95,1.0491999044662048,4393,0
5.0,0.05,0.6477987421383647,0,8137
5.0,0.06,0.6445346708064644,0,8096
5.0,0.07,0.638961866093464,0,8026
5.0,0.08,0.630682270519863,0,7922
5.0,0.09,0.6235172358888623,2,7822
5.0,0.1,0.6176259851922618,4,7738
5.0,0.11,0.6127696839423613,6,7667
5.0,0.12,0.6099036700899609,10,7611
5.0,0.13,0.6061619297826606,16,7534
5.0,0.14,0.6037735849056604,24,7464
5.0,0.15,0.6047289228564605,43,7381
5.0,0.16,0.6037735849056604,59,7289
5.0,0.17,0.6025794124671603,74,7199
5.0,0.18,0.6027386354589602,89,7126
5.0,0.19,0.6009871825491601,101,7044
5.0,0.2,0.59931534113526,114,6958
5.0,0.21,0.5973250537377597,124,6883
5.0,0.22,0.5966085502746596,137,6809
5.0,0.23,0.5943794283894595,147,6731
5.0,0.24,0.5929464214632593,161,6643
5.0,0.25,0.5935037019345594,181,6550
5.0,0.26,0.590080407610859,187,6477
5.0,0.27,0.5904784650903591,204,6397
5.0,0.28,0.5863386673035587,214,6295
5.0,0.29,0.5817212005413581,224,6187
5.0,0.3,0.5763076188201577,233,6074
5.0,0.31,0.5721678210333572,243,5972
5.0,0.32,0.5702571451317571,256,5883
5.0,0.33,0.570655202611257,274,5798
5.0,0.34,0.570575591115357,292,5707
5.0,0.35,0.5739988854390574,321,5605
5.0,0.36,0.5743969429185575,342,5505
5.0,0.37,0.5759095613406576,366,5404
5.0,0.38,0.5786959636971579,397,5284
5.0,0.39,0.5841095454183584,436,5157
5.0,0.4,0.5865775017912587,467,5033
5.0,0.41,0.5940609824058594,513,4897
5.0,0.42,0.6005891250696601,560,4744
5.0,0.43,0.6166706472414617,627,4611
5.0,0.44,0.6313191624870631,697,4445
5.0,0.45,0.6442958363187644,764,4273
5.0,0.46,0.6581482366053658,836,4087
5.0,0.47,0.6717618024042672,901,3933
5.0,0.48,0.6924607913382692,991,3743
5.0,0.49,0.7148316216861715,1084,3559
5.0,0.5,0.739113127935674,1192,3324
5.0,0.51,0.7687286044104769,1307,3121
5.0,0.52,0.8020062096966802,1425,2949
5.0,0.53,0.8292333412944829,1531,2761
5.0,0.54,0.8582915372979858,1639,2586
5.0,0.55,0.8956293288750896,1770,2400
5.0,0.56,0.9310564445505931,1893,2230
5.0,0.57,0.9668020062096967,2021,2039
5.0,0.58,1.0075630921105008,2159,1861
5.0,0.59,1.0441843802245043,2285,1691
5.0,0.6,1.0878910914736089,2426,1535
5.0,0.61,1.1321550831940133,2566,1391
5.0,0.62,1.1770559668816176,2708,1245
5.0,0.63,1.2217976275774223,2851,1092
5.0,0.64,1.269803359605127,2997,965
5.0,0.65,1.3248149032720324,3157,856
5.0,0.66,1.370113844439137,3294,740
5.0,0.67,1.4156516200939415,3427,647
5.0,0.68,1.460711726773346,3558,558
5.0,0.69,1.4912825411989492,3654,462
5.0,0.7,1.5363426478783537,3782,388
5.0,0.71,1.5750338348857575,3896,304
5.0,0.72,1.6022609664835603,3978,236
5.0,0.73,1.629567709577263,4058,179
5.0,0.74,1.6591831860520658,4143,126
5.0,0.75,1.6843404187564683,4213,92
5.0,0.76,1.7022530053339702,4263,67
5.0,0.77,1.7159461826287716,4302,44
5.0,0.78,1.7228723827720722,4322,31
5.0,0.79,1.730435474882573,4344,16
5.0,0.8,1.7357694451078736,4359,8
5.0,0.81,1.7394315739192738,4369,4
5.0,0.82,1.7432529257224743,4379,2
5.0,0.83,1.7444470981609745,4382,2
5.0,0.84,1.7459597165830747,4386,1
5.0,0.85,1.7470742775256747,4389,0
5.0,0.86,1.7478703924846748,4391,0
5.0,0.87,1.7482684499641747,4392,0
5.0,0.88,1.7482684499641747,4392,0
5.0,0.89,1.748666507443675,4393,0
5.0,0.9,1.748666507443675,4393,0
5.0,0.91,1.748666507443675,4393,0
5.0,0.92,1.748666507443675,4393,0
5.0,0.93,1.748666507443675,4393,0
5.0,0.94,1.748666507443675,4393,0
5.0,0.95,1.748666507443675,4393,0
10.0,0.05,0.6477987421383647,0,8137
10.0,0.06,0.6445346708064644,0,8096
10.0,0.07,0.638961866093464,0,8026
10.0,0.08,0.630682270519863,0,7922
10.0,0.09,0.6243133508478624,2,7822
10.0,0.1,0.6192182151102619,4,7738
10.0,0.11,0.6151580288193615,6,7667
10.0,0.12,0.6138842448849614,10,7611
10.0,0.13,0.6125308494546613,16,7534
10.0,0.14,0.6133269644136613,24,7464
10.0,0.15,0.6218453944749622,43,7381
10.0,0.16,0.6272589761961628,59,7289
10.0,0.17,0.6320356659501633,74,7199
10.0,0.18,0.6381657511344638,89,7126
10.0,0.19,0.6411909879786641,101,7044
10.0,0.2,0.6446938937982645,114,6958
10.0,0.21,0.6466841811957647,124,6883
10.0,0.22,0.6511424249661651,137,6809
10.0,0.23,0.6528938778759653,147,6731
10.0,0.24,0.6570336756627657,161,6643
10.0,0.25,0.6655521057240665,181,6550
10.0,0.26,0.6645171562773664,187,6477
10.0,0.27,0.6716821909083671,204,6397
10.0,0.28,0.6715229679165672,214,6295
10.0,0.29,0.6708860759493671,224,6187
10.0,0.3,0.6690550115436669,233,6074
10.0,0.31,0.6688957885518669,243,5972
10.0,0.32,0.6721598598837673,256,5883
10.0,0.33,0.679722951994268,274,5798
10.0,0.34,0.6868083751293687,292,5707
10.0,0.35,0.7017753363585701,321,5605
10.0,0.36,0.7105326009075711,342,5505
10.0,0.37,0.7215985988376722,366,5404
10.0,0.38,0.7367247830586737,397,5284
10.0,0.39,0.7576626064803758,436,5157
10.0,0.4,0.7724703447177772,467,5033
10.0,0.41,0.7982644693893798,513,4897
10.0,0.42,0.8235013135896824,560,4744
10.0,0.43,0.8662526868879866,627,4611
10.0,0.44,0.9087652256985909,697,4445
10.0,0.45,0.9484117506567948,764,4273
10.0,0.46,0.9909242894673991,836,4087
10.0,0.47,1.030411591433803,901,3933
10.0,0.48,1.0869357535228088,991,3743
10.0,0.49,1.1463259294642147,1084,3559
10.0,0.5,1.2135976434997213,1192,3324
10.0,0.51,1.288989730117029,1307,3121
10.0,0.52,1.369238117984237,1425,2949
10.0,0.53,1.438659342409044,1531,2761
10.0,0.54,1.510707746198551,1639,2586
10.0,0.55,1.60019106759016,1770,2400
10.0,0.56,1.6845792532441684,1893,2230
10.0,0.57,1.7712761722792771,2021,2039
10.0,0.58,1.8669691903510868,2159,1861
10.0,0.59,1.9537457208820954,2285,1691
10.0,0.6,2.0535785367407056,2426,1535
10.0,0.61,2.1535705755911154,2566,1391
10.0,0.62,2.2549956213677254,2708,1245
10.0,0.63,2.3566595016320355,2851,1092
10.0,0.64,2.462781625666746,2997,965
10.0,0.65,2.5814823660536583,3157,856
10.0,0.66,2.681315181912268,3294,740
10.0,0.67,2.779794602340578,3427,647
10.0,0.68,2.8770002388344875,3558,558
10.0,0.69,2.9457845712920947,3654,462
10.0,0.7,3.041796035347504,3782,388
10.0,0.71,3.1258657750179126,3896,304
10.0,0.72,3.1857336199347186,3978,236
10.0,0.73,3.2448849613884243,4058,179
10.0,0.74,3.3083353236207307,4143,126
10.0,0.75,3.361356579890136,4213,92
10.0,0.76,3.39917204044264,4263,67
10.0,0.77,3.428389459437943,4302,44
10.0,0.78,3.4432768091712442,4322,31
10.0,0.79,3.459597165830746,4344,16
10.0,0.8,3.470901998248547,4359,8
10.0,0.81,3.478544701854948,4369,4
10.0,0.82,3.486346628453149,4379,2
10.0,0.83,3.488734973330149,4382,2
10.0,0.84,3.4918398216702493,4386,1
10.0,0.85,3.4941485550513494,4389,0
10.0,0.86,3.4957407849693496,4391,0
10.0,0.87,3.4965368999283495,4392,0
10.0,0.88,3.4965368999283495,4392,0
10.0,0.89,3.49733301488735,4393,0
10.0,0.9,3.49733301488735,4393,0
10.0,0.91,3.49733301488735,4393,0
10.0,0.92,3.49733301488735,4393,0
10.0,0.93,3.49733301488735,4393,0
10.0,0.94,3.49733301488735,4393,0
10.0,0.95,3.49733301488735,4393,0
