regime,features,model,pr_auc,roc_auc,precision,recall,TP,FP,FN,TN
random,baseline:majority,-,0.35566747418079814,0.5,,0.0,0,0,5579,10107
random,baseline:prior,-,0.3555951087206245,0.49986893244612807,,0.0,0,0,5579,10107
random,franchise,logistic,0.5560964632951579,0.6704684592551047,0.5364073006724304,0.500448108980104,2792,2413,2787,7694
random,franchise,tree,0.5297829717370653,0.6485853917306013,0.5324274243360099,0.46352392901953754,2586,2271,2993,7836
random,franchise,forest,0.5556277088278808,0.6703293667951876,0.5367873651771957,0.49955189101989605,2787,2405,2792,7702
random,character,logistic,0.5527451747838699,0.7043141256453422,0.505512909979065,0.6492202903746191,3622,3543,1957,6564
random,character,tree,0.5443109402805925,0.7053369686423736,0.5124590630784565,0.6450976877576626,3599,3424,1980,6683
random,character,forest,0.6331784202214373,0.7641354020317431,0.5682451253481894,0.6581824699766984,3672,2790,1907,7317
random,character_no_wiki_meta,logistic,0.5482596800875731,0.701070015256898,0.5012545302481182,0.6445599569815379,3596,3578,1983,6529
random,character_no_wiki_meta,tree,0.5387338274485238,0.6894847731885779,0.5191965008909768,0.5744757124932783,3205,2968,2374,7139
random,character_no_wiki_meta,forest,0.5896845434877613,0.7336686289823109,0.5369574877795882,0.6497580211507439,3625,3126,1954,6981
random,both,logistic,0.6460583455499271,0.7630863029608994,0.5619215513442045,0.6856067395590608,3825,2982,1754,7125
random,both,tree,0.6005730576888589,0.7394581420279973,0.5416250178494931,0.6798709446137301,3793,3210,1786,6897
random,both,forest,0.6916049536823925,0.8032971563474978,0.6118090452261307,0.6983330345940133,3896,2472,1683,7635
random,network,logistic,0.47705358681291476,0.6502388238640949,0.47321293064197906,0.5588815199856605,3118,3471,2461,6636
random,network,tree,0.5514161593745943,0.6978468494298673,0.510310021629416,0.6343430722351676,3539,3396,2040,6711
random,network,forest,0.6236579890732408,0.7557816876538798,0.5893361581920904,0.5983151102348091,3338,2326,2241,7781
random,character+network,logistic,0.5677755080852624,0.7153724550429246,0.5142256482130343,0.6576447392005735,3669,3466,1910,6641
random,character+network,tree,0.5700994258612424,0.7228934147230832,0.5256629597946963,0.660871123857322,3687,3327,1892,6780
random,character+network,forest,0.6806039273822018,0.7942581681971714,0.6216540837336993,0.6493995339666607,3623,2205,1956,7902
random,community,logistic,0.4368019373387896,0.6167717911623989,0.43566911859594787,0.6051263667323893,3376,4373,2203,5734
random,community,tree,0.522119200510929,0.6791302856886061,0.4886832740213523,0.6153432514787597,3433,3592,2146,6515
random,community,forest,0.586860515035841,0.7177397225205626,0.5519719544259422,0.5644380713389496,3149,2556,2430,7551
random,character+community,logistic,0.567659261319843,0.7130180983533548,0.5121712367095691,0.6562107904642409,3661,3487,1918,6620
random,character+community,tree,0.5549369549182301,0.7164594795537188,0.5076115485564304,0.6933142140168489,3868,3752,1711,6355
random,character+community,forest,0.6746105999715372,0.7903640226844675,0.6131805157593123,0.6520881878472845,3638,2295,1941,7812
random,character+network+community,logistic,0.5680433940583365,0.7156364522835629,0.5143778931126385,0.6572862520164904,3667,3462,1912,6645
random,character+network+community,tree,0.5713405814047824,0.723758543931253,0.5173270744166781,0.6716257393798172,3747,3496,1832,6611
random,character+network+community,forest,0.6898232271572613,0.8000142692583514,0.6345709717534198,0.6402581107725399,3572,2057,2007,8050
random,text,logistic,0.6043655902426862,0.757272777268174,0.5362050739957717,0.7273704965047499,4058,3510,1521,6597
random,text,tree,0.4748940553618188,0.6593416831727014,0.44318386457770576,0.882236960028679,4922,6184,657,3923
random,text,forest,0.6466609548880576,0.7850935392802658,0.5835903763109191,0.6782577522853558,3784,2700,1795,7407
random,character+text,logistic,0.6447098763949501,0.784805555994487,0.5707175445873082,0.7399175479476608,4128,3105,1451,7002
random,character+text,tree,0.5507102404853228,0.7189417293039403,0.4899051325711506,0.7219931887435024,4028,4194,1551,5913
random,character+text,forest,0.6970008063480414,0.8151772981952048,0.6058338423946243,0.7110593296289658,3967,2581,1612,7526
random,rich,logistic,0.7187787925032165,0.8276076382421304,0.6246409674981104,0.7406345223158272,4132,2483,1447,7624
random,rich,tree,0.5863939521355985,0.7427826699555835,0.5170389278876835,0.7261157913604589,4051,3784,1528,6323
random,rich,forest,0.7438207927076729,0.8427050668973016,0.6671188740037307,0.7051442910915935,3934,1963,1645,8144
grouped,baseline:majority,-,0.35566747418079814,0.5,,0.0,0,0,5579,10107
grouped,baseline:prior,-,0.32558993404206305,0.4441439760009731,,0.0,0,0,5579,10107
grouped,franchise,logistic,0.3622568737252168,0.4986870366980106,0.3810962451445835,0.4748162753181574,2649,4302,2930,5805
grouped,franchise,tree,0.3975362897401927,0.5612172730808845,0.3906552927491276,0.36117583796379277,2015,3143,3564,6964
grouped,franchise,forest,0.387830242960526,0.5290462937410362,0.3833722092635788,0.41243950528768597,2301,3701,3278,6406
grouped,character,logistic,0.4872149539708394,0.648206527492273,0.45237487231869256,0.6350600466033339,3543,4289,2036,5818
grouped,character,tree,0.46207346217305856,0.639769948200606,0.4484257673560796,0.6101451873095537,3404,4187,2175,5920
grouped,character,forest,0.48704408800079163,0.6573595402468368,0.4745138479670006,0.5773436099659437,3221,3567,2358,6540
grouped,character_no_wiki_meta,logistic,0.49720969979326235,0.6560216420986607,0.4500858474368408,0.6578239827926151,3670,4484,1909,5623
grouped,character_no_wiki_meta,tree,0.5012277691105328,0.6581050229828875,0.4926985981308411,0.6047678795483061,3374,3474,2205,6633
grouped,character_no_wiki_meta,forest,0.5044502360969587,0.6666877797067701,0.4683311432325887,0.6388241620362072,3564,4046,2015,6061
grouped,both,logistic,0.4846356727308144,0.6423170267774534,0.45247877293892086,0.5922208281053952,3304,3998,2275,6109
grouped,both,tree,0.4785022294110168,0.6394341967724343,0.4403297097121013,0.6606918802652805,3686,4685,1893,5422
grouped,both,forest,0.48214205442298375,0.6513082911218842,0.4674306393244873,0.555655135328912,3100,3532,2479,6575
grouped,network,logistic,0.46898158575273774,0.6313486206640746,0.462971241245716,0.5569098404732031,3107,3604,2472,6503
grouped,network,tree,0.47043674965323423,0.636513006829789,0.4664809047697099,0.5101272629503495,2846,3255,2733,6852
grouped,network,forest,0.4718458879613805,0.6431127693670555,0.4851542790607413,0.4481089801039613,2500,2653,3079,7454
grouped,character+network,logistic,0.5040430113861318,0.647275443310441,0.46936151978288815,0.5889944434486467,3286,3715,2293,6392
grouped,character+network,tree,0.47850539854109236,0.6538566465898591,0.48178075926208264,0.5664097508514071,3160,3399,2419,6708
grouped,character+network,forest,0.5158804432155857,0.6857569516125477,0.5157631680123029,0.4809105574475713,2683,2519,2896,7588
grouped,community,logistic,0.4309542331200172,0.6027038382442832,0.43244274809160305,0.6092489693493458,3399,4461,2180,5646
grouped,community,tree,0.45464090477665,0.630681303173094,0.4589167020223448,0.5816454561749418,3245,3826,2334,6281
grouped,community,forest,0.45544326666751667,0.6295333159782548,0.47382397572078905,0.4477504929198781,2498,2774,3081,7333
grouped,character+community,logistic,0.5037535255887499,0.6460687811948271,0.47112766872044703,0.5893529306327299,3288,3691,2291,6416
grouped,character+community,tree,0.46436832912928505,0.6433542259323713,0.4589652728561304,0.5803907510306506,3238,3817,2341,6290
grouped,character+community,forest,0.511322454747691,0.6815188080831394,0.5045280390107977,0.5192686861444703,2897,2845,2682,7262
grouped,character+network+community,logistic,0.5013031505386437,0.6446076985220323,0.46692058118211316,0.5932962896576447,3310,3779,2269,6328
grouped,character+network+community,tree,0.478408322896666,0.6556909450312025,0.47767332549941244,0.5829001613192328,3252,3556,2327,6551
grouped,character+network+community,forest,0.5200044543016809,0.6893955238191359,0.5205284552845528,0.4590428392184979,2561,2359,3018,7748
grouped,text,logistic,0.5094162147677396,0.6865439067083479,0.47220951509606585,0.7400967915397024,4129,4615,1450,5492
grouped,text,tree,0.43244963983846063,0.6186145490074629,0.4185114025561774,0.8980103961283384,5010,6961,569,3146
grouped,text,forest,0.5014022795011851,0.6850504583923873,0.47608695652173916,0.7065782398279261,3942,4338,1637,5769
grouped,character+text,logistic,0.5472229079719518,0.7108057425979375,0.4879733269826149,0.7345402401864133,4098,4300,1481,5807
grouped,character+text,tree,0.47588486260103946,0.6580034037306466,0.43481935347559686,0.7377666248431619,4116,5350,1463,4757
grouped,character+text,forest,0.5339045277696794,0.7064354231022201,0.48951663527934713,0.698870765370138,3899,4066,1680,6041
grouped,rich,logistic,0.48733656553608085,0.6327705630768876,0.4516435751154578,0.5959849435382685,3325,4037,2254,6070
grouped,rich,tree,0.46408475546451683,0.6453099886422308,0.47171808832425893,0.5590607635777021,3119,3493,2460,6614
grouped,rich,forest,0.5551377677006366,0.7082387835356168,0.5132445015251245,0.5730417637569457,3197,3032,2382,7075
