index,Name,Allegiances,Death Year,Book of Death,Death Chapter,Book Intro Chapter,Gender,Nobility,GoT,CoK,SoS,FfC,DwD
0,Addam Marbrand,Lannister,,,,56.0,1,1,1,1,1,1,0
1,Aegon Frey (Jinglebell),None,299.0,3.0,51.0,49.0,1,1,0,0,1,0,0
2,Aegon Targaryen,House Targaryen,,,,5.0,1,1,0,0,0,0,1
3,Adrack Humble,House Greyjoy,300.0,5.0,20.0,20.0,1,1,0,0,0,0,1
4,Aemon Costayne,Lannister,,,,,1,1,0,0,1,0,0
5,Aemon Estermont,Baratheon,,,,,1,1,0,1,1,0,0
6,Aemon Targaryen (son of Maekar I),Night's Watch,300.0,4.0,35.0,21.0,1,1,1,0,1,1,0
7,Aenys Frey,None,300.0,5.0,,59.0,0,1,1,1,1,0,1
8,Aeron Greyjoy,House Greyjoy,,,,11.0,1,1,0,1,0,1,0
9,Aethan,Night's Watch,,,,0.0,1,0,0,0,1,0,0
10,Aggar,House Greyjoy,299.0,2.0,56.0,50.0,1,0,0,1,0,0,0
11,Aggo,House Targaryen,,,,54.0,1,0,1,1,1,0,1
12,Alan of Rosby,Night's Watch,300.0,5.0,4.0,18.0,1,1,0,1,1,0,1
13,Alayaya,None,,,,15.0,0,0,0,1,0,0,0
14,Albar Royce,Arryn,,,,38.0,1,1,1,0,0,1,0
15,Albett,Night's Watch,,,,26.0,1,0,1,0,0,0,0
16,Alebelly,House Stark,299.0,2.0,46.0,4.0,1,0,0,1,0,0,0
17,Alerie Hightower,House Tyrell,,,,6.0,0,1,0,0,1,1,0
18,Alesander Staedmon,Baratheon,,,,65.0,1,1,0,1,0,0,0
19,Alester Florent,Baratheon,300.0,4.0,,36.0,1,1,0,1,1,0,0
20,Alia of Braavos,None,,,,28.0,0,0,1,0,0,0,0
21,Alla Tyrell,House Tyrell,,,,6.0,0,1,0,0,1,1,0
22,Allard Seaworth,Baratheon,299.0,2.0,10.0,10.0,1,1,0,1,0,0,0
23,Alliser Thorne,Night's Watch,,,,19.0,1,0,1,1,1,0,1
24,Alyn,House Stark,298.0,3.0,34.0,12.0,1,0,1,0,0,0,0
25,Alyn Ambrose,Tyrell,,,,59.0,1,1,0,1,0,1,0
26,Alyn Estermont,Baratheon,,,,,1,1,0,1,1,0,0
27,Alyn Stackspear,Lannister,,,,16.0,1,1,0,0,0,1,0
28,Alys Karstark,Stark,,,,44.0,0,1,0,0,0,0,1
29,Alysane Mormont,Stark,,,,35.0,0,1,0,0,0,0,1
30,Alyx Frey,None,,,,49.0,1,1,0,0,1,0,0
31,Ambrode,Greyjoy,,,,24.0,1,0,0,1,0,0,0
32,Amory Lorch,House Lannister,299.0,2.0,47.0,14.0,1,1,0,1,0,0,0
33,Andar Royce,Arryn,,,,29.0,1,1,1,0,0,0,0
34,Andrew Estermont,Baratheon,,,,36.0,1,1,0,0,1,0,0
35,Andrey Dalt,Martell,,,,21.0,1,1,0,0,0,1,0
36,Andrik,Greyjoy,,,,19.0,1,1,0,0,0,1,0
37,Anguy,None,,,,30.0,1,0,1,0,1,0,0
38,Antario Jast,Lannister,,,,32.0,1,1,0,1,0,0,0
39,Anvil Ryn,None,299.0,3.0,34.0,34.0,1,0,0,0,1,0,0
40,Anya Waynwood,Arryn,,,,38.0,0,1,1,0,0,1,0
41,Archibald Yronwood,Martell,,,,6.0,1,1,0,0,0,0,1
42,Ardrian Celtigar,Baratheon,,,,10.0,1,1,0,1,1,0,0
43,Areo Hotah,House Martell,,,,2.0,1,0,0,0,0,1,1
44,Arianne Martell,House Martell,,,,2.0,0,1,0,0,0,1,1
45,Arneld,Lannister,,,,59.0,1,0,0,1,0,0,0
46,Arnolf Karstark,Stark,,,,3.0,1,1,0,0,0,0,1
47,Aron Santagar,Lannister,299.0,2.0,41.0,18.0,1,1,1,1,0,0,0
48,Arron,Night's Watch,,,,75.0,1,0,0,0,1,0,1
49,Arron Qorgyle,Martell,,,,38.0,1,1,0,0,1,0,0
50,Arryk (Guard),House Tyrell,,,,6.0,1,0,0,0,1,1,0
51,Arson,Wildling,,,,26.0,1,0,0,0,1,0,0
52,Arthor Karstark,Stark,,,,62.0,1,1,0,0,0,0,1
53,Arwyn Frey,None,,,,49.0,0,1,0,0,1,0,0
54,Arwyn Oakheart,Tyrell,,,,22.0,0,1,0,1,0,0,0
55,Arya Stark,Stark,,,,2.0,0,1,1,1,1,1,1
56,Arys Oakheart,Lannister,300.0,4.0,21.0,57.0,1,1,1,1,0,1,0
57,Asha Greyjoy,House Greyjoy,,,,11.0,0,1,0,1,0,1,1
58,Aurane Waters,Lannister,,,,65.0,1,0,0,1,0,1,0
59,Axell Florent,Baratheon,,,,0.0,1,1,0,1,1,0,1
60,Azzak,None,,,,2.0,1,1,0,0,0,0,1
61,Ballabar,Lannister,,,,4.0,1,0,0,1,0,0,0
62,Balon Swann,Lannister,,,,29.0,1,1,1,1,1,1,1
63,Bannen,Night's Watch,299.0,3.0,33.0,0.0,1,0,0,0,1,0,0
64,Barbrey Dustin,Stark,,,,26.0,0,1,0,0,0,0,1
65,Barra,None,299.0,2.0,39.0,35.0,0,0,1,0,0,0,0
66,Barristan Selmy,Targaryen,,,,15.0,1,1,1,1,1,0,1
67,Barsena,None,300.0,5.0,52.0,11.0,0,0,0,0,0,0,1
68,Barth (brewer),House Stark,,,,50.0,1,0,0,1,0,0,0
69,Bass,Night's Watch,,,,52.0,1,0,1,0,0,0,0
70,Bayard Norcross,Tyrell,,,,28.0,1,1,0,0,0,1,0
71,Bearded Ben,Night's Watch,,,,,1,0,0,0,0,1,0
72,Becca,House Arryn,,,,12.0,0,0,1,0,0,0,0
73,Becca the Baker,None,299.0,3.0,34.0,34.0,0,0,0,0,1,0,0
74,Bedwyck,Night's Watch,,,,13.0,1,0,0,1,1,0,1
75,Belaquo,None,,,,52.0,1,0,0,0,0,0,1
76,Bella,None,,,,29.0,0,0,0,0,1,0,0
77,Bellegere Otherys (courtesan),None,,,,34.0,0,1,0,0,0,1,0
78,Bellonara Otherys,None,,,,34.0,0,1,0,0,0,1,0
79,Belwas,House Targaryen,,,,63.0,1,0,0,1,1,0,1
80,Ben,None,,,,37.0,1,0,0,0,0,1,0
81,Ben Bones,None,,,,12.0,1,0,0,0,0,0,1
82,Ben Plumm,None,,,,57.0,1,0,0,0,1,0,1
83,Benedar Belmore,Arryn,,,,23.0,1,1,0,0,0,1,0
84,Benfred Tallhart,Stark,299.0,2.0,37.0,16.0,1,1,0,1,0,0,0
85,Benfrey Frey,None,299.0,5.0,51.0,51.0,1,1,0,0,1,0,0
86,Benjen Stark,Night's Watch,298.0,1.0,24.0,5.0,1,1,1,0,0,0,0
87,Bennet,None,300.0,4.0,31.0,31.0,1,0,0,0,0,1,0
88,Beric Dondarrion,None,300.0,4.0,27.0,42.0,1,1,1,0,1,0,0
89,Bessa (Winterfell),Stark,,,,37.0,0,0,1,0,0,0,0
90,Beth Cassel,Stark,,,,7.0,0,1,1,1,0,0,0
91,Bhakaz zo Loraq,None,,,,2.0,1,1,0,0,0,0,1
92,Big Boil,Wildling,,,,41.0,1,0,0,0,1,0,0
93,Big Walder Frey,None,,,,,1,1,1,1,0,0,1
94,Biter,None,300.0,4.0,37.0,1.0,1,0,0,1,0,1,0
95,Black Bernarr,Night's Watch,,,,18.0,1,0,0,0,1,0,1
96,Black Walder Frey,None,,,,35.0,1,1,0,0,1,0,0
97,Blane,Night's Watch,,,,23.0,1,0,0,1,0,0,0
98,Bloodbeard,None,,,,25.0,1,0,0,0,0,0,1
99,Blue Bard,House Tyrell,,,,12.0,1,0,0,0,0,1,0
100,Bonifer Hasty,Lannister,,,,65.0,1,1,0,1,0,1,0
101,Borcas,Night's Watch,,,,48.0,1,0,1,0,0,0,0
102,Boremund Harlaw,Greyjoy,,,,11.0,1,1,0,0,0,1,0
103,Boros Blount,Baratheon,,,,8.0,1,1,1,1,1,1,1
104,Borroq,Wildling,,,,0.0,1,0,0,0,0,0,1
105,Bowen Marsh,Night's Watch,,,,21.0,1,0,1,0,1,0,1
106,Bran Stark,House Stark,,,,1.0,1,1,1,1,1,0,1
107,Brandon Norrey,Stark,,,,49.0,1,1,0,0,0,0,1
108,Brenett,None,,,,49.0,1,0,0,0,1,0,0
109,Brienne of Tarth,Stark,,,,22.0,0,1,0,1,1,1,1
110,Bronn,Lannister,,,,28.0,1,1,1,1,1,0,0
111,Brown Bernarr,Night's Watch,299.0,3.0,33.0,23.0,1,0,0,1,1,0,0
112,Brusco,None,,,,22.0,1,0,0,0,0,1,1
113,Bryan Fossoway,Baratheon,299.0,2.0,62.0,42.0,1,1,1,1,0,0,0
114,Bryce Caron,Baratheon,299.0,2.0,65.0,29.0,1,1,1,1,0,0,0
115,Bryen,None,,,,68.0,1,0,0,0,1,0,0
116,Bryen Farring,Baratheon,300.0,5.0,62.0,10.0,1,1,0,1,0,0,1
117,Brynden Rivers,House Targaryen,,,,34.0,1,1,0,0,0,0,1
118,Brynden Tully,House Tully,,,,2.0,1,1,1,1,1,1,0
119,Burton Crakehall,Lannister,299.0,2.0,7.0,55.0,1,1,1,1,0,0,0
120,Butterbumps,House Tyrell,,,,6.0,1,0,0,0,1,0,0
121,Byam Flint,Night's Watch,299.0,3.0,33.0,33.0,1,0,0,0,1,0,0
122,Byan Votyris,None,,,,54.0,1,0,1,0,0,0,0
123,Byron,Arryn,,,,41.0,1,0,0,0,0,1,0
124,Cadwyn,House Lannister,,,,47.0,1,0,0,1,0,0,0
125,Caleotte,House Martell,,,,2.0,1,0,0,0,0,1,1
126,Catelyn Tully,House Stark,299.0,3.0,51.0,2.0,0,1,1,1,1,0,0
127,Cayn,House Stark,298.0,1.0,49.0,4.0,1,0,1,0,0,0,0
128,Cellador,Night's Watch,,,,48.0,1,0,1,0,1,0,1
129,Cersei Frey,None,,,,49.0,0,1,0,0,1,0,0
130,Cersei Lannister,House Lannister,,,,4.0,0,1,1,1,1,1,1
131,Chataya,None,,,,15.0,0,0,0,1,0,0,0
132,Chayle,Stark,299.0,2.0,50.0,9.0,1,0,1,1,0,0,0
133,Chella,Lannister,,,,56.0,0,0,1,1,1,0,0
134,Chett,Night's Watch,299.0,3.0,46.0,41.0,1,0,1,1,1,0,0
135,Chiggen,Lannister,298.0,1.0,42.0,31.0,1,0,1,0,0,0,0
136,Chiswyck,None,299.0,2.0,30.0,26.0,1,0,0,1,0,0,0
137,Clayton Suggs,Baratheon,,,,17.0,1,0,0,0,0,0,1
138,Clement Piper,Tully,,,,38.0,1,1,0,0,0,1,0
139,Cleos Frey,None,299.0,3.0,21.0,7.0,1,1,0,1,1,0,0
140,Cley Cerwyn,Stark,299.0,2.0,66.0,16.0,1,1,0,1,0,0,0
141,Clubfoot Karl,Night's Watch,300.0,5.0,4.0,0.0,1,0,0,0,1,0,1
142,Clydas,Night's Watch,,,,41.0,1,0,1,0,1,1,1
143,Cohollo,None,298.0,1.0,64.0,11.0,1,0,1,0,0,0,0
144,Coldhands,None,,,,46.0,1,0,0,0,1,0,1
145,Colemon,House Arryn,,,,34.0,1,0,1,0,1,1,0
146,Colen of Greenpools,House Baratheon,,,,22.0,1,1,0,1,0,0,0
147,Conn,Lannister,298.0,1.0,62.0,42.0,1,0,1,0,0,0,0
148,Conwy,Night's Watch,,,,6.0,1,0,0,1,0,0,0
149,Corliss Penny,Baratheon,,,,26.0,1,0,0,0,0,0,1
150,Cortnay Penrose,Baratheon,299.0,2.0,42.0,31.0,1,1,0,1,0,0,0
151,Cotter Pyke,Night's Watch,,,,48.0,1,0,0,0,1,0,0
152,Cragorn,House Greyjoy,300.0,4.0,29.0,19.0,1,0,0,0,0,1,0
153,Craster,None,299.0,3.0,33.0,23.0,1,0,0,1,1,0,0
154,Cregan Karstark,Stark,,,,44.0,1,1,0,0,0,0,1
155,Creighton Longbough,None,,,,4.0,1,0,0,0,0,1,0
156,Cressen,Baratheon,299.0,1.0,0.0,0.0,1,0,0,1,0,0,0
157,Cuger,Night's Watch,,,,,1,0,1,0,0,0,0
158,Cutjack,None,,,,5.0,1,0,0,1,0,0,0
159,Daario Naharis,Targaryen,,,,42.0,1,0,0,0,1,0,1
160,Dacey Mormont,Stark,299.0,3.0,51.0,63.0,0,1,1,0,1,0,0
161,Daemon Sand,Martell,,,,38.0,1,0,0,0,1,0,1
162,Daenerys Targaryen,House Targaryen,,,,3.0,0,1,1,1,1,0,1
163,Dagon Codd,Greyjoy,300.0,5.0,20.0,20.0,1,1,0,0,0,0,1
164,Dagmer,House Greyjoy,,,,11.0,1,0,0,1,0,0,0
165,Dalbridge,Night's Watch,299.0,2.0,53.0,43.0,1,0,0,1,0,0,0
166,Dale Seaworth,Baratheon,299.0,2.0,58.0,10.0,1,1,0,1,0,0,0
167,Dalla,Wildling,300.0,3.0,76.0,73.0,0,1,0,0,1,0,0
168,Dalla (Dragonstone),Baratheon,,,,0.0,0,0,0,1,0,0,0
169,Damon Dance-for-Me,None,,,,12.0,1,0,0,0,0,0,1
170,Damon Vypren,None,,,,49.0,1,1,0,0,1,0,0
171,Dancy,None,,,,29.0,0,0,0,1,0,0,0
172,Danwell Frey,None,,,,59.0,1,1,1,1,1,1,0
173,Dareon,Night's Watch,300.0,4.0,34.0,19.0,1,0,1,0,0,1,0
174,Daryn Hornwood,Stark,298.0,1.0,63.0,63.0,1,1,1,0,0,0,0
175,Daven Lannister,House Lannister,,,,12.0,1,1,0,0,0,1,0
176,Davos Seaworth,Baratheon,,,,0.0,1,1,0,1,1,0,1
177,Del,Wildling,299.0,3.0,41.0,41.0,1,0,0,0,1,0,0
178,Delp,House Tully,299.0,3.0,20.0,39.0,1,0,0,1,1,0,0
179,Denys Drumm,Greyjoy,,,,19.0,1,1,0,0,0,1,0
180,Denys Mallister,Night's Watch,,,,48.0,1,1,0,0,1,0,0
181,Dermot,Baratheon,,,,65.0,1,0,0,1,0,1,0
182,Desmond,House Stark,298.0,1.0,50.0,1.0,1,0,1,0,0,0,0
183,Desmond Grell,Tully,,,,7.0,1,1,0,1,1,1,0
184,Devan Seaworth,Baratheon,,,,10.0,1,1,0,1,1,0,1
185,Deziel Dalt,Martell,,,,38.0,1,1,0,0,1,0,1
186,Dhazzar,None,,,,2.0,1,1,0,0,0,0,1
187,Dick Crabb,None,300.0,4.0,20.0,9.0,1,0,0,0,0,1,0
188,Dick Follard,Night's Watch,299.0,3.0,55.0,41.0,1,0,0,0,1,0,0
189,Dickon Manwoody,Martell,,,,38.0,1,1,0,0,1,0,0
190,Dirk,Night's Watch,300.0,5.0,4.0,0.0,1,0,0,0,1,0,1
191,Dobber,None,299.0,2.0,14.0,5.0,1,0,0,1,0,0,0
192,Donal Noye,Night's Watch,300.0,3.0,64.0,19.0,1,0,1,1,1,0,0
193,Donella Hornwood,Stark,299.0,2.0,35.0,16.0,0,1,0,1,0,0,0
194,Donnel Drumm,Greyjoy,,,,19.0,1,1,0,0,0,1,0
195,Donnel Haigh,None,,,,49.0,1,1,0,0,1,0,0
196,Donnel Hill,Night's Watch,,,,0.0,1,0,0,0,1,0,1
197,Donnel Locke,Stark,299.0,3.0,51.0,25.0,1,1,0,1,1,0,0
198,Donnel Waynwood,Tully,,,,34.0,1,1,1,0,0,0,0
199,Donnis,House Stark,,,,7.0,1,0,1,0,0,0,0
200,Dontos Hollard,None,300.0,3.0,61.0,57.0,1,1,1,1,1,0,0
201,Donyse,None,,,,72.0,0,0,0,0,1,0,0
202,Doran Martell,Martell,,,,2.0,1,1,0,0,0,1,1
203,Doreah,House Targaryen,299.0,2.0,12.0,11.0,0,0,1,1,0,0,0
204,Dornish Dilly,Night's Watch,299.0,3.0,55.0,55.0,1,0,0,0,1,0,0
205,Draqaz,None,,,,2.0,1,1,0,0,0,0,1
206,Drennan,House Greyjoy,299.0,2.0,50.0,50.0,1,0,0,1,0,0,0
207,Drogo,Targaryen,298.0,1.0,64.0,3.0,1,1,1,0,0,0,0
208,Dudley,Stark,299.0,3.0,34.0,34.0,1,0,0,0,1,0,0
209,Dunsen,None,,,,26.0,1,0,0,1,0,0,0
210,Dunstan Drumm,Greyjoy,,,,19.0,1,1,0,0,0,1,0
211,Duram Bar Emmon,Baratheon,,,,0.0,1,1,0,1,0,0,0
212,Dykk Harlaw,Greyjoy,299.0,2.0,66.0,66.0,1,0,0,1,0,0,0
213,Dywen,Night's Watch,,,,48.0,1,0,1,1,1,0,1
214,Easy,Night's Watch,300.0,3.0,55.0,55.0,1,0,0,0,1,0,0
215,Ebben,Night's Watch,299.0,2.0,68.0,43.0,1,0,0,1,0,0,0
216,Eddard Karstark,Stark,298.0,1.0,63.0,53.0,1,1,1,0,0,0,0
217,Eddard Stark,House Stark,299.0,1.0,65.0,1.0,1,1,1,0,0,0,0
218,Eddison Tollett,Night's Watch,,,,13.0,1,0,0,1,1,1,1
219,Edmure Tully,House Tully,,,,28.0,1,1,1,1,1,1,0
220,Edric Dayne,None,,,,34.0,1,1,0,0,1,0,0
221,Edric Storm,House Baratheon,,,,10.0,1,0,0,0,1,0,0
222,Edwyn Frey,None,,,,38.0,1,1,0,0,1,1,0
223,Eggon,None,,,,30.0,1,0,0,1,0,0,0
224,Elder Brother,None,,,,31.0,1,0,0,0,0,1,0
225,Eldred Codd,Greyjoy,,,,18.0,1,1,0,0,0,1,0
226,Eleyna Westerling,Stark,,,,45.0,0,1,0,0,1,1,0
227,Elinor Tyrell,Tyrell,,,,6.0,0,1,0,0,1,1,0
228,Ellaria Sand,Martell,,,,38.0,0,1,0,0,1,0,1
229,Elmar Frey,None,,,,59.0,1,1,1,1,1,0,0
230,Elyas Willum,Baratheon,,,,22.0,1,1,0,1,0,0,0
231,Emmon Cuy,Baratheon,299.0,2.0,42.0,33.0,1,1,0,1,0,0,0
232,Emmon Frey,Lannister,,,,29.0,1,1,1,0,0,1,0
233,Emmond,Greyjoy,,,,1.0,1,0,0,0,0,1,0
234,Emrick,Night's Watch,,,,75.0,1,0,0,0,1,0,1
235,Endehar,Greyjoy,,,,56.0,1,0,0,1,0,0,0
236,Elwood,House Tully,299.0,3.0,20.0,20.0,1,0,0,0,1,0,0
237,Endrew Tarth,Night's Watch,299.0,3.0,69.0,60.0,1,0,1,0,1,0,0
238,Enger,House Tully,,,,39.0,1,0,0,1,0,0,0
239,Eon Hunter,Arryn,300.0,3.0,80.0,38.0,1,1,1,0,1,0,0
240,Erik Ironmaker,Greyjoy,,,,19.0,1,1,0,0,0,1,0
241,Ermesande Hayford,None,,,,2.0,0,1,0,1,1,1,0
242,Eroeh,Targaryen,298.0,1.0,68.0,61.0,1,0,1,0,0,0,0
243,Erreck,None,,,,12.0,1,0,0,0,1,0,0
244,Erryk (Guard),House Tyrell,,,,6.0,1,0,0,0,1,1,0
245,Esgred,Greyjoy,,,,24.0,1,0,0,1,0,0,0
246,Ezzara,Targaryen,,,,30.0,0,0,0,0,0,0,1
247,Falia Flowers,Greyjoy,,,,29.0,0,0,0,0,0,1,0
248,Falyse Stokeworth,Lannister,300.0,5.0,36.0,2.0,0,1,0,1,0,1,0
249,Farlen,House Stark,299.0,2.0,56.0,46.0,1,0,0,1,0,0,0
250,Fat Walda Frey,None,,,,37.0,0,1,0,0,1,0,1
251,Flement Brax,Lannister,,,,56.0,1,1,1,0,1,1,0
252,Fletcher Will,None,299.0,3.0,34.0,34.0,1,0,0,0,1,0,0
253,Fogo,None,298.0,1.0,61.0,46.0,1,1,1,0,0,0,0
254,Forley Prester,Lannister,,,,33.0,1,1,0,0,0,1,0
255,Fornio,Night's Watch,,,,33.0,1,0,0,0,1,0,0
256,Frenken,Lannister,,,,15.0,1,0,0,1,1,0,0
257,Frenya,Wildling,300.0,5.0,69.0,37.0,0,0,0,0,0,0,1
258,Frynne,Martell,,,,40.0,0,0,0,0,0,1,0
259,Gage,House Stark,,,,4.0,1,1,0,1,0,0,0
260,Galazza Galare,None,,,,23.0,0,1,0,0,0,0,1
261,Galbart Glover,Stark,,,,55.0,1,1,1,0,1,0,0
262,Gared,Night's Watch,297.0,1.0,1.0,0.0,1,0,1,0,0,0,0
263,Garin (Orphan),Martell,,,,21.0,1,0,0,0,0,1,0
264,Gariss,House Stark,,,,50.0,1,0,0,1,0,0,0
265,Garlan Tyrell,House Tyrell,,,,62.0,1,1,0,1,1,1,0
266,Garrett Paege,Lannister,,,,30.0,1,1,0,0,0,1,0
267,Garse Goodbrook,None,299.0,3.0,,,1,1,0,0,1,0,0
268,Garth Greyfeather,Night's Watch,300.0,5.0,31.0,48.0,1,0,0,0,1,0,1
269,Garth of Greenaway,Night's Watch,300.0,5.0,4.0,33.0,1,0,0,0,1,0,1
270,Garth of Oldtown,Night's Watch,299.0,3.0,33.0,33.0,1,0,0,0,1,0,0
271,Gawen Westerling,Stark,,,,33.0,1,1,0,0,0,1,0
272,Gelmarr,House Greyjoy,299.0,2.0,56.0,50.0,1,0,0,1,0,0,0
273,Gendry,None,,,,27.0,1,0,1,1,1,1,0
274,Genna Lannister,Lannister,,,,33.0,0,1,0,0,0,1,0
275,Gerald Gower,Baratheon,,,,54.0,1,1,0,0,1,0,0
276,Gerold Dayne,Martell,,,,13.0,1,1,0,0,0,1,0
277,Gerren,None,299.0,2.0,19.0,14.0,1,0,0,1,0,0,0
278,Gerris Drinkwater,Martell,,,,6.0,1,1,0,0,0,0,1
279,Gevin Harlaw,Greyjoy,299.0,2.0,66.0,37.0,1,1,0,1,0,0,0
280,Ghael,None,,,,71.0,1,0,0,0,1,0,1
281,Ghost of High Heart,None,,,,22.0,0,0,0,0,1,0,0
282,Gillam,None,,,,31.0,1,0,0,0,0,1,0
283,Gilly,Wildling,,,,23.0,0,0,0,1,1,1,1
284,Gilwood Hunter,Arryn,,,,80.0,1,1,0,0,1,0,0
285,Gladden Wylde,Stark,298.0,1.0,55.0,43.0,1,1,1,0,0,0,0
286,Glendon Hewett,Night's Watch,,,,69.0,1,0,0,0,1,0,0
287,Goady,Night's Watch,,,,0.0,1,0,0,0,1,0,0
288,Godric Borrell,None,,,,9.0,1,1,0,0,0,0,1
289,Godry Farring,Baratheon,,,,3.0,1,1,0,0,0,0,1
290,Godwyn,House Lannister,,,,32.0,1,0,1,0,0,0,0
291,Goghor,None,,,,52.0,1,0,0,0,0,0,1
292,Gormond Goodbrother,Greyjoy,,,,1.0,1,1,0,0,0,1,0
293,Gorold Goodbrother,Greyjoy,,,,1.0,1,1,0,0,0,1,0
294,Gran Goodbrother,Greyjoy,,,,1.0,1,1,0,0,0,1,0
295,Grazdan,None,299.0,3.0,27.0,27.0,1,1,0,0,1,0,0
296,Grazdan mo Eraz,None,,,,42.0,1,1,0,0,1,0,0
297,Grazdan mo Ullhor,None,299.0,3.0,27.0,27.0,1,1,0,0,1,0,0
298,Grazdan zo Galare,None,,,,2.0,1,1,0,0,0,0,1
299,Grazdar zo Galare,None,,,,2.0,1,1,0,0,0,0,1
300,Gregor Clegane,Lannister,300.0,4.0,72.0,29.0,1,1,1,1,1,0,0
301,Grenn,Night's Watch,,,,19.0,1,0,1,1,1,1,1
302,Grey Worm,Targaryen,,,,42.0,1,0,0,0,1,0,1
303,Greydon Goodbrother,Greyjoy,,,,1.0,1,1,0,0,0,1,0
304,Grigg,Wildling,,,,30.0,1,0,0,0,1,0,0
305,Grisel,None,,,,68.0,0,0,0,0,1,0,0
306,Groleo,House Targaryen,300.0,5.0,59.0,,1,0,0,0,1,0,1
307,Grubbs,Night's Watch,300.0,5.0,4.0,0.0,1,0,0,0,1,0,1
308,Grunt,None,,,,12.0,1,0,0,0,0,0,1
309,Gueren,Night's Watch,,,,38.0,1,0,1,0,0,0,0
310,Guncer Sunglass,Baratheon,299.0,3.0,10.0,0.0,1,1,0,1,1,0,0
311,Guyard Morrigen,Baratheon,299.0,2.0,62.0,22.0,1,1,0,1,0,0,0
312,Gwin Goodbrother,Greyjoy,,,,1.0,0,1,0,0,0,1,0
313,Gylbert Farwynd,Greyjoy,,,,19.0,1,1,0,0,0,1,0
314,Gyles Farwynd,Greyjoy,,,,19.0,1,1,0,0,0,1,0
315,Gyles Grafton,Arryn,,,,41.0,1,1,0,0,0,1,0
316,Gyles Rosby,Lannister,300.0,4.0,39.0,57.0,1,1,1,1,1,1,0
317,Gynir,House Greyjoy,299.0,2.0,56.0,50.0,1,0,0,1,0,0,0
318,Gysella Goodbrother,Greyjoy,,,,1.0,0,1,0,0,0,1,0
319,Haggo,None,298.0,1.0,64.0,11.0,1,0,1,0,0,0,0
320,Hairy Hal,Night's Watch,300.0,5.0,31.0,55.0,1,0,0,0,1,1,1
321,Hake,Night's Watch,299.0,3.0,46.0,52.0,1,0,1,1,1,0,0
322,Halder,Night's Watch,,,,19.0,1,0,1,0,1,0,0
323,Haldon,House Targaryen,,,,8.0,1,0,0,0,0,0,1
324,Hali,Wildling,298.0,1.0,37.0,37.0,0,0,1,0,0,0,0
325,Hallis Mollen,Stark,,,,14.0,1,1,1,1,0,0,0
326,Hallyne,Lannister,,,,17.0,1,0,0,1,0,1,0
327,Halys Hornwood,Stark,298.0,1.0,62.0,53.0,1,1,1,0,0,0,0
328,Hamish the Harper,None,300.0,5.0,43.0,32.0,1,0,0,0,1,1,0
329,Hareth (Mole's Town),Night's Watch,,,,64.0,1,0,0,0,1,0,1
330,Harghaz,None,300.0,5.0,70.0,52.0,1,0,0,0,0,0,1
331,Harma,Wildling,300.0,3.0,75.0,0.0,0,1,0,0,1,0,0
332,Harmund Sharp,Greyjoy,,,,19.0,1,1,0,0,0,1,0
333,Harmune,Night's Watch,,,,78.0,1,0,0,0,0,0,1
334,Harra,None,299.0,2.0,64.0,26.0,0,0,0,1,0,0,0
335,Harrag Sharp,Greyjoy,299.0,5.0,19.0,66.0,1,1,0,1,0,1,0
336,Harras Harlaw,Greyjoy,,,,11.0,1,1,0,0,0,1,0
337,Harwood Fell,House Baratheon,300.0,5.0,42.0,17.0,1,1,0,0,0,0,1
338,Hazzea,None,300.0,5.0,11.0,11.0,0,0,0,0,0,0,1
339,Harrion Karstark,Stark,,,,53.0,1,1,1,1,0,0,0
340,Harry Strickland,None,,,,24.0,1,0,0,0,0,0,1
341,Harwin,Stark,,,,1.0,1,0,1,0,1,1,0
342,Harwood Stout,Stark,,,,32.0,1,1,0,0,0,0,1
343,Harys Haigh,None,,,,64.0,1,1,0,1,1,0,0
344,Harys Swyft,Lannister,,,,69.0,1,1,1,1,1,1,1
345,Helman Tallhart,Stark,299.0,3.0,37.0,55.0,1,1,1,0,1,0,0
346,Henly (Maester),None,,,,37.0,1,0,0,0,0,0,1
347,Heward,House Stark,298.0,1.0,35.0,35.0,1,0,1,0,0,0,0
348,High Sparrow,None,,,,4.0,1,0,0,0,0,1,1
349,Hobb,Night's Watch,,,,52.0,1,0,1,0,1,0,1
350,Hobber Redwyne,Tyrell,,,,27.0,1,1,1,1,1,1,0
351,Hod,None,,,,5.0,1,0,0,1,0,0,0
352,Hodor,House Stark,,,,24.0,1,0,1,1,1,0,1
353,Holger,None,,,,49.0,1,0,0,1,0,0,0
354,Holly,Wildling,300.0,5.0,69.0,37.0,0,0,0,0,0,0,1
355,Hop-Robin,Night's Watch,,,,75.0,1,0,0,0,1,0,1
356,Horas Redwyne,Tyrell,,,,27.0,1,1,1,1,0,1,0
357,Horton Redfort,Arryn,,,,23.0,1,1,0,0,0,1,0
358,Hosteen Frey,None,,,,59.0,1,1,1,1,1,0,1
359,Hoster Tully,House Tully,299.0,3.0,35.0,71.0,1,1,1,1,1,0,0
360,Hot Pie,None,,,,1.0,1,0,0,1,1,0,0
361,Hother Umber,Stark,,,,16.0,1,1,0,1,0,0,1
362,Howd Wanderer,Wildling,,,,58.0,1,1,0,0,0,0,1
363,Hubard Rambton,Baratheon,299.0,5.0,10.0,10.0,1,1,0,1,0,0,0
364,Hugh,House Arryn,298.0,1.0,29.0,25.0,1,0,1,0,0,0,0
365,Hugo Vance,Tully,,,,30.0,1,1,0,0,0,1,0
366,Hullen,House Stark,298.0,1.0,50.0,1.0,1,0,1,0,0,0,0
367,Humfrey Swyft,Lannister,,,,16.0,1,1,0,0,0,1,0
368,Husband,None,,,,11.0,1,0,0,0,1,0,0
369,Hyle Hunt,None,300.0,4.0,42.0,14.0,1,1,0,0,0,1,0
370,Iggo,None,299.0,3.0,3.0,3.0,1,0,0,0,1,0,0
371,Illyrio Mopatis,House Targaryen,,,,3.0,1,1,1,0,0,0,1
372,Ilyn Payne,Lannister,,,,15.0,1,1,1,1,1,1,0
373,Imry Florent,Baratheon,299.0,3.0,4.0,58.0,1,1,0,1,1,0,0
374,Iron Emmett,Night's Watch,,,,79.0,1,0,0,0,1,0,1
375,Irri,House Targaryen,,,,11.0,0,0,1,1,1,0,1
376,Ithoke,None,,,,11.0,1,0,0,0,0,0,1
377,Jacelyn Bywater,Lannister,299.0,2.0,19.0,8.0,0,1,0,1,0,0,0
378,Jack Bulwer,Night's Watch,300.0,5.0,31.0,64.0,1,0,0,0,1,1,1
379,Jack-Be-Lucky,None,,,,17.0,1,0,0,0,1,1,0
380,Jacks,House Stark,,,,22.0,1,0,1,1,0,0,0
381,Jaggot,None,,,,42.0,1,0,1,0,0,0,0
382,Jaime Lannister,Lannister,,,,5.0,1,1,1,1,1,1,1
383,Jalabhar Xho,None,,,,29.0,1,1,1,1,1,1,0
384,Janna Tyrell,Tyrell,,,,6.0,0,1,0,0,1,1,0
385,Janos Slynt,None,300.0,5.0,7.0,27.0,1,1,1,1,1,0,1
386,Jaqen H'ghar,None,,,,5.0,1,0,0,1,0,1,0
387,Jared Frey,None,300.0,5.0,37.0,59.0,1,1,1,1,0,0,1
388,Jaremy Rykker,Night's Watch,298.0,5.0,60.0,21.0,1,1,1,0,0,0,0
389,Jarl,Wildling,299.0,3.0,26.0,7.0,1,0,0,0,1,0,0
390,Jarman Buckwell,Night's Watch,300.0,5.0,21.0,13.0,1,0,0,1,0,0,1
391,Jason Mallister,Stark,,,,28.0,1,1,1,0,1,0,0
392,Jate,House Lannister,,4.0,44.0,44.0,1,0,0,0,0,1,0
393,Jate Blackberry,House Baratheon,,3.0,10.0,10.0,1,0,0,0,1,0,0
394,Jeor Mormont,Night's Watch,299.0,3.0,33.0,48.0,1,1,1,1,1,0,0
395,Jeren,Night's Watch,,,,19.0,1,0,1,0,0,0,0
396,Jeyne Poole,Stark,,,,7.0,0,1,1,0,1,0,1
397,Jeyne Westerling,Stark,,,,14.0,0,1,0,0,1,1,0
398,Jhaqo,None,,,,68.0,1,1,1,0,0,0,1
399,Jhezane,None,,,,2.0,0,1,0,0,0,0,1
400,Jhiqui,House Targaryen,,,,11.0,0,0,1,1,1,0,1
401,Jhogo,House Targaryen,,,,23.0,1,0,1,1,1,0,1
402,Jocelyn Swyft,Lannister,,,,3.0,0,1,0,0,0,1,1
403,Jodge,House Lannister,,,,30.0,1,0,0,1,0,0,0
404,Jojen Reed,Stark,,,,21.0,1,1,0,1,1,0,1
405,Jommy,House Baratheon,,,,0.0,1,0,0,1,0,0,0
406,Jon Bettley,Lannister,,,,16.0,1,1,0,0,0,1,0
407,Jon Connington,Targaryen,,,,5.0,1,1,0,0,0,0,1
408,Jon Fossoway,Baratheon,,,,22.0,1,1,0,1,0,0,0
409,Jon Snow,Night's Watch,,,,1.0,1,1,1,1,1,1,1
410,Jon Umber (Greatjon),Stark,,,,51.0,1,1,1,1,1,0,0
411,Joffrey Baratheon,House Lannister,300.0,3.0,60.0,5.0,1,1,1,1,1,0,0
412,Jon Umber (Smalljon),Stark,299.0,3.0,51.0,63.0,1,1,1,0,1,0,0
413,Jonelle Cerwyn,Stark,,,,53.0,0,1,1,0,0,0,0
414,Jonos Bracken,Tully,,,,28.0,1,1,1,0,1,0,1
415,Jorah Mormont,Targaryen,,,,23.0,1,1,1,1,1,0,1
416,Jory Cassel,Stark,298.0,1.0,35.0,1.0,1,1,1,0,0,0,0
417,Joseran,Greyjoy,,,,11.0,1,0,0,0,0,1,0
418,Joseth,House Stark,,,,37.0,1,0,1,1,0,0,0
419,Josmyn Peckledon,Lannister,,,,65.0,1,0,0,1,1,1,1
420,Joss,None,,,,43.0,1,0,1,0,0,0,0
421,Joss Stilwood,Lannister,,,,,1,0,1,0,0,0,0
422,Josua Willum,Baratheon,,,,22.0,1,1,0,1,0,0,0
423,Jothos Slynt,Lannister,,,,66.0,1,1,0,0,1,0,0
424,Joyeuse Erenford,None,,,,28.0,0,1,1,0,1,0,0
425,Justin Massey,Baratheon,,,,7.0,1,1,0,0,0,0,1
426,Jyck,House Lannister,298.0,1.0,31.0,21.0,1,0,1,0,0,0,0
427,Jynessa Blackmont,Martell,,,,38.0,0,1,0,0,1,0,0
428,Karyl Vance,Tully,,,,43.0,1,1,1,0,1,1,0
429,Kedge Whiteye,Night's Watch,,,,43.0,1,0,0,1,1,1,0
430,Kella,None,,,,68.0,0,0,0,0,1,0,0
431,Kennos of Kayce,Lannister,,,,6.0,1,1,0,0,1,1,1
432,Ketter,Night's Watch,,,,52.0,1,0,1,0,0,0,0
433,Kenned,House Greyjoy,299.0,2.0,66.0,66.0,1,0,0,1,0,0,0
434,Kerwin,House Tyrell,300.0,5.0,56.0,29.0,1,0,0,0,0,1,1
435,Kevan Lannister,House Lannister,300.0,5.0,,56.0,1,1,1,1,1,1,1
436,Kezmya,None,,,,2.0,0,1,0,0,0,0,1
437,Khorane Sathmantes,None,,,,10.0,1,0,0,0,1,0,0
438,Khrazz,None,300.0,5.0,67.0,11.0,1,0,0,0,0,0,1
439,Kindly man,None,,,,6.0,1,0,0,0,0,1,1
440,Kojja Mo,None,,,,35.0,0,0,0,0,0,1,0
441,Koss,Night's Watch,299.0,2.0,14.0,5.0,1,0,0,1,0,0,0
442,Kraznys mo Nakloz,None,299.0,3.0,27.0,23.0,1,1,0,0,1,0,0
443,Kromm,House Greyjoy,299.0,2.0,66.0,56.0,1,0,0,1,0,0,0
444,Kurleket,None,298.0,1.0,31.0,31.0,1,0,1,0,0,0,0
445,Kurz,Night's Watch,299.0,2.0,19.0,5.0,1,0,0,1,0,0,0
446,Kyle (Banners),None,299.0,3.0,39.0,39.0,1,0,0,0,1,0,0
447,Kyra,House Stark,300.0,5.0,12.0,37.0,0,0,1,1,0,0,1
448,Lady of the Leaves,None,,,,22.0,0,0,0,0,1,0,0
449,Lambert Turnberry,Lannister,,,,7.0,1,1,0,0,0,1,0
450,Lamprey,Baratheon,,,,25.0,1,0,0,0,1,0,0
451,Lancel Lannister,Lannister,,,,47.0,1,1,1,1,1,1,1
452,Lanna (Happy Port),None,,,,34.0,0,0,0,0,0,1,0
453,Lark,Night's Watch,299.0,3.0,46.0,23.0,1,0,0,1,1,0,0
454,Larra Blackmont,Martell,,,,38.0,0,1,0,0,1,0,0
455,Larraq,Targaryen,,,,59.0,1,0,0,0,0,0,1
456,Leathers,Night's Watch,,,,35.0,1,0,0,0,0,0,1
457,Left Hand Lew,Night's Watch,,,,48.0,1,0,0,0,1,0,1
458,Lem,None,,,,13.0,1,0,0,0,1,1,0
459,Lennocks,None,,,34.0,34.0,1,0,0,0,1,0,0
460,Lenwood Tawney,Greyjoy,,,,18.0,1,0,0,0,0,1,0
461,Leo Lefford,Lannister,299.0,2.0,45.0,62.0,1,1,1,1,0,0,0
462,Leo Tyrell,Tyrell,,,,0.0,1,1,0,0,0,1,0
463,Leobald Tallhart,Stark,299.0,2.0,66.0,16.0,1,1,0,1,0,0,0
464,Leona Woolfield,Stark,,,,19.0,0,1,0,0,0,0,1
465,Leonette Fossoway,Tyrell,,,,6.0,0,1,0,0,1,0,0
466,Lew,House Stark,,,,7.0,1,0,1,0,0,0,0
467,Lewis Lanster,None,,,,25.0,1,0,0,0,0,0,1
468,Lewys Lydden,Lannister,,,,62.0,1,1,1,1,0,0,0
469,Lewys Piper,Lannister,,,,27.0,1,1,0,0,0,1,0
470,Lharys,Stark,298.0,1.0,34.0,31.0,1,1,1,0,0,0,0
471,Little Walder Frey,None,300.0,5.0,51.0,59.0,1,1,1,1,0,0,1
472,Lollys Stokeworth,Lannister,,,,2.0,0,1,0,1,1,0,0
473,Lommy,Night's Watch,299.0,2.0,19.0,1.0,1,0,0,1,0,0,0
474,Loras Tyrell,Tyrell,,,,18.0,1,1,1,1,1,1,0
475,Lorcas,None,,,,45.0,1,0,0,0,0,1,0
476,Lord of Bones,Wildling,300.0,5.0,10.0,68.0,1,1,0,1,1,0,1
477,Lorent Caswell,Baratheon,,,,22.0,1,1,0,1,0,0,0
478,Lorren,Greyjoy,299.0,2.0,66.0,37.0,1,0,0,1,0,0,0
479,Lothar Frey,None,,,,35.0,1,1,0,0,1,0,0
480,Lothor Brune,None,,,,29.0,1,1,1,1,1,1,0
481,Lucan,None,299.0,2.0,64.0,38.0,1,0,0,1,0,0,0
482,Lucas Blackwood,Tully,299.0,3.0,51.0,22.0,1,1,0,1,1,0,0
483,Lucas Codd,Greyjoy,,,,11.0,1,1,0,0,0,1,0
484,Lucias Vypren,None,,,,49.0,1,1,0,0,1,0,0
485,Luco Prestayn,None,,,,22.0,1,0,0,0,0,1,0
486,Luke of Longtown,Night's Watch,,,,35.0,1,0,0,0,0,0,1
487,Luton,None,300.0,5.0,51.0,37.0,1,0,0,0,0,0,1
488,Luwin,House Stark,299.0,2.0,69.0,14.0,1,0,1,1,0,0,0
489,Lyle Crakehall,Lannister,,,,12.0,1,1,0,0,0,1,0
490,Lyman Darry,Tully,299.0,3.0,7.0,71.0,1,1,1,1,0,0,0
491,Lymond Goodbrook,Tully,,,,45.0,1,1,0,0,1,0,0
492,Lymond Lychester,Tully,,,,22.0,1,1,0,0,1,0,0
493,Lyn Corbray,Arryn,,,,38.0,1,1,1,0,0,1,0
494,Lyonel,None,,,,38.0,1,0,0,1,0,0,0
495,Lysa Tully,House Arryn,300.0,3.0,,34.0,0,1,1,0,1,0,0
496,Lysono Maar,None,,,,24.0,1,0,0,0,0,0,1
497,Mace Tyrell,House Tyrell,,,,62.0,1,1,0,1,1,1,1
498,Mad Huntsman,None,,,,29.0,1,0,0,0,1,0,0
499,Maege Mormont,Stark,,,,53.0,0,1,1,0,1,0,0
500,Maerie (Goodwife),None,299.0,3.0,34.0,34.0,0,0,0,0,1,0,0
501,Maerie (Whore),None,299.0,3.0,34.0,34.0,0,0,0,0,1,0,0
502,Mag Mar Tun Doh Weg,Wildling,300.0,3.0,64.0,15.0,1,1,0,0,1,0,0
503,Mago,None,,,,61.0,1,0,1,0,0,0,0
504,Mallador Locke,Night's Watch,299.0,5.0,18.0,13.0,1,0,0,1,1,0,0
505,Malliard,Lannister,,,,20.0,1,0,0,1,0,0,0
506,Mallor,House Lannister,,,,63.0,1,0,1,0,0,0,0
507,Mance Rayder,Wildling,,,,15.0,1,1,0,0,1,0,1
508,Mandon Moore,Baratheon,299.0,2.0,61.0,51.0,1,1,1,1,0,0,0
509,Maric Seaworth,House Baratheon,299.0,2.0,58.0,10.0,1,1,0,1,0,0,0
510,Marei,None,,,,29.0,0,0,0,1,0,0,0
511,Margaery Tyrell,House Tyrell,,,,22.0,0,1,0,1,1,1,0
512,Marillion,Arryn,300.0,4.0,23.0,28.0,1,0,1,0,1,1,0
513,Maris,Wildling,,,,58.0,0,0,0,0,0,0,1
514,Marissa Frey,None,,,,49.0,0,1,0,0,1,1,0
515,Mariya Darry,None,,,,30.0,0,1,0,0,0,1,0
516,Mark Mullendore,Tully,,,,22.0,1,1,0,1,0,0,0
517,Marlon Manderly,Stark,,,,19.0,1,1,0,0,0,0,1
518,Maron Volmark,Greyjoy,,,,18.0,1,1,0,0,0,1,0
519,Marq Piper,Tully,,,,56.0,1,1,1,0,1,0,0
520,Martyn Rivers,None,,,,29.0,1,1,1,1,1,0,0
521,Marwyn,None,,,,0.0,1,0,0,0,0,1,0
522,Marwyn Belmore,Arryn,,,,10.0,1,1,0,0,0,1,0
523,Masha Heddle,Tully,298.0,1.0,56.0,28.0,0,0,1,0,0,0,0
524,Maslyn,Night's Watch,299.0,3.0,18.0,0.0,1,0,0,0,1,0,0
525,Mathis Rowan,Lannister,,,,22.0,1,1,0,1,1,1,0
526,Mathos Mallarawan,None,,,,40.0,1,1,0,1,0,0,0
527,Matrice,Baratheon,,,,0.0,0,0,0,1,0,0,0
528,Matthos Seaworth,Baratheon,299.0,2.0,58.0,10.0,1,1,0,1,0,0,0
529,Matthar,Night's Watch,,,,41.0,1,0,1,0,0,0,0
530,Mawney,Night's Watch,300.0,5.0,4.0,18.0,1,0,0,0,1,0,1
531,Mebble,None,,,,47.0,1,0,0,1,0,0,0
532,Medger Cerwyn,Stark,299.0,2.0,30.0,53.0,1,1,1,1,0,0,0
533,Meera Reed,Stark,,,,21.0,0,1,0,1,1,0,1
534,Megga Tyrell,House Tyrell,,,,6.0,0,1,0,0,1,1,0
535,Meha,Wildling,,,,0.0,0,0,0,0,0,0,1
536,Mela,House Arryn,,,,23.0,0,0,0,0,0,1,0
537,Meldred Merlyn,Greyjoy,,,,1.0,1,1,0,0,0,1,0
538,Meliana,Stark,,,,69.0,0,0,0,0,1,0,0
539,Melisandre,Baratheon,,,,0.0,0,0,0,1,1,0,1
540,Mellei,House Martell,,,,40.0,0,0,0,0,0,1,0
541,Melly,None,,,,34.0,0,0,0,0,1,0,0
542,Meredyth Crane,Tyrell,,,,61.0,0,1,0,0,1,1,0
543,Meribald,None,,,,25.0,1,0,0,0,0,1,0
544,Merlon Crakehall,Lannister,,,,38.0,1,1,0,0,1,0,0
545,Mero,None,299.0,3.0,57.0,42.0,1,0,0,0,1,0,0
546,Merrett Frey,None,300.0,3.0,,59.0,1,1,1,0,1,0,0
547,Meryn Trant,Lannister,,,,8.0,1,1,1,1,1,1,1
548,Mezzara,None,,,,2.0,0,1,0,0,0,0,1
549,Mikken,House Stark,299.0,2.0,46.0,8.0,1,0,1,1,0,0,0
550,Miklaz,None,,,,2.0,1,1,0,0,0,0,1
551,Mirri Maz Duur,None,299.0,1.0,72.0,61.0,0,0,1,0,0,0,0
552,Missandei,House Targaryen,,,,23.0,0,0,0,0,1,0,1
553,Mohor,None,298.0,1.0,31.0,31.0,1,1,1,0,0,0,0
554,Mollander,None,,,,0.0,1,0,0,0,0,1,0
555,Monford Velaryon,Baratheon,299.0,3.0,25.0,0.0,1,1,0,1,0,0,0
556,Monster,Wildling,,,,33.0,1,0,0,0,1,1,1
557,Moon Boy,Baratheon,,,,29.0,1,0,1,1,1,1,0
558,Moqorro,Greyjoy,,,,33.0,1,0,0,0,0,0,1
559,Mord,House Arryn,,,,38.0,1,0,1,0,0,1,0
560,Mordane,House Stark,298.0,1.0,67.0,7.0,0,0,1,0,0,0,0
561,Moreo Tumitis,None,,,,18.0,1,0,1,0,0,0,0
562,Morgarth,None,,,,41.0,1,0,0,0,0,1,0
563,Morna White Mask,Wildling,,,,48.0,0,1,0,0,0,0,1
564,Moro,None,,,,3.0,1,1,1,0,0,0,0
565,Morra,House Martell,,,,40.0,0,0,0,0,0,1,0
566,Morrec,House Lannister,298.0,1.0,31.0,13.0,1,0,1,0,0,0,0
567,Morros Slynt,Lannister,,,,2.0,1,1,0,1,1,0,0
568,Mors Manwoody,Martell,,,,38.0,1,1,0,0,1,0,0
569,Mors Umber,Stark,,,,21.0,1,1,0,1,0,0,0
570,Morton Waynwood,Arryn,,,,40.0,1,1,1,0,0,0,0
571,Mudge (miller),None,299.0,3.0,34.0,34.0,1,0,0,0,1,0,0
572,Mully,Night's Watch,,,,55.0,1,0,0,0,1,1,1
573,Munciter,Lannister,,,,20.0,1,0,0,1,0,0,0
574,Murch,Night's Watch,,,,9.0,1,0,0,1,0,0,0
575,Murch (Winterfell),House Stark,,,,50.0,1,0,0,1,0,0,0
576,Mossador,House Targaryen,300.0,5.0,11.0,11.0,1,0,0,0,1,0,1
577,Murenmure,Greyjoy,,,,1.0,1,0,0,0,0,1,0
578,Muttering Bill,Night's Watch,300.0,5.0,4.0,,1,0,0,0,1,0,1
579,Mya Stone,Arryn,,,,34.0,0,0,1,0,0,1,0
580,Mycah,Stark,298.0,1.0,16.0,15.0,1,0,1,0,0,0,0
581,Myles,House Martell,,,,2.0,1,0,0,0,0,1,1
582,Myles Manwoody,Martell,,,,38.0,1,1,0,0,1,0,0
583,Myranda Royce,Arryn,,,,41.0,0,1,0,0,0,1,0
584,Myrcella Baratheon,Lannister,,,,5.0,0,1,1,1,0,1,0
585,Myria Jordayne,Martell,,,,38.0,0,0,0,0,1,0,1
586,Myrtle,Wildling,300.0,5.0,69.0,37.0,0,0,0,0,0,0,1
587,Nage,None,,,,44.0,1,0,0,0,1,0,0
588,Myles,House Tully,299.0,2.0,39.0,39.0,1,0,0,1,0,0,0
589,Nan,House Stark,,,,1.0,0,0,1,1,0,0,0
590,Narbert,None,,,,31.0,1,0,0,0,0,1,0
591,Nestor Royce,Arryn,,,,34.0,1,1,1,0,0,1,0
592,Nolla,None,299.0,3.0,34.0,34.0,0,0,0,0,1,0,0
593,Norjen,Greyjoy,,,,1.0,1,0,0,0,0,1,0
594,Nurse,None,300.0,5.0,57.0,57.0,1,0,0,0,0,0,1
595,Notch,None,,,,43.0,1,0,0,0,1,0,0
596,Nute,House Greyjoy,,,,18.0,1,0,0,0,0,1,0
597,Nymella Toland,Martell,,,,38.0,0,1,0,0,0,0,1
598,Nymeria Sand,House Martell,,,,2.0,0,1,0,0,0,1,1
599,Obara Sand,House Martell,,,,2.0,0,1,0,0,0,1,1
600,Oberyn Martell,House Martell,300.0,3.0,70.0,38.0,1,1,0,0,1,0,0
601,Ogo,None,298.0,1.0,61.0,46.0,1,1,1,0,0,0,0
602,Old Henly,Night's Watch,299.0,3.0,55.0,55.0,1,0,0,0,1,0,0
603,Olenna Redwyne,Tyrell,,,,19.0,0,1,0,0,1,1,0
604,Ollo Lophand,Night's Watch,300.0,5.0,4.0,0.0,1,0,0,0,1,0,1
605,Olyvar Frey,None,,,,59.0,1,1,1,0,0,0,0
606,Ondrew Locke,Stark,,,,37.0,1,1,0,0,0,0,1
607,Oppo,None,300.0,4.0,17.0,60.0,1,0,0,0,1,1,0
608,Orell,Wildling,299.0,2.0,51.0,51.0,1,0,0,1,0,0,0
609,Orphan Oss,Night's Watch,300.0,5.0,4.0,,1,0,0,0,1,0,1
610,Orton Merryweather,Lannister,,,,11.0,1,1,0,0,1,1,0
611,Osfryd Kettleblack,Lannister,,,,41.0,1,1,0,1,1,1,0
612,Osha,House Stark,,,,37.0,0,0,1,1,0,0,0
613,Osmund Kettleblack,Lannister,,,,41.0,1,1,0,1,1,1,0
614,Osney Kettleblack,Lannister,,,,41.0,1,1,0,1,1,1,0
615,Ossy,Arryn,,,,41.0,1,0,0,0,0,1,0
616,Oswell Kettleblack,None,,,,68.0,1,1,0,0,1,0,0
617,Othell Yarwyck,Night's Watch,,,,48.0,1,0,1,0,1,0,1
618,Ottyn Wythers,Night's Watch,299.0,3.0,48.0,13.0,1,0,0,1,1,0,0
619,Owen,Night's Watch,,,,55.0,1,0,0,0,1,0,1
620,Owen Norrey,Tully,299.0,3.0,51.0,51.0,1,1,0,0,1,0,0
621,Oznak zo Pahl,None,299.0,3.0,57.0,57.0,1,1,0,0,1,0,0
622,Palla,House Stark,,,,46.0,0,0,0,1,0,0,0
623,Parmen Crane,Baratheon,,,,22.0,1,1,0,1,0,0,0
624,Patchface,Baratheon,,,,0.0,1,0,0,1,1,0,1
625,Pate (novice),None,300.0,4.0,0.0,0.0,1,0,0,0,0,1,0
626,Pate (Lancewood),None,299.0,3.0,34.0,34.0,1,0,0,0,1,0,0
627,Pate (Night's Watch),Night's Watch,,,,60.0,1,0,1,0,0,0,0
628,Pate (Old),None,,,34.0,13.0,1,0,0,0,1,0,0
629,Patrek of King's Mountain,Baratheon,300.0,5.0,69.0,44.0,1,1,0,0,0,0,1
630,Patrek Mallister,Tully,,,,28.0,1,1,1,0,1,0,0
631,Paxter Redwyne,Tyrell,,,,65.0,1,1,0,1,1,1,0
632,Pello,None,,,,17.0,1,0,0,0,1,0,0
633,Penny,None,,,,60.0,0,0,0,0,1,0,1
634,Perros Blackmont,Martell,,,,38.0,1,1,0,0,1,0,0
635,Perwyn Frey,None,,,,29.0,1,1,1,1,0,0,0
636,Petyr Baelish,None,,,,18.0,1,0,1,1,1,1,0
637,Petyr Frey,None,300.0,3.0,,49.0,1,1,0,0,1,0,0
638,Philip Foote,Lannister,,,,65.0,1,1,0,1,1,0,0
639,Pia,None,,,,30.0,0,0,0,1,0,1,0
640,Podrick Payne,Lannister,,,,62.0,1,1,1,1,1,1,0
641,Polliver,None,300.0,3.0,27.0,26.0,1,0,0,1,1,0,0
642,Pono,None,,,,68.0,1,1,1,0,0,0,0
643,Porridge,Baratheon,,,,25.0,1,0,0,0,1,0,0
644,Porther,House Stark,299.0,2.0,21.0,22.0,1,0,1,1,0,0,0
645,Poul Pemford,House Tully,299.0,2.0,39.0,39.0,1,0,0,1,0,0,0
646,Poxy Tym,House Stark,299.0,2.0,69.0,16.0,1,0,0,1,0,0,0
647,Praed,None,299.0,2.0,9.0,5.0,1,0,0,1,0,0,0
648,Prendahl na Ghezn,None,299.0,3.0,42.0,42.0,1,0,0,0,1,0,0
649,Preston Greenfield,Baratheon,299.0,2.0,41.0,43.0,1,0,1,1,0,0,0
650,Pyat Pree,None,,,,12.0,1,1,0,1,0,0,0
651,Pycelle,House Lannister,300.0,5.0,,20.0,1,0,1,1,1,1,1
652,Pyg,None,300.0,4.0,20.0,20.0,1,0,0,0,1,1,0
653,Pylos,Baratheon,,,,0.0,1,0,0,1,1,0,0
654,Pypar,Night's Watch,,,,19.0,1,0,1,0,1,1,1
655,Qarl Shepherd,Greyjoy,,,,26.0,1,0,0,0,0,0,1
656,Qarl the Maid,Greyjoy,,,,42.0,1,0,0,1,0,1,1
657,Qezza,None,,,,2.0,0,0,0,0,0,0,1
658,Qhorin Halfhand,Night's Watch,299.0,2.0,68.0,43.0,1,0,0,1,0,0,0
659,Qotho,None,298.0,1.0,61.0,11.0,1,0,1,0,0,0,0
660,Quaithe,None,,,,12.0,0,1,0,1,1,0,1
661,Quaro,Targaryen,298.0,1.0,64.0,50.0,1,0,1,0,0,0,0
662,Quellon Humble,Greyjoy,,,,18.0,1,1,0,0,0,1,0
663,Quent,House Stark,,,,37.0,1,0,1,0,0,0,0
664,Quenten Banefort,Lannister,,,,16.0,1,1,0,0,0,1,0
665,Quentyn Martell,Martell,300.0,5.0,70.0,6.0,1,1,0,0,0,0,1
666,Quhuru Mo,None,,,,27.0,1,0,0,1,0,1,0
667,Qyburn,Lannister,,,,64.0,1,0,0,1,1,1,1
668,Quort,Wildling,299.0,3.0,55.0,41.0,1,0,0,0,1,0,0
669,Qyle,Night's Watch,299.0,2.0,2.0,2.0,1,0,0,1,0,0,0
670,Rafford,None,,,,19.0,1,0,0,1,0,1,0
671,Ragnor Pyke,House Greyjoy,,,,29.0,1,0,0,0,0,1,0
672,Ragwyle,Wildling,,,,68.0,0,0,0,1,0,0,0
673,Rakharo,House Targaryen,,,,54.0,1,0,1,1,1,0,1
674,Ralf Kenning,Greyjoy,300.0,5.0,20.0,18.0,1,0,0,0,0,1,1
675,Ralf Stonehouse,Greyjoy,,,,18.0,1,1,0,0,0,0,1
676,Ralf the Limper,Greyjoy,,,,18.0,1,0,0,0,0,1,1
677,Ramsay Snow,None,,,,16.0,1,1,0,1,0,0,1
678,Randa,None,299.0,3.0,34.0,34.0,0,0,0,0,1,0,0
679,Randyll Tarly,Tyrell,,,,22.0,1,1,0,1,0,1,1
680,Rast,Night's Watch,299.0,3.0,26.0,55.0,1,0,1,0,1,0,0
681,Ravella Swann,Tully,,,,22.0,0,1,0,0,1,0,0
682,Raymar Royce,Arryn,,,,45.0,1,1,0,0,1,0,0
683,Raymun Darry,Targaryen,298.0,1.0,55.0,16.0,1,1,1,0,0,0,0
684,Raymund Frey,None,,,,49.0,1,1,0,0,1,0,0
685,Raynald Westerling,Stark,299.0,3.0,44.0,14.0,1,1,0,0,1,1,0
686,Red Alyn,Night's Watch,300.0,3.0,69.0,55.0,1,0,0,0,1,0,0
687,Red Rolfe,House Greyjoy,299.0,2.0,66.0,66.0,1,0,0,1,0,0,0
688,Reek,None,299.0,2.0,35.0,16.0,1,0,0,1,0,0,0
689,Renly Baratheon,House Baratheon,299.0,2.0,33.0,15.0,1,1,1,1,0,0,0
690,Reysen,Night's Watch,,,,5.0,1,0,0,1,0,0,0
691,Reznak mo Reznak,None,,,,2.0,1,1,0,0,0,0,1
692,Rhaegar Frey,None,300.0,5.0,29.0,19.0,1,1,0,0,0,0,1
693,Rhogoro,None,,,,3.0,1,1,1,0,0,0,0
694,Ricasso,House Martell,,,,2.0,1,0,0,0,0,1,1
695,Richard Horpe,Baratheon,,,,17.0,1,1,0,0,0,0,1
696,Rickard Karstark,Stark,299.0,3.0,20.0,53.0,1,1,1,1,1,0,0
697,Rickard Ryswell,Stark,,,,20.0,1,1,0,0,0,0,1
698,Rickon Stark,House Stark,,,,7.0,1,1,1,1,0,0,0
699,Rigney,None,,,,11.0,1,0,0,0,0,1,0
700,Robar Royce,Baratheon,299.0,2.0,6.0,29.0,1,1,1,1,1,0,0
701,Robb Stark,House Stark,299.0,3.0,51.0,1.0,1,1,1,1,1,0,0
702,Robert Baratheon,House Baratheon,298.0,1.0,47.0,4.0,1,1,1,0,0,0,0
703,Robert Arryn,House Arryn,,,,40.0,1,1,1,0,1,1,0
704,Robett Glover,Stark,,,,53.0,1,1,1,1,0,0,1
705,Robin Flint,Stark,299.0,3.0,51.0,63.0,1,1,1,1,1,0,0
706,Robin Moreland,Lannister,,,,16.0,1,1,0,0,0,1,0
707,Robin Ryger,Tully,,,,7.0,1,1,0,1,1,1,0
708,Rodrik Cassel,Stark,299.0,2.0,66.0,7.0,1,1,1,1,0,0,0
709,Rodrik Harlaw,Greyjoy,,,,11.0,1,1,0,0,0,1,0
710,Rodrik Ryswell,None,,,,32.0,1,1,0,0,0,0,1
711,Roger Hogg,Lannister,,,,27.0,1,1,0,0,0,1,0
712,Roger Ryswell,Stark,,,,20.0,1,1,0,0,0,0,1
713,Roland Crakehall (Lord),Lannister,,,,32.0,1,1,0,1,0,0,0
714,Rolder,House Lannister,,,,21.0,1,0,0,0,0,1,0
715,Rolfe,Greyjoy,,,,24.0,1,0,0,1,0,0,0
716,Rollam Westerling,Stark,,,,14.0,1,1,0,0,1,0,0
717,Rolfe the Dwarf,House Greyjoy,300.0,5.0,26.0,26.0,1,0,0,0,0,0,1
718,Rolley,Night's Watch,299.0,3.0,33.0,0.0,1,0,0,0,1,0,0
719,Rolly Duckfield,Targaryen,,,,8.0,1,0,0,0,0,0,1
720,Rolph Spicer,Lannister,,,,14.0,1,1,0,0,1,0,0
721,Romny Weaver,Greyjoy,,,,18.0,1,1,0,0,0,1,0
722,Ronald Storm,None,,,,61.0,1,0,0,0,0,0,1
723,Ronnel Harclay,Night's Watch,,,,48.0,1,1,0,0,1,0,0
724,Ronnet Connington,Baratheon,,,,22.0,1,1,0,1,0,1,1
725,Roose Bolton,Stark,,,,33.0,1,1,1,1,1,0,1
726,Roose Ryswell,None,,,,32.0,1,1,0,0,0,0,1
727,Rorge,None,300.0,4.0,37.0,1.0,1,0,0,1,1,1,0
728,Roslin Frey,None,,,,35.0,0,1,0,0,1,0,0
729,Rowan,Wildling,300.0,5.0,69.0,37.0,1,0,0,0,0,0,1
730,Rudge,Night's Watch,,,,60.0,1,0,1,0,0,0,0
731,Rusty Flowers,Night's Watch,,,,7.0,1,0,0,0,0,0,1
732,Ryger Rivers,None,,,,59.0,1,0,1,0,0,0,0
733,Ryk,Wildling,,,,7.0,1,0,0,0,1,0,0
734,Rupert Brax,House Lannister,299.0,2.0,32.0,32.0,1,0,0,1,0,0,0
735,Ryman Frey,None,300.0,4.0,44.0,14.0,1,1,0,0,1,1,0
736,Rymolf Stormdrunk,House Greyjoy,,,,24.0,1,0,0,1,0,0,0
737,Ryon Allyrion,Martell,,,,38.0,1,1,0,0,1,0,1
738,Salladhor Saan,Baratheon,,,,0.0,1,1,0,1,1,0,0
739,Sallor,None,299.0,3.0,42.0,42.0,1,0,0,0,1,0,0
740,Samwell Tarly,Night's Watch,,,,70.0,1,1,1,1,1,1,1
741,Sandor Clegane,None,300.0,4.0,31.0,7.0,1,1,1,1,1,1,0
742,Sawane Botley,Greyjoy,299.0,4.0,18.0,1.0,1,1,0,0,0,1,0
743,Sansa Stark,Stark,,,,7.0,0,1,1,1,1,1,0
744,Sarella Sand,House Martell,,,,2.0,0,0,0,0,0,1,0
745,Sarra Frey,None,,,,49.0,0,1,0,0,1,0,0
746,Satin,Night's Watch,,,,6.0,1,0,0,1,1,0,1
747,Sawwood,Night's Watch,,,,0.0,1,0,0,0,1,0,0
748,Sedgekins,None,,,,50.0,1,0,0,0,1,0,0
749,Selyse Florent,Baratheon,,,,0.0,0,1,0,1,1,0,1
750,Senelle,House Lannister,300.0,4.0,24.0,3.0,0,0,0,0,0,1,0
751,Serra Frey,None,,,,49.0,0,1,0,0,1,0,0
752,Shadrich,None,,,,4.0,1,0,0,0,0,1,0
753,Shae,Lannister,300.0,3.0,77.0,62.0,0,0,1,1,1,0,0
754,Shagga,Lannister,,,,39.0,1,0,1,1,0,0,0
755,Shagwell,None,300.0,4.0,20.0,30.0,1,0,0,1,1,1,0
756,Sharna,None,,,,11.0,0,0,0,0,1,0,0
757,Shireen Baratheon,Baratheon,,,,0.0,0,1,0,1,1,0,1
758,Shirei Frey,None,,,,49.0,0,1,0,0,1,0,0
759,Shyra Errol,Baratheon,300.0,4.0,,42.0,0,1,0,1,0,0,0
760,Sigfry Stonetree,Greyjoy,,,,19.0,1,1,0,0,0,1,0
761,Skahaz mo Kandaq,None,,,,2.0,1,1,0,0,0,0,1
762,Skinner,None,,,,12.0,1,0,0,0,0,0,1
763,Small Paul,Night's Watch,299.0,3.0,18.0,0.0,1,0,0,0,1,0,0
764,Softfoot,Night's Watch,299.0,3.0,18.0,0.0,1,0,0,0,1,0,0
765,Sour Alyn,None,,,,12.0,1,0,0,0,0,0,1
766,Spare Boot,Night's Watch,,,,55.0,1,0,0,0,1,0,0
767,Spotted Cat,None,,,,11.0,1,0,0,0,0,0,1
768,Spotted Pate of Maidenpool,Night's Watch,299.0,3.0,55.0,0.0,1,0,0,0,1,0,0
769,Squint,House Greyjoy,299.0,2.0,50.0,50.0,1,0,0,1,0,0,0
770,Squirrel,Wildling,300.0,5.0,69.0,37.0,0,0,0,0,0,0,1
771,Stalwart Shield,Targaryen,300.0,5.0,2.0,2.0,1,0,0,0,0,0,1
772,Steelskin,None,,,,11.0,1,0,0,0,0,0,1
773,Steffon Swyft,Lannister,,,,27.0,1,1,0,0,0,1,0
774,Stevron Frey,Stark,299.0,2.0,35.0,59.0,1,1,1,1,0,0,0
775,Stiv,Wildling,298.0,1.0,37.0,37.0,1,0,1,0,0,0,0
776,Stone Thumbs,Wildling,299.0,3.0,55.0,41.0,1,0,0,0,1,0,0
777,Stonesnake,Night's Watch,,,,43.0,1,0,0,1,0,0,0
778,Stygg,House Greyjoy,,,,37.0,1,0,0,1,0,0,0
779,Styr,Wildling,300.0,3.0,26.0,7.0,1,1,0,0,1,0,0
780,Sybassion,None,,,,63.0,1,0,0,1,0,0,0
781,Sybell Spicer,Lannister,,,,14.0,0,1,0,0,1,1,0
782,Sybelle Glover,Stark,,,,26.0,0,1,0,0,0,0,1
783,Sylva Santagar,Martell,,,,21.0,0,1,0,0,0,1,0
784,Symon Silver Tongue,Lannister,299.0,3.0,32.0,44.0,1,0,0,1,1,0,0
785,Symon Stripeback,Targaryen,,,,70.0,1,0,0,0,0,0,1
786,Symond Frey,None,300.0,5.0,29.0,19.0,1,1,0,0,0,0,1
787,Symond Templeton,Arryn,,,,10.0,1,1,0,0,0,1,0
788,Syrio Forel,House Stark,298.0,1.0,50.0,22.0,1,0,1,0,0,0,0
789,Taena of Myr,Lannister,,,,6.0,0,1,0,0,1,1,0
790,Tal Toraq,Targaryen,,,,70.0,1,0,0,0,0,0,1
791,Tallad,Lannister,,,,17.0,1,0,0,1,1,1,0
792,Tanda Stokeworth,Lannister,300.0,4.0,32.0,2.0,0,1,0,1,1,0,0
793,Tanton Fossoway,Baratheon,,,,22.0,1,1,0,1,0,0,0
794,Ternesio Terys,None,,,,74.0,1,0,0,0,1,0,0
795,Terrance Lynderly,Arryn,,,,41.0,1,1,0,0,0,1,0
796,The Red Lamb,House Targaryen,,,,67.0,1,0,0,0,0,0,1
797,Theo Frey,None,,,,29.0,1,1,1,0,0,0,0
798,Theodan Wells,Stark,,,,43.0,1,1,0,0,0,1,1
799,Theomore Lannister,None,,,,19.0,1,1,0,0,0,0,1
800,Theon Greyjoy,House Greyjoy,,,,1.0,1,1,1,1,0,0,1
801,Thistle,Wildling,300.0,5.0,0.0,0.0,0,0,0,0,0,0,1
802,Thoren Smallwood,Night's Watch,299.0,3.0,18.0,6.0,1,1,0,1,1,0,0
803,Thoros,None,,,,29.0,1,0,1,0,1,1,0
804,Three Toes,None,,,,44.0,1,0,0,0,1,0,0
805,Three-Tooth,Greyjoy,,,,11.0,0,0,0,0,0,1,0
806,Tickler,Lannister,300.0,3.0,74.0,26.0,1,0,0,1,1,0,0
807,Tim Tangletongue,Night's Watch,,,,69.0,1,0,0,0,1,0,0
808,Timeon,None,300.0,4.0,20.0,21.0,1,0,0,0,1,1,0
809,Timett,Lannister,,,,56.0,1,0,1,1,0,0,0
810,Timon,Baratheon,,,,65.0,1,0,0,1,0,0,0
811,Tion Frey,Lannister,299.0,3.0,20.0,20.0,0,1,0,0,1,0,0
812,Tobho Mott,None,,,,27.0,1,0,1,0,1,0,0
813,Todder,Night's Watch,,,,19.0,1,0,1,0,1,0,1
814,Todric,Greyjoy,299.0,2.0,37.0,37.0,1,0,0,1,0,0,0
815,Tom of Sevenstreams,None,,,,13.0,1,0,0,0,1,1,0
816,Tomard,House Stark,298.0,1.0,49.0,22.0,1,0,1,0,0,0,0
817,Tormund,Wildling,,,,7.0,1,1,0,0,1,0,1
818,Torrek,None,,,,42.0,1,0,1,0,0,0,0
819,Torrhen Karstark,Stark,298.0,1.0,63.0,53.0,1,1,1,0,0,0,0
820,Tothmure,Lannister,299.0,2.0,64.0,30.0,1,0,0,1,0,0,0
821,Tregar,House Lannister,298.0,1.0,39.0,35.0,1,0,1,0,0,0,0
822,Tremond Gargalen,Martell,,,,38.0,1,1,0,0,1,0,1
823,Tristifer Botley,Greyjoy,,,,11.0,1,1,0,0,0,1,1
824,Triston Sunderland,Lannister,,,,9.0,1,1,0,0,0,0,1
825,Tuffleberry,None,,,,38.0,1,0,0,1,0,0,0
826,Tumberjon,Night's Watch,,,,0.0,1,0,0,0,1,0,0
827,Tumco Lho,Targaryen,,,,67.0,1,0,0,0,0,0,1
828,Tybero Istarion,None,,,,66.0,1,0,0,0,0,0,1
829,Tycho Nestoris,None,,,,44.0,1,0,0,0,0,0,1
830,Tyene Sand,House Martell,,,,38.0,0,1,0,0,0,1,1
831,Tymor,House Greyjoy,299.0,2.0,66.0,37.0,1,0,0,1,0,0,0
832,Tyrek Lannister,House Lannister,299.0,2.0,41.0,30.0,1,1,1,1,0,0,0
833,Tyrion Lannister,Lannister,,,,4.0,1,1,1,1,1,0,1
834,Tyta Frey,None,,,,49.0,0,1,0,0,1,0,0
835,Tytos Blackwood,Tully,,,,56.0,1,1,1,0,1,0,1
836,Tytos Brax,Lannister,,,,63.0,1,1,1,1,0,0,0
837,Tytos Frey,None,299.0,3.0,,,1,1,0,0,1,0,0
838,Tywin Lannister,House Lannister,300.0,3.0,77.0,42.0,1,1,1,1,1,0,0
839,Ulf son of Umar,Lannister,298.0,1.0,62.0,56.0,1,0,1,0,0,0,0
840,Ulf the Ill,House Greyjoy,299.0,2.0,66.0,66.0,1,0,0,1,0,0,0
841,Ulmer,Night's Watch,,,,33.0,1,0,0,0,1,0,1
842,Ulwyck Uller,Martell,,,,38.0,1,1,0,0,1,0,1
843,Umar,None,,,,56.0,1,0,1,0,0,0,0
844,Umfred,None,,,,68.0,1,0,0,0,1,0,0
845,Unella,None,,,,43.0,1,0,0,0,0,1,0
846,Urreg,Night's Watch,299.0,2.0,19.0,14.0,1,0,0,1,0,0,0
847,Urswyck,None,,,,21.0,1,0,0,0,1,0,0
848,Utherydes Wayn,Tully,,,,71.0,1,0,1,1,1,0,0
849,Utt,None,299.0,3.0,39.0,30.0,1,0,0,1,1,0,0
850,Val,Wildling,,,,7.0,0,0,0,0,1,0,1
851,Varamyr,Wildling,300.0,5.0,0.0,15.0,1,0,0,0,1,0,1
852,Vardis Egen,Arryn,298.0,1.0,40.0,34.0,1,0,1,0,0,0,0
853,Vargo Hoat,None,300.0,3.0,20.0,30.0,1,0,0,1,1,0,0
854,Varys,Targaryen,,,,25.0,1,0,1,1,1,0,1
855,Vayon Poole,Stark,298.0,1.0,21.0,7.0,1,0,1,1,0,0,0
856,Victarion Greyjoy,House Greyjoy,,,,24.0,1,1,0,1,0,1,1
857,Viserys Targaryen,House Targaryen,298.0,1.0,46.0,3.0,1,1,1,0,0,0,0
858,Vylarr,House Lannister,,,,3.0,1,0,0,1,0,0,0
859,Vyman,Tully,,,,55.0,1,0,0,1,1,1,0
860,Waif,None,,,,6.0,0,0,0,0,0,1,1
861,Walda Rivers (daughter of Aemon),None,,,,49.0,0,1,0,0,1,0,0
862,Walder Frey,None,,,,28.0,1,1,1,0,1,0,0
863,Walder Rivers,None,,,,35.0,1,1,0,0,1,1,0
864,Wallen,Wildling,298.0,1.0,37.0,37.0,1,0,1,0,0,0,0
865,Walton,None,,,,64.0,1,0,0,1,1,0,1
866,Wat (orphan),None,,,,37.0,1,0,0,0,0,1,0
867,Wat (sailor),None,,,,34.0,1,0,0,0,0,1,0
868,Watt,Night's Watch,299.0,3.0,75.0,69.0,1,0,0,0,1,0,0
869,Watty,None,,,,39.0,1,0,0,0,1,0,0
870,Waymar Royce,Night's Watch,297.0,1.0,0.0,0.0,1,1,1,0,0,0,0
871,Wayn (guard),House Stark,,,,37.0,1,0,1,0,0,0,0
872,Weasel,None,,,,9.0,0,0,0,1,0,0,0
873,Weeper,Wildling,,,,7.0,1,1,0,0,1,0,0
874,Weese,Lannister,299.0,2.0,38.0,26.0,1,0,0,1,0,0,0
875,Wendel Manderly,Stark,299.0,3.0,51.0,55.0,1,1,1,1,1,0,0
876,Wendello Qar Deeth,None,,,,40.0,1,1,0,1,0,0,0
877,Werlag,House Greyjoy,299.0,2.0,66.0,37.0,1,0,0,1,0,0,0
878,Wex Pyke,Stark,,,,24.0,1,0,0,1,0,0,1
879,Whalen Frey,None,,,,59.0,1,1,1,0,1,0,0
880,Wilbert,Stark,298.0,3.0,29.0,29.0,1,0,0,0,1,0,0
881,Will,Night's Watch,297.0,1.0,0.0,0.0,1,0,1,0,0,0,0
882,Will (orphan),None,,,,37.0,1,0,0,0,0,1,0
883,Willam Wells,Martell,300.0,5.0,6.0,6.0,1,0,0,0,0,0,1
884,Willem Lannister,House Lannister,299.0,3.0,20.0,19.0,1,1,0,0,1,0,0
885,William Mooton,Tully,,,,14.0,1,1,0,0,0,1,0
886,Willis Wode,Arryn,,,,31.0,1,1,1,0,0,0,0
887,Willit,Lannister,,,,65.0,1,0,0,1,0,0,0
888,Willow Witch-eye,Wildling,300.0,5.0,69.0,37.0,0,0,0,0,0,0,1
889,Willum,Tully,,,,43.0,1,0,1,0,0,0,0
890,Woth,Night's Watch,299.0,2.0,14.0,14.0,1,0,0,1,0,0,0
891,Wulfe,House Greyjoy,,,,29.0,1,0,0,0,0,1,1
892,Wun Weg Wun Dar Wun,Wildling,,,,35.0,1,0,0,0,0,0,1
893,Wyl (guard),House Stark,298.0,1.0,35.0,35.0,1,0,1,0,0,0,0
894,Wyl the Whittler,None,299.0,3.0,34.0,34.0,1,0,0,0,1,0,0
895,Wylis Manderly,Stark,,,,55.0,1,1,1,1,0,1,0
896,Wylla Manderly,Stark,,,,19.0,0,1,0,0,0,0,1
897,Wyman Manderly,Stark,,,,16.0,1,1,0,1,0,0,1
898,Wynafryd Manderly,Stark,,,,19.0,1,1,0,0,0,0,1
899,Wynton Stout,Night's Watch,,,,41.0,1,0,0,0,1,0,0
900,Xaro Xhoan Daxos,None,,,,12.0,1,1,0,1,0,0,1
901,Xhondo,None,,,,26.0,1,0,0,0,0,1,0
902,Yandry,House Targaryen,,,,8.0,1,0,0,0,0,0,1
903,Yellow Dick,None,300.0,5.0,46.0,12.0,1,0,0,0,0,0,1
904,Ygon Farwynd,Greyjoy,,,,19.0,1,1,0,0,0,1,0
905,Ygritte,Wildling,299.0,3.0,55.0,51.0,0,0,0,1,1,0,0
906,Yohn Farwynd,Greyjoy,,,,19.0,1,1,0,0,0,1,0
907,Yohn Royce,Arryn,,,,29.0,1,1,1,0,0,1,0
908,Yoren,Night's Watch,299.0,2.0,19.0,13.0,1,0,1,1,0,0,0
909,Young Henly,Night's Watch,299.0,3.0,55.0,55.0,1,0,0,0,1,0,0
910,Ysilla,House Targaryen,,,,8.0,1,0,0,0,0,0,1
911,Zei,Stark,,,,64.0,0,0,0,0,1,0,0
912,Zollo,None,,,,21.0,1,0,0,0,1,0,0
913,Yurkhaz zo Yunzak,None,300.0,5.0,59.0,47.0,1,0,0,0,0,0,1
914,Yezzan Zo Qaggaz,None,300.0,5.0,57.0,25.0,1,1,0,0,0,0,1
915,Torwynd the Tame,Wildling,300.0,5.0,73.0,73.0,1,0,0,0,1,0,0
916,Talbert Serry,Tyrell,300.0,4.0,29.0,29.0,1,1,0,0,0,1,0
