char_id,name,franchise,infobox_fields,death_sentences,text_excerpt
01efa813b208,Benjamin Miles Franklin,Prison Break,played by: Rockmond Dunbar *Tobias Kluckert (Deutsch),C-Note had two violent encounters with his former associates and only the escape prevented him from being killed. C-Note and Sucre save the brothers from certain death in the penthouse of the General and later receive full exoneration for their efforts.,"You may be looking for his counterpart in the ""Prison Break: The Conspiracy"". Benjamin Miles ""C-Note"" Franklin is a main character in Prison Break. He's a veteran ex-fugitive who was incarcerated in and later escaped Fox River. Biography Background Franklin was a Sergeant in the U.S. Army, stationed in Kuwait. While serving as a guard for a detention facility, he discovered illegal torture of several detainees and reported this to his commander. C-Note's commander dishonorably discharged him for his involvement in black market activities after C-Note refused to agree to keep quiet about the incident. With the shame of dishonorable discharge hanging over him, C-Note was unable to find other work to pay the rent for his wife Kacee and daughter Dede, and resorted to criminal means. His brother-in-law, Darius Morgan was a truck driver and suggested that he could help transport stolen goods. Eventually, C-Note was caught and because he would not give up the identities of his friends, he w"
a61585c4b583,"Theodore ""T-Bag"" Bagwell",Prison Break,played by: Robert Knepper Michael Gohlke (child T-Bag),"After his hand is reattached, he kills Dr. Before leaving with the money, T-Bag kills Geary and frames Bellick for the murder, resulting in Bellick's arrest in the following episode. (2x18) After taking the identity from a therapist he deliberately kills, T-Bag buys a ticket to Bangkok and boarded a stop-over flight from Chicago, which coincidentally was the same plane Bellick is flying in.","Theodore ""T-Bag"" Bagwell is a main character in Prison Break. He is the most notorious member of the Fox River Eight, and a major villain of the series. Family Mr. Bagwell - Father/Uncle Mrs. Bagwell - Mother/Aunt James Bagwell - Cousin James Bagwell Jr. - Cousin David Martin - Son Biography Childhood Theodore Bagwell was born on 10 July 1968. According to Brad Bellick, his father had sexually assaulted his Down syndrome-afflicted sister, who later gave birth to Theodore. (1x6) Theodore's advanced vocabulary is due to his father, who made him read entire encyclopedias and dictionaries in his youth, stating that this would make him ""President of the United States"" one day and lead him to a better life. Ever since his childhood, Bagwell was constantly in and out of jail, often did vandalism and torturing animals. While in fourth grade, he attempted to set his teacher's house on fire and was sentenced to juvenile hall. During this time, he became a member of the Alliance for Purity"
05e0cc8f722e,Nick Savrinn,Prison Break,played by: *Frank Grillo *Johannes Baasner (Deutsch),"During his time there, he freed thirteen clients, five of whom had the death penalty. Nick refuses to tell the henchman where Veronica is and as a result is killed. Post-Death
Season 2
Lincoln used the name Nick Savrinn to call LJ and let him know that he and Michael were coming for him.","Nick Savrinn was a solicitor for Project Justice who helped Veronica Donovan try to prove that Lincoln Burrows didn't murder Terrence Steadman. Biography Background Nick began to work for Project Justice after graduating from Duke University and Columbia Law School with a Juris Doctor. Season 1 After graduating, Nick turned down offers from many large firms in New York City in order to work for Project Justice, an organization that frees wrongly convicted people. During his time there, he freed thirteen clients, five of whom had the death penalty. After witnessing his superior's refusal to help Veronica Donovan at Project Justice, Nick approaches Veronica on the street and offers his help. He reviews Lincoln's case and both he and Veronica set off to find evidence to support Lincoln's innocence. They discover that the security tape of Lincoln shooting was fake but when they go to find the original copy of the video tape, it was already damaged. In a subsequent episode, ""Riots, Dril"
016e76d86ab4,Caroline Reynolds,Prison Break,played by: Patricia Wettig | gender: female,"In the first season, Reynolds is affiliated with a covert organization known as ""The Company"" which she shares the same goal with - to make sure that Lincoln Burrows is executed for her brother's alleged ""murder."" Due to other commitments of Patricia Wettig, Caroline Reynolds does not physically appear in the second season except for the episode Sweet Caroline. Reynolds worked with The Company in assuring Burrows would not escape from his death sentence. After Mills is assassinated, Reynolds is sworn in as the 46th President of the U.S.","Caroline Reynolds was the 46th President of the United States of America and the successor of President Richard Mills. She was President for approximately 9-10 days, from May 27, 2005, through June 6, 2005, when she resigned. FlightSweet Carolinehttps://web.archive.org/web/20070308094932/http://reynolds-again.com/calendar.htm She considered nominating Illinois governor Frank Tancredi as her Vice President. Reynolds was the sister of Terrence Steadman, with whom she had an incestuous relationship. After pressure from Michael Scofield, Lincoln Burrows, and The Company, who were aware of this information, she claimed to have terminal cancer rather than have the affair revealed, and resigned. Prior to serving as president, she was the Vice President under Mills. Before serving as Vice President, she was a U.S. Senator. Official Campaign Biography Caroline Reynolds has been an outspoken voice in the Senate, the White House, and in communities like yours. She is committed to restoring Am"
e01e0911d30a,Nika Volek,Prison Break,played by: Holly Valance,,"Nika Volek was originally from the Czech Republic and in episode ""First Down"", she remarks that she has family waiting for her in Kladno. She married Michael Scofield a day before he was arrested for the bank robbery which ultimately landed him in Fox River State Penitentiary. In exchange for her green card, Michael required Nika's help with his escape plan while he was inside the prison. Nika met Michael after he had paid off the traffickers who had brought her to the United States. In so doing, she was given an opportunity to start a new life. Biography Season 1 Nika's first appearance was when Michael phones her via the number from his tattoo and says, ""Remember when I said I might be calling you on Fibonacci... well, it's time"". This refers to the arranging of the sting operation to catch Falzone. In the following episode, whilst on PI, Michael is called for a conjugal, being informed that his wife is here, much to the surprise of the PI crew he is working with at the time, espec"
dd13621469f5,Philly Falzone,Prison Break,played by: Al Sapienza,,"Philly Falzone became boss of Abruzzi Mafia Family after John Abruzzi was sent to prison for 120 years. It is possible that he was Underboss for John Abruzzi before Abruzzi received his long prison sentence. As the new leader of Chicago Mafia, he strongly supported John Abruzzi's prison gang, which made Abruzzi's prison gang strongest in the prison. He frequently pressured Abruzzi to locate Otto Fibonacci, who witnessed their wrongdoings, before the trial that will incriminate him. He was tricked by Michael and Abruzzi to go to Canada to find Fibonacci and was then arrested. He was a mobster and was all talk and made empty threats. It was then revealed by John Abruzzi that he was arrested and sentenced to five years. He was incarcerated in Fox River State Penitentiary. Although the character did not appear in later seasons, he was presumably free by the beginning of Season 5, having served five years behind bars. Biography Season 1 Philly Falzone is seen visiting his close friend an"
cc5b5ac643e0,Otto Fibonacci,Prison Break,played by: Roderick Peeples,,"Otto Fibonacci was the accountant for a warehouse which happened to be run by the mob when he witnessed Abruzzi commit the execution of two men. His testimony led to John Abruzzi's conviction and incarceration. Fibonacci and his family later entered the Witness Protection Program and went into hiding in Topeka, Kansas. Michael Scofield led Philly Falzone into believing that Fibonacci was in Canada, where he encountered law enforcement and was arrested. Biography Background Season 1 Appearances Pilot Sleight of Hand Trivia An unknown actor portrayed Otto Fibonacci in the Pilot episode. Fibonacci is named after the Fibonacci sequence. Category:Characters portrayed by unknown performers Category:Created by Paul Scheuring Category:Season 1 characters Category:Living characters Fibonacci, Otto"
2bda3e4c9f25,Hector Avila,Prison Break,played by: Kurt Caceres,,"Hector Avila is cousin and, later, nemesis to Fernando Sucre and the only relative of Sucre's that has no criminal record as of yet. Biography Background Hector lives near Brooklyn, NY. He sells insurance for Nasdaq. He's not very wise in many people's precision. He is partly responsible for the conviction of his cousin for robbery; he called in a police tip that led to Sucre's arrest outside a liquor store. It is clear that the reason behind Hector's callousness towards his cousin stems from a romantic interest in Sucre's girlfriend Maricruz Delgado, it has also been suggested that Hector's move to New York City was due to Maricruz accepting a job as a buyer for a fashion outlet in Manhattan and his job at the stock market. In the three years since Sucre met Maricruz, Hector has been determined to destroy their relationship. Hector often suggested to Sucre that he couldn't maintain a relationship with Maricruz financially, under the pretext that he was ""looking out"" for his cousin's"
d4928f11d712,Marilyn,Prison Break,played by: Unknown,"(1x5)

Brad Bellick killed Marilyn when Westmoreland didn't reveal who killed Bob, the new CO in the riot. (1x8)

Biography
Season 1

Post-Death
Season 4

Appearances

Trivia
Both Marilyn and Charles Westmoreland were killed by Brad Bellick. Category:Season 1 characters
Category:Season 4 characters
Category:Deceased characters
Category:Killed by Brad Bellick
Category:Animals","Marilyn is Charles Westmoreland's pet cat. (1x1) A grandfather clause in the prison's policy allowed Westmoreland to keep Marilyn. The DOC had repeatedly attempted to transfer Westmoreland to other facilities, though he was unwilling to leave Marylin behind and became adept at using legal loopholes to block his transfers. (1x5) Brad Bellick killed Marilyn when Westmoreland didn't reveal who killed Bob, the new CO in the riot. (1x8) Biography Season 1 Post-Death Season 4 Appearances Trivia Both Marilyn and Charles Westmoreland were killed by Brad Bellick. This is the only animal to die in Prison Break. Category:Season 1 characters Category:Season 4 characters Category:Deceased characters Category:Killed by Brad Bellick Category:Animals"
db80058bf0c1,Samantha Brinker,Prison Break,played by: Michelle Forbes,"After Reynolds arranged for the death of President Richard Mills and was sworn into office, Brinker was casually dismissed by Reynolds.","Samantha Brinker is an employee of ""The Company"" with whom Kellerman and Reynolds have been collaborating. She recognized a former employee of the company, Lincoln and Michael's father, who had sent information to the judge which prompted him to stay Lincoln's execution. She gave very accurate assessments to The Company regarding Reynolds' personality profile, affirming Reynolds' ambitions to be the president. Brinker bluntly delivered The Company's decision to Reynolds about their withdrawal of support from her presidential race. After Reynolds arranged for the death of President Richard Mills and was sworn into office, Brinker was casually dismissed by Reynolds. She only appeared in season 1 and it is unknown what happened to her. Biography Season 1 Appearances Category:Characters Category:Company operatives Category:Criminals Category:Living characters Category:Season 1 characters Category:Season 1 antagonists"
41d2fc14b91b,Katie Welch,Prison Break,played by: DuShon Monique Brown,,"Katie Welch is one of the nurses who befriended Sara at Fox River. Biography Background Katie became at one point a nurse at Fox River. She was a great friend and co-worker of Sara Tancredi. She made 13 appearances throughout the series. Season 1 Season 2 Season 4 T-Bag mentioned to Sara that every inmate in Fox River dreamed about her and Katie together. Appearances Trivia Katie Welch has been named after assistant writer, Katie Wech. Prison Break - The Classified FBI Files reveals her name as Katie Wech. Category:Season 1 characters Category:Living characters Category:Season 2 characters Welch, Katie Welch, Katie"
866969585ef2,Lisa Rix,Prison Break,played by: Jessalyn Gilsig,"She was killed by Daniel Hale, while Adrian was killed by Paul Kellerman. After LJ threw a bottle at Hale and escaped into the basement, Lisa called 911 and as a result, was shot in the head and killed by Hale. Appearances
Pilot 
Allen
Cell Test
Riots, Drills and the Devil, Part 2
The Old Head

Season 4
Selfless 

Trivia
Lisa's murderer, Daniel Hale, and Lisa herself appeared both on Michael Scofield's list, since both were killed at that time by Company operatives (The Old Head and End of the Tunnel).","Lisa Rix was LJ's mother and Lincoln's ex-wife. After divorcing Lincoln, she married Adrian Rix, much to LJ's disagreement. LJ was caught buying marijuana and she decided to send him to speak to his father, Lincoln, in prison. She was killed by Daniel Hale, while Adrian was killed by Paul Kellerman. LJ was framed for their murders, starting LJ's life as a fugitive. Family Lincoln Burrows - Ex-husband L.J. Burrows - Son Adrian Rix - Husband Biography Background Lisa Rix was the ex-wife of Lincoln Burrows and the mother of LJ. After she and Lincoln divorced, she had a relation with Adrian Rix. She was a part-time French Teacher. Season 1 Lisa Rix was the mother of LJ and wife of Adrian Rix. She also hated the fact that LJ hated Adrian. She was then seen again coming home from shopping and much to her horror, saw LJ being held at gunpoint by Daniel Hale. She was then instructed by Hale to drop her phone, and when she did not, Hale pointed his gun towards her. After LJ threw a bottle "
f3a962cbc54b,Ann Owens,Prison Break,played by: Alexandra Lydon,,"Ann Owens is the daughter of Jeanette Owens. She is a police officer (2x6) who arrived home, and found the convicts digging for the five million. She and her mother were later gagged and tied. She was revealed to be pregnant (2x7), and asked Sucre to give her some Metformin pills for her baby. She then encouraged Sucre, whose girlfriend was pregnant also, to turn himself in but failed. Appearances See also Jeanette Owens Category:Season 2 characters Category:Living characters Owens, Ann Category:Mothers Category:Prison Break characters"
bf50d8ef9810,Felicia Lang,Prison Break,played by: Barbara Eve Harris | gender: Female,,"Felicia Lang is one of the FBI agents who helped Alexander Mahone with his case on the Fox River Eight. Biography Background It was known that she is under Mahone's team as she knew what happened to Mahone's previous case on Oscar Shales. Season 2 At first, she is assigned by Mahone to urge Kacee Franklin to betray her husband, which she was reluctant to participate in. Later, she does not hesitate in organizing a sting operation involving C-Note's wife in an attempt to capture C-Note. Unlike Agent Wheeler, Lang never verbally criticized Mahone's method. Thus, Mahone appears to trust her more and assigns her to follow Sara Tancredi, who they hope will lead them to Michael Scofield. They fail and arrest her promptly. Season 3 She visits Alexander Mahone and tries to get him moved to an minimal security American prison with a shorter sentence. She tries to get Mahone his drugs when she notices he is restless because he has not got any drugs.But due to not having his drugs on time fai"
cc76b3b69c4e,Mark Wheeler,Prison Break,played by: Jason Davis | gender: male,"At first he seems admirative toward his boss but after the death of Oscar Shales, John Abruzzi and Tweener, Wheeler became suspicious of Mahone's methods of capture and about his allegiance.","Mark Wheeler is a major character in the second season and a recurring character in the fourth season. Wheeler is one of the FBI agents who helped Mahone on his case with the Fox River Eight. Biography Season 2 FBI Agent Wheeler was assigned on the Fox River manhunt accompanies and helps his superior Special Agent Mahone to track the fugitives mainly from the FBI Field Office in Chicago. At first he seems admirative toward his boss but after the death of Oscar Shales, John Abruzzi and Tweener, Wheeler became suspicious of Mahone's methods of capture and about his allegiance. Later, after Michael and Lincoln's speech was broadcast in episode, ""The Message"", he questions Mahone's methods and in a subsequent episode, he announces that the F.B.I. headquarters will be monitoring Mahone's actions. When Wheeler finds out about C-Note's deal with Mahone, he goes to see C-Note to gather evidence on Mahone's misconduct and bring him in front of a trial court. C-Note gave testimony on how Mahone"
a838bac7a63c,Cooper Green,Prison Break,played by: Kevin Dunn,,"Cooper Green is a close friend of Aldo Burrows and helped Lincoln to achieve his freedom. Biography Season 2 thumb|left|The fake Cooper Green Appearances Season 2 Wash Sweet Caroline Category:Season 2 characters Category:Living characters Green, Cooper"
3b6001837861,Theresa Delgado,Prison Break,played by: Rachel Loera,,"Theresa Delgado is Maricruz Delgado's sister and screwed Fernando Sucre over several times Biography Season 2 In the episode ""Map 1213"", after finding the correct chapel where Hector and Maricruz are getting married, Sucre immediately goes there and meets Theresa, who tells him that Maricruz is taking photographs with her parents and that he must wait. Hector comes in and tells Sucre that Maricruz will be with them shortly. Sucre angrily tells Hector that he will not be raising his and Maricruz's child. When he hears the police siren, Sucre realizes that Hector had betrayed him once again and knocks him out in one punch. Seeing Theresa outside the room, Sucre asks if she had told Maricruz he was here. When she nods, he pulls his crucifix necklace off his neck and places it in Theresa's hand before riding away. In ""Rendezvous"", Sucre called Theresa in Dinosaur, Nebraska. Theresa tells him that she and Maricruz are leaving on a trip to Ixtapa, Mexico but Sucre insists that Maricruz has"
70c157dedf0f,Syd,Prison Break,played by: Laura Wade,"Indirect kills by Syd
Although she never killed anyone, she is indirectly responsible for many deaths around the show.","You may be looking for Sid from Season 5 Syd is the female tattoo artist who inked Michael Scofield's tattoo. Biography Season 1 Syd seemed to have quite a lot of customers who appreciated her work. She is unaware of the hidden meaning in Michael's tattoo, which Michael created with the blueprint of the Fox River State Penitentiary mixed with pictures of other things so it wouldn't be noticeable. When Michael received his tattoo, she said that usually people start with something smaller than a full-body tattoo, like Mom or girlfriends initials. This tattoo took 200–400 hours and was expensive. (1x1) Season 2 During the first episode of the second season, Manhunt, Alexander Mahone questions Syd about Michael's tattoo and why she did it. Afterwards, he realized that the tattoos were markers of Michael's whole plan. Season 6 On the Prison Breaking with Sarah and Paul podcast, Paul Scheuring discussed how Syd would be an important character in the Season 6 premise that never came to be"
61984536a668,American Consul,Prison Break,played by: Charles van Eman,,"The American Consul in Panama offered help to transfer Michael into a more pleasant prison, but the plan failed to work as it was inferred by the Company. He was first contacted by Lincoln regarding his brother's situation. (3x1) Biography Season 3 Appearances Notes and references Category:Living characters Category:Season 3 characters Consul, American"
5c58bc164ae2,Becky Gerber,Prison Break,played by: Jennifer Joan Taylor,,"You may be looking for her counterpart in the ""Prison Break: The Conspiracy"". Rebecca ""Becky"" Gerber is the warden's secretary at Fox River State Penitentiary. Biography Season 1 Even though she seemed to be a quiet secretary working for Henry Pope, she has an affair with Corrections Officer Louis Patterson. She once had sex with him in the guards room, nearly exposing the hole dug by the convicts. (1x9). Later, she was tricked by Michael in order to hide the gagged Pope as long as possible. (1x21) She helped find Pope when the C.O.'s found out that he was missing. (1x22) Appearances Trivia Becky both played in the show and in the game, the game Patience. Category:Living characters Category:Season 1 characters Gerber, Becky Gerber, Becky"
93dc58da45fa,Ben,Prison Break,played by: Alan Wilder,,Ben is the chaplain of the chapel at Fox River State Penitentiary. He is present in the first time Michael met Lincoln inside the prison. Category:Characters Category:Fox River Staff
bbcc1fe283f9,Sofía Lugo,Prison Break,played by: Danay Garcia *Iris Artajo (Deutch) | gender: Female,Lincoln kills him as the police appear and he orders LJ and Sofie to run - LJ drags her away as the police take Lincoln.,"Sofía Lugo is a main character in Season 3 of Prison Break. She is the Panamanian girlfriend of Sona Federal Penitentiary inmate James Whistler. Biography Season 3 She was first seen posing as a dead inmate's wife in order to get Whistler's message written to her, transferred via the dead bodies. (3x1) Later, she arrived at Banco de Versailles and withdrew Birds of the Northwest Hemisphere, which was later taken by Lincoln Burrows, thinking that it was one of the clues of Whistler's imprisonment. (3x2) She met Whistler in Sona, and on her way to go, noticed Lincoln's hotel and room number. She tailed Lincoln to Saint Rita. Lincoln finds her and told her that they are on the same side. (3x3) She teams up with Lincoln and Fernando Sucre the next day. (3x4) After helping with the breakout, Sofía was accidentally shot by some of Gretchen Morgan's men. She survived and was taken to a hospital. (3x13) Season 4 In the first episode of Season 4, Sofia, L. J. Burrows and Lincoln are still i"
8acf3dedf195,Vera Madrid,Prison Break,played by: Patty Silva,"(3x2)

Biography
Season 3

Appearances

Killed by Vera Madrid
Vera never killed anyone during the show, however giving Sophia Lugo the Birds Guidebook makes he indirectly responsible for a number of deaths in the show.","Vera Madrid is an employee of Banco de Versailles. She is included in Whistler's message as ""V. Madrid"" (3x1) and she later withdrew a Birds guidebook to Sofia Lugo. (3x2) Biography Season 3 Appearances Killed by Vera Madrid Vera never killed anyone during the show, however giving Sophia Lugo the Birds Guidebook makes he indirectly responsible for a number of deaths in the show. See: Trivia Just like World, they both make 1 episode count and are both responsible for many deaths around the show. Category:Living characters Category:Season 3 characters Madrid, Vera"
c82d1d8448d1,Mary Francis,Prison Break,played by: Crystal Mantecon,"Mary then told she asked if it was the truth that Lechero died. Mary along with Sophia Lugo were in love with 2 main characters, however T-Bag was send back to prison and Lechero died. Ironically enough, T-Bag killed Lechero and used her to escape from prison.","Mary Francis is a Panamanian prostitute who disguised herself as a nun in order to get into Sona and provide services to Lechero. She is referred by Lechero as Mamí, Spanish slang for sexy female. (3x1) Biography Season 3 Mary Francis was seen by Lincoln Burrows and a Sona guard as she was going inside Sona to sleep with Lechero. Mary Francis first saw Michael, Mahone and other Sona inmates during the orientatión. Mary then was seen by Cheo, Papo, T-Bag and Sammy, while Mary was going to have sex with Lechero. After they had sex, a sound was heard and Lechero asked T-Bag to hide Mary as far as possible. T-Bag and Mary did hide, and she said that she was scared for Lechero, but T-Bag said that they were all prostitutes. Mary later gave money to T-Bag. Mary then told she asked if it was the truth that Lechero died. T-Bag said it was and Mary gave him money by the fence. Season 4 T-Bag stays with her at a hotel room for a few days before departing to seek revenge on Michael Scofield"
0257c74919f7,Louis Patterson,Prison Break,played by: Phillip Edward Van Lear | gender: Male,,"Louis Patterson is a Corrections Officer at Fox River State Penitentiary and is usually seen talking about sports with C.O. Keith Stolte. Patterson is more compassionate than most COs, particularly to Lincoln Burrows. Patterson even allows Lincoln to see his son without handcuffs in one episode. He is married, but has an affair with the Warden Popes's secretary Becky Gerber. Patterson has the habit of referring to the inmates as ""ladies"" or other names with female associations. When the Fox River Eight escapes from the prison, Patterson joins Bellick and other correctional officers in pursuit of the convicts. Family Louis Patterson's unnamed wife - Wife Becky Gerber - Affair Biography Season 1 He appears as a minor character. Season 2 He remains at Fox River in season 2, and re-appears when Bellick returns to the prison as an inmate. Bellick asks Patterson if he could get him into Ad Seg, but Patterson says that the new Warden isn't allowing preferential treatment at Fox River anymo"
ca1e67ebf568,Raul Darinda,Prison Break,played by: Ramon Franco,,"Raul Darinda is a public defender assigned to Mahone's case. After informing Mahone that the date for court will be in next year, Mahone asked him to smuggle drugs into Sona. Raul grimly refused and left. Category:Season 3 characters Category:Living characters Darinda, Raul"
8433b13d17b3,Augusto,Prison Break,played by: F.J. Rio,"Ironically, Sammy later died in prison at the time working with him and Sucre was later sent to prison.","Augusto is Lechero's cousin. He led Lechero's crime organization outside of prison. Lechero frequently called him to check if there was anything big happening on the outside world. (3x3) He employed the Gravedigger to smuggle packages inside Sona Federal Penitentiary. After his murder, Fernando Sucre took over this role in exchange for $5,000 per job. Packages occasionally included cigars. The last package included a pistol to kill Lechero as Augusto was planning to take over Lechero's organization. Appearances Call Waiting Boxed In (episode) Workers Sammy Norino Jorge Rivera Trivia Both of Augusto's workers (Sucre and Sammy Norino) were involved with each other indirectly. Sucre managed to get a gun in Sona, and Sammy later took it. Ironically, Sammy later died in prison at the time working with him and Sucre was later sent to prison. See also Masterminds Category:Characters Category:Living characters Category:MastermindsCategory:Season 3 characters"
1f958839d7a8,Crab Simmons,Prison Break,played by: Tab Baker,"He's murdered by The Company and his death is hide an drug overdose. According to Leticia it's impossible that Crab died of an overdose, because he had heart problems. Category:Season 1 characters
Category:Killed by Paul Kellerman
Simmons, Crab
Simmons, Crab","Crab Simmons was a south side gang banger and unwittingly worked with the Company to set up Burrows. He was approached by a government agent called Bo to help him frame Lincoln Burrows for the murder of the VP's brother. He's murdered by The Company and his death is hide an drug overdose. This was witnessed by his girlfriend, Leticia Barris, who Veronica Donovan later asked to help her clear Lincoln's name. According to Leticia it's impossible that Crab died of an overdose, because he had heart problems. Biography Season 1 Appearances Season 1 Allen Brother's Keeper Season 4 The Price Trivia Crab was mentioned by Lincoln in season 4 in a flashback. Crab, the character had heart problems, just like the actor who played Crab, Tab Baker. Category:Season 1 characters Category:Killed by Paul Kellerman Simmons, Crab Simmons, Crab"
3700fa489f82,Gretchen Morgan,Prison Break,played by: Jodi Lyn O'KeefeEva Michaelis (Deutch) | gender: Female,"She told Lincoln to tell Michael that he needs to break James Whistler out from Sona or both Sara and L.J would be killed. (3x3) She claimed to have killed Sara and put ""her head"" in a box as a punishment to Lincoln. She later killed the Gravedigger as she thinks he will turn them in.","Gretchen Louise Morgan, also known as Susan B. Anthony, is a main character in Prison Break. She was a former soldier and a high ranking operative for The Company. Family Father - Mr. Morgan Sister - Rita Morgan Significant Other - Jonathan Krantz Daughter - Emily Morgan Biography Background Gretchen Morgan was born on March 29, 1977. When Theodore Bagwell was looking through Gretchen's file, he mentioned her father. She worked for the Company as a high-ranking operative, and conceived her child - Emily Morgan - from General Jonathan Krantz, who was presumably her lover at the time. Gretchen shows, through early flashbacks, how she was imprisoned and tortured during the Iraq war, something that has left her tough and resilient, but also empathetic in her weaker moments. When she is tortured by General Zavala, Zavala observes how she does not break down during torture, and notes that it is not the first time she has been tortured. Season 3 She first appeared hiding her scratch on he"
c1823dc1f4f3,Sasha Murray,Prison Break,played by: Kaley Cuoco,Haywire beats her father to death protecting her.,"Sasha Murray (portrayed by Kaley Cuoco) was a teenage girl who asked Haywire to buy her and her boyfriend, Matt, beer. He later ends up showing her the raft he is building and how he plans to sail away. Sasha says she wishes she could too. Haywire notices a bruise on her arm, and Sasha tells him that her father is an alcoholic. Haywire later follows her home and when her father is about to beat Sasha. Haywire beats her father to death protecting her. Bellick later questions her and since she has feelings for Haywire she tells Bellick that they should leave him alone. Biography Season 2 She appeared in the episodes The Message and Chicago. Appearances Category:Living characters Category:Season 2 characters Murray, Sasha"
395f1de265cb,Kacee Franklin,Prison Break,played by: Cynthia Kaye McWilliams,,"Kacee Franklin (néé Morgan) was the wife of C-Note and mother of Dede. She is the sister of Trey Morgan and Darius Morgan. Biography Season 1 C-Note misled Kacee about his location, not telling her that he was imprisoned in Fox River State Penitentiary. As a result, she believed that he was overseas with his military unit, and anticipated his return home. Season 2 Kacee was reluctant to trust C-Note's plan for their family's reunion after his escape. However, when Agent Felicia Lang pressured her to make a choice, she chose not to cooperate with the FBI and escaped with C-Note and Dede to North Dakota. When she went to a pharmacy to get medicine for Dede, she was arrested for aiding and abetting her husband. She was later released as part of the deal C-Note had with FBI Special Agent Alexander Mahone. Her husband was arrested, however he was later discharged by Agent Mark Wheeler and the family started a new life. Category:Season 2 characters Category:Living characters Franklin, Ka"
ce595fdb52df,Tonya Willis,Prison Break,played by: Cheryl Lynn Bruce,,"Tonya WillisPrison Break - The Classified FBI Files was the judge of Michael Scofield's trial remarks that it is unusual for an armed robbery to go with no contest. When Michael's lawyer, Veronica Donovan, tells the judge that Michael is confused, she suggests that he take her advice and reconsider. Michael replies that he already has thought about it. After a recess, the judge says that he will go to prison due to discharging a deadly weapon and honors his request to go to a prison near Illinois, which is Fox River State Penitentiary. She makes his sentence five years. Biography Season 1 Appearances Notes and references Category:Season 1 characters Category:Living characters Category:Characters pl:Tonya Willis"
91f569459173,Savings Bank cashier,Prison Break,played by: Peggy Roeder,,"A cashier who worked at an unnamed Savings Bank in Chicago was forced to give Michael Scofield money when he held up the bank. To get into jail, Michael robbed a savings bank. He told the cashier to open the vault, but the cashier claimed that only the branch manager can open it and that he is in at lunch in White Castle. She later attempted to convince him that he had enough money and should leave. Michael fired twice to the ceiling, telling her he wasn't playing games. He was arrested shortly afterwards. (1x1) Biography Season 1 Appearances Category:Season 1 characters Category:Living characters Category:Characters pl:Kierowniczka oddziału"
5102def04536,Keith Stolte,Prison Break,played by: Christian Stolte,,"Keith Stolte is a Corrections Officer at Fox River State Penitentiary. He likes to talk about sports with C.O. Louis Patterson and has a teen aged son called Josh. Stolte is a harsh guard, but shows compassion in helping Lincoln Burrows prepare for the impending execution, and has a good relationship with Lincoln throughout the first season. Stolte becomes suspicious when Bellick doesn't show up to work on the day of the escape, and convinces Patterson to inform Warden Pope. Following the Fox River Eight escape, Stolte remains at the prison reporting to Pope. He also advises Pope to contact the Governor. Stolte re-appears briefly in season 2, when Bellick becomes incarcerated at Fox River. Family Josh Stolte - Son Biography Background Keith Stolte was the father of Josh Stolte. Season 1 He works at Fox River State Penitentiary and is more closer to Lincoln than the other inmates. He helps Lincoln throughout the execution. Season 2 He still works at Fox River and is only seen in 1 e"
a71f00052444,Judy Pope,Prison Break,played by: Deanna Dunagan,,"Judith ""Judy"" Pope has been former Fox River State Penitentiary warden Henry Pope's wife for 39 years. For their anniversary and to thank her for not complaining about being married to a person who works with criminals, Henry began building a model of the Taj Mahal, and was later helped by Michael Scofield. Judy almost discovered the Taj Mahal when she came to the prison, but Henry and Michael managed to deceive her into thinking that Henry just didn't want her around an inmate (Michael). (1x4) When Henry refused Paul Kellerman's and Daniel Hale's transfer request for Michael, they blackmailed him by threatening to tell Judy about Will becoming a criminal who eventually committed suicide: something Henry has kept away from her for a long time. He then decides not to transfer Michael and confesses everything to Judy. (1x5) Biography Background Season 1 Appearances Trivia Prison Break - The Classified FBI Files refers her name as Judith Warner. Category:Season 1 characters Category:"
c496549acd2f,Richard Mills,Prison Break,played by: Daniel J. Travanti,"Richard Mills was the 45th president of the United States until he was murdered with poisoned water. (1x20) He was succeeded by Vice President Caroline Reynolds, who had him killed.","Richard Mills was the 45th president of the United States until he was murdered with poisoned water. (1x20) He was succeeded by Vice President Caroline Reynolds, who had him killed. Mills, Richard Mills, Richard Category:Season 1 characters Category:Prison Break characters"
36545fc7e370,William Prall,Prison Break,played by: Joshua Gibbons,,"William Prall is a baseball player Aldo and Lincoln went to watch when Lincoln was younger and Aldo said he was his favorite player and he used this name when Lincoln saw him in the viewing room when he was in the electric chair. There was a real pitcher for the Chicago Cubs named Willie Prall, although his full first name was Wilfred and not William. He played for one year, 1975, going 0-2 with an 8.59 ERA. He wore #37, as opposed to the #11 on the show. Prall also threw left-handed in real life as opposed to right-handed in the show. Category:Season 1 characters Category:Living characters Prall, William"
9d6f718e3e15,Turk,Prison Break,played by: John Turk,"Turk is the first Fox River inmate to be killed a main character, who is also a Fox River inmate: Lincoln Burrows. Category:Season 1 characters
Category:Characters with unknown crimes
Category:Characters of unknown sentences
Category:The Big Riot deaths
Category:Killed in Fox River
Category:Killed by Lincoln Burrows
Category:Characters
Category:Deceased characters
Category:Criminals
Category:Company operatives
Category:Fox River Inmates
Category:Season 1 antagonists","You may be looking for his counterpart in ""Prison Break: The Conspiracy"". Turk was an inmate and a Company Operative who was sent in Fox River to kill Lincoln Burrows. Biography Background The inmate going by the alias ""Turk"" was a Company operative sent undercover in Fox River Penitentiary. Season 1 The inmate going by the alias ""Turk"" was a Company operative sent undercover to kill Lincoln Burrows. His order came from a Company former operative via Paul Kellerman He found Lincoln on the floor in Fox River after T-Bag and other inmates jumped him and kidnapped Bob Hudson. Turk lead Lincoln down into a hallway full of steamed pipes after he lied to him about the whereabouts of Scofield. Lincoln lost Turk in all the steam and Turk tried to strangle Lincoln using a busted steam pipe as a garrote. Lincoln eventually fought off Turk and he inadvertently shoved him off a high ledge. Burrows tried to interrogate Turk, but he succumbed to his injuries shortly afterwards. Appearances Pers"
2eeee5252e33,Adrian Rix,Prison Break,,"Category:Season 1 characters
Category:Killed by Paul Kellerman
Rix, Adrian
Rix, Adrian","Adrian Rix was the husband of Lisa Rix, and stepfather to L.J. Burrows. L.J. seemed to dislike Adrian and regularly argued with him and Lisa, rebelling out of frustration from feelings of resentment sparked by his paternal father, Lincoln Burrows. Despite the negative interactions L.J. and Adrian had over the course of their relationship, Adrian showed no hesitancy to protect L.J., even risking (and ultimately giving) his life to protect his stepson when Danny Hale and Paul Kellerman invaded their home in an attempt to murder the young son of Lincoln and Lisa. L.J. was fleeing the house when Paul Kellerman stopped him, and before L.J. could call 911, Kellerman flashed his gun and threatened him. Rix quietly snuck up behind Kellerman, hit him on the head with a large piece of wood, and yelled at L.J. to get away from the home. Kellerman eventually gained his wits and was able to mortally shoot Rix in the chest, but not before L.J. escaped, ultimately saving the young Burrows' life. Bio"
79215437c370,Dede Franklin,Prison Break,played by: Helena Klevorn,,"Dede Franklin is the daughter of C-Note and Kacee Franklin. She had a serious medical condition that required regular medication. Biography Season 2 She was only able to spend time with her father one week a year when his Army Unit was on break. She has to take medical drugs every two days to remain healthy since she was diagnosed with a rare kidney disease when she was born. When Trey helped C-Note and his family escape the FBI, C-Note was happy for a brief period of time because he finally got to spend time with Dede and Kacee but problems soon arose as he or Kacee weren't able to purchase medics for Dede at Pharmacys, they didn't have or couldn't get jobs, Kaycee is now a fugitive, a limited supply of money and Dede couldn't attend school. When Dedes' condition started to get worse, Kaycee had no choice but to risk purchasing her meds in a public area where she could get caught. Suspicious of her appearance, The Pharmacist alerted the authorities and Kaycee was arrested for aiding"
9879ce9ef8ae,Tangrin,Prison Break,played by: Jacqueline Williams,,Tangrin is a Company operative and a secret service agent who disguised herself as a reporter named Sue Parsons in order to threaten Lincoln Burrows to stop risking his son's life by pursuing the truth of the murder set-up. Category:Season 1 characters Category:Living characters Category:Characters Category:Company operatives Category:Season 1 antagonists
4fdcb9ebd364,Bo,Prison Break,played by: Jason Wells,,"You maybe have been looking for Bo Cowler Bo was an undercover Company operative and eventually a secret service agent who was part in the scheme to frame Lincoln Burrows. Biography Prior to Season 1 Lincoln Burrows, a south-side banger, was in debt of 90 000 dollars to his boss Crab Simmons this money had serve to pay Michael's studies. One day Burrows came back to his apartment and find Crab and an unknown man called ""Bo"" this last announced that he had already paid Lincoln's dept and asking him a favor (kill Terence Steadman) otherwise he will find and kill the people that Lincoln loves. In fact Bo was an Company operative send to lure him into a trap and send him in Fox River. During their conversation in Lincoln's house Bo had set an operative in the building in front to take photo of Lincoln's clothes and dispose an jean full of blood in his bathroom. Shortafter he make Lincoln try different guns and consequently his imprints on the gun. Appearances Category:Season 1 characte"
fa3796883d2d,Donald Self,Prison Break,played by: Michael Rapaport,"Agent Self later told Mahone that he had a wife that died while giving - his unborn infant died too. The General had her murdered for Self's failures. When the team fails to recover Scylla, Krantz decides to order the death of Self's wife, who was actually alive and in a persistent vegetative state due to Self's drunk and reckless behavior.","Agent Donald ""Don"" Self is a main character in Prison Break. He was an agent of the Department of Homeland Security. In Season 4, he worked with The Scylla Team for his own purposes. Biography Season 4 First appearing in the fourth season premiere, he represents himself as a Homeland Security agent who gives Lincoln Burrows and Michael Scofield the mission of bringing down the company and finding ""Scylla"", a key card that stores a wealth of information about ""The Company."" However, he eventually betrays them, taking Scylla without holding up his end of the bargain, granting freedom to the team. He instead wanted to find a 'buyer' for Scylla, an apparently private interest. Not much is known about him but he is stated as a hardworking Homeland Security Agent who tries to bring down The Company but has yet to be successful. He has worked for five years to bring down The Company and has worked with James Whistler and Aldo Burrows (Michael and Lincoln's father), the latter has also trie"
626bda95d446,Lisa Tabak,Prison Break,played by: Stacy Haiduk,,"Lisa Tabak is a high-ranking official of The Company and a Scylla cardholder, as well as the oldest daughter of The Company's leader - General Jonathan Krantz. She is also the wife of Erol Tabak and older half-sister of Emily Morgan. Family Erol Tabak - Husband General Jonathan Krantz - Father Biography Lisa is first introduced at episode Eagles and Angels. In this episode Agent Self's Scylla team traced a license plate number from the picture Michael took at the meeting of card holders. The vehicle belonged to Turkish consulate Erol Tabak. The team moved in close proximity of Erol Tabak's vehicle, but while downloading the card content, the connection is broken. The team was surprised to see that Lisa, wife of consulate, is the actual card holder. Lisa walks away then the team fails to copy the card. Later at a charity event for fallen police officers in Los Angeles, Michael Scofield, Lincoln Burrows, and Alexander Mahone impersonated police officers to copy her Scylla card. She "
e411ae329e13,Nathaniel Edison,Prison Break,played by: John Sanderford,,"Nathaniel Edison is a Scylla cardholder and a high-ranking official for The Company. Biography Being an avid horse racing fan, Edison visited the race track to bet on a ""sure thing."" When the gate stuck on his horse (the work of Lincoln), Edison visited the track's manager. In the office Michael and Mahone had taped the device underneath the manager's desk. The card was successfully copied in the office, but when Mahone attempted to retrieve the card he was detained by the Los Angeles Police. Luckily, he was rescued by Michael, Lincoln, Sucre, and Bellick, and the Scylla team now had successfully copied Edison's card. He is considered arrested when Scylla was given to the UN, and is presumably in prison. Appearances Season 4 Breaking and Entering Blow Out The Price Trivia Nathaniel Edison and Lisa Tabak are the only surviving Scylla-cardholders. Nathaniel appeared in the least episodes for a Scylla cardholder. Category:Criminals Category:Season 4 characters Category:Living chara"
2dddef29f4b2,Rizzo Green,Prison Break,played by: Mark Morettini,,"Rizzo Green was a Corrections Officer at Fox River State Penitentiary. He is usually stationed in the medical wing where he has been knocked unconscious twice, once during the riot set of by Michael Scofield, when he was one of the C.O`s taken hostage when the riot erupted and then again on the night of the escape by T-Bag. Biography Season 1 When Rizzo heard that a riot has begun, he asked over his radio if A wing needed help. He was told that A wing had been shut down and evacuated and to stay in B wing. Shortly after he was attacked by a group of convicts and handcuffed to a metal pole. Later on he is forced by a convict to radio base telling them that sickbay is all clear. This assures the Warden that Sara Tancredi is safe when he is being questioned by the governor Frank Tancredi In the second to last episode he is guarding Lincoln, after the group rescue Lincoln, Rizzo is knocked out by T-Bag and his cuffs taken. In the next episode he is shown again before the Warden enters Dr"
282f6d105e72,Emily Morgan,Prison Break,played by: Regan Licciardello,,"Emily Morgan is the daughter of Gretchen Morgan and General Jonathan Krantz and younger half-sister of Lisa Tabak. She is currently under the guardianship of Gretchen's sister, Rita, who she believes to be her mother. In order to get Gretchen to find a buyer for Scylla, Donald Self orders T-Bag to take Emily and Rita hostage, although T-Bag eventually has a change of heart and lets them leave. While Gretchen has left Emily in Rita's care, in truth she considers Emily the most important person in the world to her. Following the fall of The Company and her imprisonment, Gretchen, despite imprisonment, now hopes to see her. Category:Living characters Category:Prison Break characters Category:Season 4 characters"
92ac04b21f88,Lucasz Peshcopi,Prison Break,played by: Howie Johnson,"While Nick and Veronica survived the explosion with minor injuries, Lucasz was killed almost instantly. Biography
Season 1

Appearances

Trivia
He's the first character to be killed by main character and a guest star. Later is Christina Scofield's bodyguard killed in an explosion and then dies a balliff in Breakout Kings.","Lucasz PeshcopiPrison Break - The Classified FBI Files was a maintenance worker and friend of Veronica Donovan. He was first seen telling Nick Savrinn to walk away from Veronica or else he'd probably beat him up. (At the time, Lucasz thought Nick was harassing Veronica). Lucasz wasn't seen again until a few days when Nick and Veronica returned home from Washington D.C. Lukasz escorted the two to Veronica's apartment in order ot help them open up the door. However, someone (most likely Kellerman) placed an explosive device inside, which detonated not even two seconds after the door opened up. While Nick and Veronica survived the explosion with minor injuries, Lucasz was killed almost instantly. Biography Season 1 Appearances Trivia He's the first character to be killed by main character and a guest star. He's the first character to die in an explosion. Later is Christina Scofield's bodyguard killed in an explosion and then dies a balliff in Breakout Kings. He is the second character "
cb8d3c0a1dc9,James Bagwell Jr.,Prison Break,played by: Bobby Linkhart,"was shot and killed in the process by Maggio. He was used as a human shield which resulted in his death. Appearances

Category:Characters
Category:Deceased characters
Category:Deceased family members from main characters
Category:Off-screen kills
Category:Season 1 characters","James Bagwell Jr. was the son of James Bagwell, T-Bag's cousin. Biography Season 1 He was first seen playing in the front yard of his house near his father, who walked away to talk to some of Abruzzi's henchmen. As they attempted to capture James, he grabbed a gun and tried to kill them. James Bagwell Jr. was shot and killed in the process by Maggio. He was used as a human shield which resulted in his death. Appearances Category:Characters Category:Deceased characters Category:Deceased family members from main characters Category:Off-screen kills Category:Season 1 characters"
cd2e8fe4da16,Chi Chi,Prison Break,played by: Alex Meneses,"As she muttered ""two"" T-Bag grabbed her by the throat and killed her. Biography
Season 2
Post-Death
T-Bag was sent to Sona for the murder of Chi Chi. Appearances

Category:Season 2 characters
Category:Off-screen kills
Category:Killed by Theodore Bagwell
Category:Characters
CategorY:Deceased characters","Chi Chi was first seen in bed with T-Bag, impersonating Susan Hollander by wearing a wig to his liking. However, after spending an hour with T-Bag, she got irritated when T-Bag wouldn't let her leave and said, ""this Susie Q bitch"" thought he was a freak. T-Bag took it as an offense when she called her a bitch and told her to take it back. Chi Chi said that if T-Bag wouldn't remove his arm by the time she counted to three, which was blocking the door, she'd scream. As she muttered ""two"" T-Bag grabbed her by the throat and killed her. Her body was later discovered by a maid in the bathtub. Biography Season 2 Post-Death T-Bag was sent to Sona for the murder of Chi Chi. Appearances Category:Season 2 characters Category:Off-screen kills Category:Killed by Theodore Bagwell Category:Characters CategorY:Deceased characters"
ec456d162795,Shan Xing,Prison Break,played by: Clint Jung,"Due to Whistler's death and Morgan's capture however, he was unable to acquire it in time. Feng, infuriated that he didn't have the device, stabbed Xing twice and killed him. Appearances
Eagles and Angels 

Trivia
Since T-Bag never showed up to him as Cole Pfeiffer; Shan was killed, and T-Bag actually never called him at all, despite being aware of him at all.","Shan Xing was a Chinese businessman who was supposed to deliver Scylla to his boss an influential and powerful buyer named Feng Huan. Due to Whistler's death and Morgan's capture however, he was unable to acquire it in time. Feng, infuriated that he didn't have the device, stabbed Xing twice and killed him. Appearances Eagles and Angels Trivia Since T-Bag never showed up to him as Cole Pfeiffer; Shan was killed, and T-Bag actually never called him at all, despite being aware of him at all. Shan Xing is also a Chinese poetry. Category:Season 4 characters Category:Criminals Category:Deceased characters"
7a3fefefda31,Jason Lief,Prison Break,played by: John Rosenfeld,"Whistler quickly kills the sellers, copies the card but he is surprised by Michael Scofield. Appearances
Season 3
The Art of the Deal 

Season 4
Scylla 
Category:Killed by James Whistler
Category:Scylla deaths
Category:Season 4 characters
Lief, Jason
Lief, Jason","Jason Lief was in the hotel when James Whistler goes to the Roosevelt Hotel to buy a fifty million dollars worth card called Scylla. Whistler quickly kills the sellers, copies the card but he is surprised by Michael Scofield. Whistler kept a file on Lief for over a year in a suitcase hidden in his Panama apartment. Appearances Season 3 The Art of the Deal Season 4 Scylla Category:Killed by James Whistler Category:Scylla deaths Category:Season 4 characters Lief, Jason Lief, Jason"
a41a23e0b440,Todd Wheatley,Prison Break,played by: Chris Bruno,,"Todd Wheatley is Agent of FBI of The Company. Biography Prison Break - The Final Break Appearances Behind the scenes According to Spoiler TV, William Mapother would play Todd. However, his role was earlier as Chris Francohttp://spoilertv-prisonbreak.blogspot.nl/2009/02/william-mapother-to-play-wheatley.html. Notes and references Category:Living characters Category:Season 4 characters Wheatley, Todd"
cc71a6072315,Chris Franco,Prison Break,played by: William Mapother,"Season 4
Few times before the Company's fall Agent Franco was assigned, along Agent Wright, to investigate on Naveen Banerjee's murder during a meeting in Miami and arrest his believes murderers: on the run inmate Michael Scofield and former death penalty inmate Lincoln Burrows.","Chris Franco was a determined FBI senior field agent partnered with probably rookie agent Wilson Wright during a manhunt against the brothers. Biography Background Franco is a senior Special agent of the Federal Bureau of Investigation based in Miami and partnered with younger and rookie special agent Wright. Season 4 Few times before the Company's fall Agent Franco was assigned, along Agent Wright, to investigate on Naveen Banerjee's murder during a meeting in Miami and arrest his believes murderers: on the run inmate Michael Scofield and former death penalty inmate Lincoln Burrows. Wilson and Franco managed to locate a rogue Homeland Security Agent, Donald Self and interrogate him about his links with the brothers. Franco doesn't hesitate to near torture Self to have answers. Later in the same hospital Franco recognized former FBI field agent, gone rogue too, Alexander Mahone and arrested him. They conduct him and other on the run inmate Fernando Sucre to a FBI HQ in Miami where th"
a720d541ffcc,Mack Andrews,Prison Break,played by: Mac Brandt,,"Mack Andrews is a Corrections Officer at Fox River State Penitentiary. He has been drunk on the job at least once when Michael Scofield was checking out his new route through the Psych ward. Mack did not notice Scofield behind him and Scofield burnt his back on a hot pipe. Mack later joins the efforts to recapture the Fox River Eight. Biography Season 1 Appearances Trivia Mack appeared in 15 episodes, while not being a part of the main cast. Lechero appeared in 13 episodes and he was a main cast member. Category:Season 1 characters Category:Living characters Andrews, Mack Andrews, Mack"
26efc7665fc9,Andrew Blauner,Prison Break,played by: Dameon Clarke,"Category:GATE workers
Category:Season 4 characters
Category:Killed by Gretchen Morgan
Blauner, Andrew
Blauner, Andrew","Biography Season 4 Andrew Blauner was a GATE salesman who was presumably one of the best in the company prior to the arrival of Cole Pfeiffer (Theodore ""T-Bag"" Bagwell). His experience in selling and (more likely) extreme jealousy of Cole's instant ascension leads him to be instantly suspicious of Cole's apparent top sales history and his lack of knowledge of such an individual in the business. He eventually digs into the background of Cole's sales and the faked customers leading to his eventual warning of Cole to provide an explanation. Realizing the danger of Blauner's investigation on the Scylla retrieval leads Gretchen Morgan to kill and bury Andrew on an unknown location that ""will never be found."" Appearances Trivia Andrew Blauner was suspicious of Bagwell's work in Gate, as he stole the identity of Cole Pfeiffer ( an alias James Whistler made ) and was strangled by Gretchen Morgan because of it. Category:GATE workers Category:Season 4 characters Category:Killed by Gretchen "
17a72b6af5a1,Wilson Wright,Prison Break,played by: Reno Wilson,"Season 4
Few times before the Company's fall Agent Wilson was assigned, along Agent Franco, to investigate on Naveen Banerjee's murder during a meeting in Miami and arrest his believes murderers: on the run inmate Michael Scofield and former death penalty inmate Lincoln Burrows.","Wilson Wright was an FBI agent partnered with Chris Franco during a brief manhunt in Florida to the brothers. Biography Background Wilson is a young Special agent of the Federal Bureau of Investigation based in Miami and partnered with experienced special agent Franco. Season 4 Few times before the Company's fall Agent Wilson was assigned, along Agent Franco, to investigate on Naveen Banerjee's murder during a meeting in Miami and arrest his believes murderers: on the run inmate Michael Scofield and former death penalty inmate Lincoln Burrows. Wilson and Franco managed to locate a rogue Homeland Security Agent, Donald Self and interrogate him about his links with the brothers later in the same hospital Franco recognized former FBI field agent, gone rogue too, Alexander Mahone and arrested him. They conduct him and other on the run inmate Fernando Sucre to a FBI HQ in Miami where they try to extort them information about Burrows's location but the two try to convince them that the bro"
b54e39404ccd,Jack Mannix,Prison Break,played by: [http://www.youtube.com/watch?v=gK7ATUMgc98&feature=&p=C48B1B840F0DA3BC&index=0&playnext=1 Unknown voice actor] (English) [http://www.youtube.com/watch?v=2HJ5fPy_I_E Unknown voice actor] (Deutch) [http://www.youtube.com/watch?v=CFJDuEu9CHk Unknown voice actor] (French),"He's given the charge of an undercover mission in Fox River after the Secret Service has discovered that Michael Scofield is incarcerated in the same prison as the guy who killed the VP's brother: Lincoln Burrows. Then he send, secretly, another operative named ""Turk"" to kill them both during the prison's riot, but the hit failed when Burrows killed accidently Turk. The fight is very brutal but Paxton get advantage and push Mannix to the limits of the roof allowing Police Officer Harris to take a shot and killed Mannix by a single bullet and falling from the roof already dead.","Jack Mannix was a high ranking Company operative within the FBI agency and a FBI special agent in charged of the undercover operations of the Company, he appeared in the video game adaptation of the first season of Prison Break. Biography Background Born in Northern Ireland in 1956 (age 51,Jack Mannix's character according to official site Jack Mannix's family emigrated to the US in 1973. Severing all ties with his few childhood friends back in Ireland proved to be a traumatic experience for the young and introverted Jack. Alone and friendless, he was subjected to his father Jack Mannix's father continual sexual abuses, which further scarred his psyche. His stubborn nature pushed him to fight on and deny what happens during his youngness. After finishing law studies he enrolled into FBI Academy in Quantico and barely gratuated. Owing to his stubborn nautre and lack of intellect he was soon shuffled at a desk job into the FBI offices in Chicago. Extremely dissatisfied, he began selli"
b2d043df992b,Richardson,Prison Break,played by: [http://www.youtube.com/watch?v=EfstDiM93pQ Unknown voice actor] (Spanish),,"Special Agent Richardson is a Company operative who appeared during the events of Prison Break - The Conspiracy (Game). Biography Prison Break - The Conspiracy Special Agent Richardson was a Company operative sent in Fox River to contact and interrogate Agent Paxton (about his mission), this last works deep undercover in the Fox River State Penitentiary. Richardon and fellow operative Special Agent Bates both introduced themselves to Bellick as officer of the Department of Correction in order to hide their real identity.They soon find Tom Paxton in the sewers of the Prison after a brutal fight with Abruzzi'goons and asked him why Burrows his still alive, claiming that Mannix has sent Turk to support him in his task. Richardson quickly threaten him to kill Burrows very soon otherwise he (Paxton) will leave the Prison in a box. Richardson and Bates then leave the Prison and Paxton realize that he have been set up by Mannix since the beginning. Appearances Trivia It's very odd that Bat"
38dc9036073a,Bates,Prison Break,played by: [http://www.youtube.com/watch?v=EfstDiM93pQ Unknown voice actor] (Spanish),,"Special Agent Bates is a Company operative who appeared during the event of Prison Break - The Conspiracy (Game). Biography Prison Break - The Conspiracy (Game) Special Agent Bates was a Company operative sent in Fox River to contact and interrogate Agent Paxton (about his mission), this last works deep undercover in the Fox River State Penitentiary. Bates and his superior officer Special Agent Richardson both introduced themselves to Bellick as Officer of the Department of Correction in order to hide their real identity. They soon find Tom Paxton in the sewers of the Prison and asked him why Burrows his still alive, claiming that Mannix has sent Turk to support him in his task. Richardson quickly threaten him to kill Burrows very soon otherwise he (Paxton) will leave the prison in a box. Bates and Richardson then leave the Prison and Paxton realize that he have been set up by Mannix since the beginning. Appearances Trivia It's very odd that Bates and Richardson have found Paxton in"
36ce270dd7c5,Jeremiah King,Prison Break,played by: [http://www.youtube.com/watch?v=m1tF4bS9VG4&feature=related Unknown voice actor] (English) [http://www.youtube.com/watch?v=djyB5yYrD1M&feature=related Unknown voice actor] (Deutch) [http://www.youtube.com/watch?v=8mU7Ff3Q9h4&feature=related Unknown voice actor] (French),,"Jeremiah King was a black and influent inmate in the Fox River State Penitentiary, part of C-Note's gang and the runner of the underground fighting in Fox River. He's easily recognizable by his gold chain ""K"". He appeared in Prison Break - The Conspiracy (Game). Biography Prison Break - The Conspiracy A very influent inmate, King (nicknamed: ""Mr. King"") is the runner of the illegal underground fighting and he always try to find inmates who know how to punch then he ask his friend and men to find new fighter.As the main organizer of this fight, King take a big part on the bets and his enough "" wealthy"" to be respected by both C.O and prisoners: he is always bodyguarded by two very strong inmates, he's part of C-Note's clan against the White supremacist gang lead by T-Bag and seems to owned a part of the punching bag of the Penitentiary. Jeremiah King is introduced to Tom Paxton by C-Note, after this last witnessed his fighting with T-Bag (and earned the respect of both C-Note and King"
3efa8e610808,Teets,Prison Break,played by: [http://www.youtube.com/watch?v=mWt-wg_VTDQ&feature=BF&list=PLC48B1B840F0DA3BC&index=5 Unknown voice actor] (English) [http://www.youtube.com/watch?v=2HJ5fPy_I_E Unknown voice actor] (Deutch),"died during the Big Riot. See also
Ironic deaths

Category:Characters with unknown crimes
Category:The Big Riot deaths
Category:Killed in Fox River
Category:Characters portrayed by unknown performers
Category:John Abruzzi's gang
Category:Prison Break - The Conspiracy characters
Category:Killed by Tom Paxton
Category:Characters
Category:Deceased characters
Category:Criminals
Category:Fox River Inmates","The prisoner going by the nickname ""Teets"" was an inmate inside the Fox River State Penitentiary, from Italian descent a member of the Abruzzi's crew inside the prison and one of Bellick's informant. He's also one of the worse enemies of Paxton in Fox River. Biography Background Before Tom Paxton came in Fox River, Teets was a part of Abruzzi's gang. Prison Break - The Conspiracy As a member of mob boss John Abruzzi's crew in Fox River, Teets has a statut of ""untouchables"" and he's well respected, but he soon begin to give information about Abruzzi activities in Fox River to Captain Brad Bellick in exchange of protection and from this moment he make a daily report to him about Abruzzi. Due to his frequent meeting with Bellick, John Abruzzi began to untrust Teets and discover that Teets is effectively a rat inside his gang. Considering him as a threat, Abruzzi's first plan to stab his henchman, but need proof before executing him. Then, he send a new prisoner called Tom Paxton spying"
a03f550045b0,Say Davis,Prison Break,played by: David Anthony Pizzuto,,"Say Davis was a C.O. in Fox River State Penitentiary. He was mentioned by another C.O. in Prison Break - The Conspiracy (Game). Biography Prison Break - The Conspiracy Say Davis was first seen bringing the new people to the prison along with Jones. He also talked with one of the workers about the inmates who say they are in Iraq. He was also briefly seen with Brad Bellick at the time Agent Bates and Agent Richardson came. Later he was mentioned if he did something in this century by an unknown agent. Say Davis was also there, when John Abruzzi and Jack Mannix came to Fox River. He, however brought Abruzzi back in prison, while Jones was going with Jack Mannix so that he could about his daughter. He was also watching a football game along with Smith. Appearances Chapter 1 Chapter 7 Chapter 8 Notes and references Category:Articles by Station7 Category:Living characters Category:Prison Break - The Conspiracy characters Category:Characters Category:Fox River Corrections Officers"
d467362343fd,Jones,Prison Break,played by: [http://www.youtube.com/watch?v=Cp9wxoyhSrU&feature=PlayList&p=9A3E4393E94F0726&playnext_from=PL&playnext=1&index=6 Unknown voice actor] (English),,"Jones is a Correction Officer in Fox River State Penitentiary, he has a daughter (Lucy Jones) who has been taken hostage by The Company. Biography Background Officer Jones was a Correctional Officer in Fox River State Penitentiary. He had many assignement such as night patrols, laundry surveillance, cell assignement. Prison Break - The Conspiracy Jones had many little appearances during Paxton's mission, Jones first opened the door for the new Fox River Inmates. He's in charge of main gate and laundry's surveillance and he's often seen during night patrols along with C.O Orwell. At some point in Paxton's time in Fox River State Penitentiary, Jones has been contacted by a shadow organisation, The Company to help them in killing Lincoln Burrows. In fact Agent Jack Mannix has kidnapped Jones's little daughter and send her in an unknown safehouse, Mannix arrived in Fox River as an inmate and asked Jones to conduct him to Burrows's cell in the SHU in order to kill him. He succefully did. "
18ca229e8e3a,Williams,Prison Break,played by: [http://www.youtube.com/watch?v=74d1yJmorHE Unknown voice actor] (English),,"Williams is a Corrections Officer who worked at Fox River State Penitentiary. He appeared in Prison Break - The Conspiracy (Game). Biography Prison Break - The Conspiracy Williams did first appeared when he brought the new inmates to Brad Bellick. Williams was also mentioned to clean up the blood from the wall. Williams appeared again after Tom Paxton came back from the infirmary to look at Scofield's medical records and saw that he used PUGNAC. Williams later appeared with Brad Bellick, Henry Pope and Moore. Williams was then said to clean up the blood. Williams then said he didn't clean up the blood. Willliams and Moore then were searching in the dark. Williams also appeared when Paxton give him his laundry. Bellick said to Moore and Williams that they have to clean up the mess. Moore and Williams then were talking about how long it will take until the Pope discovers that Bellick is behind this. They then said two weeks. Appearances Chapter 1 Chapter 2 Chapter 5 Chapter 7 Chapter "
423ca76c138d,Orwell Wilson,Prison Break,played by: [http://www.youtube.com/watch?v=Cp9wxoyhSrU&feature=PlayList&p=9A3E4393E94F0726&playnext_from=PL&playnext=1&index=6 Unknown voice actor] (English),,"Orwell Wilson is an Correctional Officer who worked at Fox River. Biography Background Not much is known about Orwell early life, according to him: he took Musical lessons for ten years and he's very skilled with playing piano. He appeared to have a friendship with fellow Correctional Officer Say Davis. Prison Break - The Conspiracy Orwell did shoot at the yard when Michael Scofield was fighting with John Abruzzi. Orwell was outside the infirmary and asked to Tom Paxton to go back to the garden, after Paxton checked the files of Michael Scofield. Orwell did later appear at the time Paxton was going to steal the sketches of Haywire. Orwell appeared rarely during Paxton mission, he's often seen team up with Jones: their assignement seems to be the church and the archive room where Paxton sneaks in to find the blueprint of the Prison. Orwell also did appear at the Fox River Tower, where he looked at the cars. Appearances Trivia He's both friends with Jones and Say Davis. It seems tha"
858e918f4ff8,Smith,Prison Break,played by: [http://www.youtube.com/watch?v=B5WqCVjjk1o&feature=related Unknown voice actor 1] (English) [http://www.youtube.com/watch?v=5wfgJ2nHup0&feature=related Unknown voice actor 2] (English) [http://www.youtube.com/watch?v=kj2XTkqUoTM&feature=related Unknown voice actor 3] (English) [http://www.youtube.com/watch?v=IJlrAbEb0Sw&feature=related Unknown voice actor 4] (English) [http://www.youtube.com/watch?v=rQS-n6ajGGQ&feature=related Unknown voice actor 5] (English) [http://www.youtube.com/watch?v=hPv0bxYmTO8 Unknown voice actor 1] (Deutch) [http://www.youtube.com/watch?v=2HJ5fPy_I_E Unkn,,"Smith is an Corrections Officer who worked at Fox River State Penitentiary. He appeared in Prison Break - The Conspiracy (Game). Biography Background Smith was made at some point in his life an Corrections Officer in Fox River, where he was going to work for Henry Pope. Smith met at some point a guy, which he according to Battaglia liked. Prison Break - The Conspiracy Smith brought Michael back to his cell. Smith was searching for someone when he turned out the light and can be seen here. Smith also brought Paxton to John Abruzzi for PI, after the big riot. Smith was also mentioned on the roof to turn on the lights. Smith was also talking with Battaglia about a guy in the storage area. Smith revealed to Lincoln Burrows that he's being moved to the infimary. Smith was seen by Tom Paxton with Say Davis watching television. Appearances Chapter 1 Chapter 3 Chapter 5 Chapter 8 Trivia He watched a football game with his friend Davis. It's unknown of Smith has a mustache or not. He has "
171c31e79004,JJ,Prison Break,played by: Javon Johnson,,"JJ is a Corrections Officer at Fox River State Penitentiary. He usually works alongside C.O. Coco on gardening detail during Prison Industries and patrolling the outside of the Prison. Once he saw C-Note's old crew waiting for C-Note and the other escapees outside on patrol but did not know who they were and believed their story about breaking down. He is one of the first C.O's to arrive at the location of the Prison Break to interrogate Manche Sanchez, who failed to get over the wall, by threatening to break his neck if he doesn't name his fellows escapees. Biography Season 1 Appearances Category:Season 1 characters Category:Living characters Category:Characters Category:Fox River Corrections Officers"
43d1c3ec599a,Richard Sullins,Prison Break,played by: Kim Coates,"After the death of Abruzzi and the execution of inmate Tweener, Sullins became very suspicious and came from Quantico to the FBI field offices in Chicago. He interrogate Mahone and quickly found that Mahone had executed both Abruzzi and Tweener.","Richard Sullins is an FBI special agent and the head of the Internal Affairs inside the FBI. Biography Season 2 Richard Sullins is the head of the Internal Affairs Departments in the FBI. He had some history with agent Mahone the FBI agent who lead the hunt against the Fox River 8, he had already investigated about Mahone's activities, during the Oscar Shales hunt, and particularly about Shales mysterious dissapearance. After the death of Abruzzi and the execution of inmate Tweener, Sullins became very suspicious and came from Quantico to the FBI field offices in Chicago. He interrogate Mahone and quickly found that Mahone had executed both Abruzzi and Tweener. But he can't manage to push his investigation far, he received a call from his superior to make him back in Quantico (a call ordered by The Company). Angry to hasn't managed to send Mahone in front of a trial. Sullins contact an FBI agent working with Mahone on the inmates case: Special Agent Wheeler, and ask him to report all"
f8b76baea41e,Darius Morgan,Prison Break,played by: Mike Jones,,"Darius Morgan is C-Note's brother-in-law, Kacee Franklin's and Trey Morgan's brother. He along with his brother and cousins are street criminals who operate discreetly in the suburbs of New York dealing drugs. Trivia Drug dealing probably isn't the only crime Darius and his gang commit since they're in possession of illegal firearms. Darius is named Darius Jones in Prison Break - The Classified FBI Files. Category:Season 1 characters Category:Living characters Morgan, Darius"
17759c0efb83,L. Coco,Prison Break,played by: Lea Coco,,L. Coco is a Corrections Officer at Fox River. He usually works alongside C.O. JJ on gardening detail during Prison Industries and patrolling the outside of the Prison. Once he saw C-Note's old crew waiting for C-Note and the other escapees outside on patrol but did not know who they were and believed their story about breaking down. Category:Season 1 characters Category:Living characters Category:Characters Category:Fox River Corrections Officers
44075fc876f8,Michelle Taylor,Prison Break,played by: Julie Berzon,"She helped her escape but then was killed by Gretchen for it. Biography
Prior to Season 4

Post-Death
Season 4

Appearances

Category:Season 4 characters
Category:Deceased characters
Category:Killed by Gretchen Morgan
Category:Characters",Michelle Taylor was a woman who saved the life of Sara. She helped her escape but then was killed by Gretchen for it. Biography Prior to Season 4 Post-Death Season 4 Appearances Category:Season 4 characters Category:Deceased characters Category:Killed by Gretchen Morgan Category:Characters
9c20d130f531,Hurtado,Prison Break,,,"Hurtado is a soldier who worked for Sona. Biography Season 3 Appearances Trivia Hurtado was poisoned by Lincoln Burrows, but Sophia Lugo gave it to him when he didn't look around. Hurtado has met Lincoln, Sucre, Sophia and Michael. Hurtado saw Whistler, but Colonel Escamilla did talk to him. Category:Living characters Category:Season 3 characters Category:Characters"
1e3eda923d1a,David Baker,Prison Break,played by: Keith Szarabajka,,"David Allen Baker is a man who installed a system for the Scylla Project. Biography Background David Baker was the original designer for the Scylla project. He was later contacted by Alex Mahone who was demanding answers about the blueprints. Season 4 David Baker is first seen in Season 4 Episode 10 and contacted by Mahone to get answers about the blueprints for the Scylla project. Appearances Trivia David's middle name is a reference to the Allen screw, where Michael's first plan was made for the plan was to escape. Baker, David Category:Living characters Category:Company operatives Category:Season 4 characters"
82f1571aa506,Tommy Day,Prison Break,played by: Jeff Fenter,,"Tommy Day was a house-sale man and met Sophia Lugo about James Whistler. Biography Season 3 Tommy did call Sophia Lugo, when he said that Whistler had another house. Sophia did met Tommy at the house and Tommy did let her alone. Appearances Category:Season 3 characters Category:Living characters Day, Tommy"
7315ee267967,Trey Morgan,Prison Break,played by: Andra Fuller,,"Trey Wilson is the brother of Kacee Franklin and Darius Morgan. He's a member of a street gang in Chicago, along with his brother Darius. It's assumed that after his discharge from the Army, Benjamin Miles Franklin began to drive truck full of illegal goods for them and had been caught by the Chicago Police Department. After his escape from Fox River State Penitentiary, C-Note asked Trey and his former gang to help his wife escape the FBI's surveillance. After a successful escape, Trey helps his sister and her husband hide from the police. Biography Background Season 2 Appearances Category:Season 2 characters Category:Living characters Morgan, Trey"
d271d34c1520,Ann Westmoreland,Prison Break,,,"Ann Westmoreland was the wife of Charles Westmoreland and the mother of Anna Westmoreland. Biography Background Season 1 Appearances Relationships Family Charles Westmoreland Westmoreland, Ann Westmoreland, Ann"
14866752c341,Mestas,Prison Break,,General Mestas is the short-tempered commander of Sona Federal Penitentiary after General Zavala's death.,"General Mestas is the short-tempered commander of Sona Federal Penitentiary after General Zavala's death. In ""Hell Or High Water"", he leads the efforts to capture the Sona Four. Biography Season 3 Appearances Category:Characters of unknown status Category:Season 3 characters Category:Season 3 characters Category:Characters Category:Sona Wardens"
0e283a34ddd0,Ronald Winston Shephard,Prison Break,played by: Darin Heames,,Ronald Winston Shephard is a drinker who met Sara Tancredi at a bar. However he stole her credit card and used it to buy items. Biography Season 4 Appearances Category:Season 4 characters Category:Living characters Category:Criminals Category:Characters
39a4973912a4,Clozza,Prison Break,played by: Dylan Kenin,"Biography
Season 4

Appearances

Trivia
Clozza along with Downey were killed 2 main characters. Category:Scylla deaths
Category:Deceased characters
Category:Killed by Brad Bellick
Category:Killed by Lincoln Burrows
Category:Characters
Category:Company operatives
Category:Season 4 antagonists",Clozza was the bodyguard of Scylla-cardholder Lisa Tabak. Biography Season 4 Appearances Trivia Clozza along with Downey were killed 2 main characters. Category:Scylla deaths Category:Deceased characters Category:Killed by Brad Bellick Category:Killed by Lincoln Burrows Category:Characters Category:Company operatives Category:Season 4 antagonists
bf541f445ad0,Barman,Prison Break,played by: Hector Atreyu Ruiz,,"A Barman served Howard Scuderi and Sara Tancredi some drinks. Whilst Sara was flirting with Howard in order to obatain the Scylla card, the Barman said that Howard wasn't interested in her, so he offered her up on a drink. He served on a bar in a hotel in Las Vegas. Biography Season 4 This Barman gave Sara and Howard something to drink. When Sara was flirting with Howard, it failed. The barman revealed that he ""liked men"". Later, this barman was seen in the background and could have been seen laughing when Sucre was sitting next to Scuderi. Appearances Five the Hard Way Trivia He is credited at serienguide.org as Bartenderserienguide.org. Notes and references Category:Living characters Category:Prison Break characters Category:Season 4 characters Category:Characters"
2b925f82abfa,Lincoln Burrows' lawyer,Prison Break,,"Biography
Season 3

Appearances
Orientación 

Trivia
Following Veronica's death, he briefly followed her up.","Lincoln Burrows' lawyer was trying to get Michael out of Sona. Biography Season 3 Appearances Orientación Trivia Following Veronica's death, he briefly followed her up. Category:Lawyers Category:Living characters Category:Season 3 characters Category:Characters"
098434bf4a8b,Conor Mara,Prison Break,played by: Michael Wiseman,,"Conor Mara was a LAPD detective sent by the LA HQ to investigate Andrew Blauner dissapearance, he worked with GATE CEO to find out what happened to Blauner. Appearances Greatness Achieved Category:Living characters Category:Prison Break characters Category:Season 4 characters Category:Characters"
d6b3a8013ee1,Phil Stroger,Prison Break,played by: Monti Sharp,,"Phil Stroger is a man from who Michael and Lincoln stole a car, while Donald Self was talking with him. This was part of the plan in order to steal the sixth Scylla-card. Biography Season 4 Appearances Category:Season 4 characters Category:Living characters Category:Characters"
4dd4e6318b52,Tia Hayden,Prison Break,played by: Crystal Allen,,"Tia Hayden is a woman who worked with Scott Carruth and they were friends. Biography Season 4 Appearances The Sunshine State Trivia She is a smoker, because she was looking for her cigarettes. She is the only female smoker along with Leticia Barris to appear in Prison Break, although Gretchen Morgan said: get a cigarette and stick away with it. Category:Living characters Category:Season 4 characters Category:Characters"
c5b8818b4664,Conrad Dallow,Prison Break,,"He also met Michael Scofield and Lincoln Burrows, but he walked away from the warehouse after Richard Sooter was being killed by Lincoln.","Conrad Dallow was a Californian Senator who worked with Herb Stanton to bring down the Company. He also met Michael Scofield and Lincoln Burrows, but he walked away from the warehouse after Richard Sooter was being killed by Lincoln. Biography Season 4 Appearances Category:Season 4 characters Category:Living characters Dallow, Conrad"
7aba1add4742,Marjorie Swift,Prison Break,played by: Amy Chaffee,,"Marjorie Swift is a woman who gave Christina Scofield and Downey the money they did wanna have. Later Michael, Lincoln and Mahone were robbering the bank and taked the case of Christina Scofield, where the Scylla was hiding in. Biography Season 4 Appearances Category:Characters Category:Living characters Category:Season 4 characters"
64b32c69cb1d,Harris,Prison Break,played by: [http://www.youtube.com/watch?v=Xy81i1tgYK4&feature=related Unknown voice actor] (Deutch),"Appearances
Chapter 1 
Chapter 9

People killed by Harris
 Name Picture First appearance Last appearance Cause of death Jack Mannix 122px|center Prison Break - The Conspiracy (Game) Prison Break - The Conspiracy (Game) Guns
hot wound through the chest. Harris, Bellick and Tom Paxton are the only Correction Officers of Fox River who kills a person. Bellick kills a few people in the show, while Harris killed Jack Mannix and Paxton was also responsible for the death of Jack Mannix.","Harris was an Illinois State police officer and sniper who appeared in Prison Break - The Conspiracy (Game) Biography Prison Break - The Conspiracy Harris did first appeared when Tom Paxton was in prison and pusht him on the stairs. As an Illinois State police officer, agent Harris is a very skilled marksman as he's send in Helicopter to Fox River State Penitentiary few minutes after the discover of a prisoner escape and witness Tom Paxton fighting with fellow Jack Mannix. Armed with a M4A1 thinking that a C.O was assaulted by an inmate he shot Mannix dead from his chopper. It's assume that him and his chopper had participated in the track of the Fox River Seven. Appearances Chapter 1 Chapter 9 People killed by Harris Name Picture First appearance Last appearance Cause of death Jack Mannix 122px|center Prison Break - The Conspiracy (Game) Prison Break - The Conspiracy (Game) Guns hot wound through the chest. Trivia Harris has the same appearance as C.O. Jones. Although being of th"
464912c0c55b,Moore,Prison Break,played by: [http://www.youtube.com/watch?v=ESK3ysDGLjo Unknown voice actor] (English) [http://www.youtube.com/watch?v=2HJ5fPy_I_E Unknown voice actor] (Deutch),,"Moore is a Correction Officer in Fox River. Biography Background At some point in his life, Moore was made Correction Officer. Prison Break - The Conspiracy Moore first appeared in a flashback, at the time the Fox River Seven and Tom Paxton escaped out of Fox River. Then he could be seen with Roy Geary. Later he was seen when Tom Paxton entered the department of Fox River. Then he was seen again in the department, when Paxton did a job for John Abruzzi. Moore appeared when Tom Paxton was fighting with Teets and later attacked Paxton himself. Moore appears in the sick bay of Fox River where Tom Paxton is. He's talking to Henry Pope, possibly because of calling him sir. Later he appears outside, while Tom Paxton is hiding himself. He appeared during the big riot where he can be seen injured on the ground. Moore later appeared with Brad Bellick, Henry Pope and Williams. Moore was then said to clean up the blood. Moore then said he didn't clean up the blood. Moore and Williams then were "
5a8e9a95e3ea,Charles Westmoreland Senior,Prison Break,,"Family
Son - Charles Westmoreland

Biography
Background
Post-Death

Relationships
Family
Son
thumb|left|250px|Charles Westmoreland

Appearances

Trivia
His fate is unknown, because people can be old, but it's seems very odd that he's still alive.","Charles Westmoreland Senior was the father of Charles Westmoreland Junior. He was in drunkship, while his son was arrested and brought to Fox River. Family Son - Charles Westmoreland Biography Background Post-Death Relationships Family Son thumb|left|250px|Charles Westmoreland Appearances Trivia His fate is unknown, because people can be old, but it's seems very odd that he's still alive. Category:Characters of unknown status Category:Fathers Westmoreland Senior, Charles Westmoreland Senior, Charles"
e5a4dd48b932,Naveen Banerjee,Prison Break,played by: Anthony Azizi,"Naveen Banerjee was a man who worked with Christina Scofield before he was killed. Season 4

Post-Death
After his death, Christina Scofield talked with his father about him. Trivia
Naveen's death marks the second time that Lincoln Burrows is in a crime (murdering Naveen) that he didn't commit.","Naveen Banerjee was a man who worked with Christina Scofield before he was killed. He was the son of one of India's most important minister and he was a very famous scientist. Family Nandu Banerjee - Father Biography Background Naveen Banarjee was the son of Nandu Banarjee, India's Prime Minister. Season 4 Post-Death After his death, Christina Scofield talked with his father about him. Also, Lincoln and Michael were followed by police. Appearances Versus S.O.B. Trivia Naveen's death marks the second time that Lincoln Burrows is in a crime (murdering Naveen) that he didn't commit. The first time was in Terrence Steadman's death. Naveen's death marks the second time that Michael is involved in a death that he didn't commit. The first time was in William Kim's death. Naveen's death marks the only time that both Alexander Mahone and Donald Self were involved in a murder they didn't committed. Ironically enough, Mahone killed in the episode which he first appeared and both Mahone and"
f1ded3d4f5c1,Allison Hale,Prison Break,played by: Jennifer Kern,"Allison Hale is the widow of Daniel Hale, who was killed by Paul Kellerman for betraying him and the Company. Afterward, Danny is killed by an angry Kellerman, after noticing that his name had been listed on Hale's folder. Season 4
Four years later, Alison somehow discovered that the now loved Congressman, Paul Kellerman had killed Danny, she approached him when he was near his limo on his way to Washington, surrounded by the press.","Allison Hale is the widow of Daniel Hale, who was killed by Paul Kellerman for betraying him and the Company. Family Husband - Daniel Hale Biography Season 1 Allison lived a happy family life with her daughters and husband Daniel Hale, who is in the Secret Service agent working for Vice President Reynolds and The Company. This played a vital role in the framing of Lincoln Burrows and his incarceration in Fox River. Full of remorse he decided to expose the Conspiracy and the Company by cutting his roots with them and trying to contact Burrows's lawyers Veronica Donovan. To keep her safe, Daniel asked Alison to leave the city with him and to never get to a phone. She agreed and was confronted by Daniel's partner, Paul Kellerman. Surprised, he asked where Daniel was. It was assumed that he had threatened her and forced her to tell him where he was. Afterward, Danny is killed by an angry Kellerman, after noticing that his name had been listed on Hale's folder. Season 4 Four years later, "
25537f758b35,Miller,Prison Break,played by: Christian Lanz,,"Miller is a C.O in Fox River State Penitentiary and appears in Prison Break - The Conspiracy (Game). Biography Prison Break - The Conspiracy Miller hasn't big appearances during Paxton's covert operation but he seems to be a crooked C.O as he's seen beating up Tom Paxton, along with Moore, after having defeated Teets in the laundry. Appearances Chapter 3 Trivia Miller is the only C.O in the whole game who isn't bald. Miller along with Roy Geary, Daylor and Moore are responsible for Paxton's escape. Notes and references Category:Living characters Category:Prison Break - The Conspiracy characters Category:Characters Category:Characters without voice-actors Category:Fox River Corrections Officers"
78137c50a3db,Fraser Jake,Prison Break,played by: [http://www.youtube.com/watch?v=IUuX5ibqKCM&feature=related Unknown voice actor] (Deutch),,"Fraser Jake is an inmate in Fox River and a member of Theodore Bagwell's gang. He appeared in Prison Break - The Conspiracy (Game). He appears to be a good friend with Saint Patrick and Johnny. He appeared several times to his enemy, Tom Paxton. Biography Prison Break The Conspiracy Fraser Jake was first seen when there was a fight between 2 inmates. He was seen with Saint Patrick and another Fox River Inmate. Later he was seen during the Big Riot, where he and Saint Patrick did fight with Paxton. They did later met during the Big Riot and Paxton did both defeated them. Later, after Paxton had some fights with members of John Abruzzi's gang, both Saint Patrick and Fraser Jake were fighting with Paxton. Appearances Trivia He is one of the 3 characters who's both a member of T-Bag's and Abruzzi's gang: the other 2 are Saint Patrick and an unnamed Fox River Inmate. Category:John Abruzzi's gang Category:Characters of unknown sentences Category:Theodore Bagwell's gang Category:Characte"
d04d9f8d426d,Saint Patrick,Prison Break,played by: [http://www.youtube.com/watch?v=IUuX5ibqKCM&feature=related Unknown voice actor] (Deutch),,"Saint Patrick is a man imprisoned at Fox River. He appeared in Prison Break - The Conspiracy (Game), you can fight with him. He appears to be a good friends with Fraser Jake and Johnny. He appeared to be an enemy from Tom Paxton Biography Prison Break - The Conspiracy Saint Patrick can be seen while 2 Fox River inmate are fighting. Later, rarely enough, he can be seen in the yard after Tom Paxton found C-Note's stash. Appearances Trivia Saint Patrick has the same voice actor as another Fox River Inmatewww.youtube.com video 1, since both said ""Fresh Fish"" at the same way. Saint Patrick change from voice in chapter 5.www.youtube.com video 2 Saint Patrick appears briefly at the end of Chapter 1, where he can be seen by John Abruzzi. However he also works with T-Bag since he was a good friend of Johnny, making him this both a member of Abruzzi and T-Bag's gang. He is one of the 3 characters who's both a member of T-Bag's and Abruzzi's gang: the other 2 are Fraser Jake and an unnamed Fo"
1d7a29ed2341,Lieutenant Reyes,Prison Break,played by: Jay Whittaker,,"Lieutenant Reyes appears in Brother's Keeper. Biography Background Season 1 Appearances Trivia At serienguide.orgserienguide.org, he is listed as Commander Meyers. Notes and references Category:Living characters Category:Characters"
e0b1f67f86f4,Roy Weston,Prison Break,played by: Antoine McKay,,"Roy Weston is a Corrections Officer at Fox River. Biography Background Roy at some point became a Corrections Officer at Fox River. Season 1 Bellick asked Roy to wait for the other prisoners ans see if they were doing something. Later, Keith Stolte later asked Roy if he had seen Pope leave, but he said that he didn't and there was no way he could have walked by. Appearances Trivia Antoine McKay played a guard in And Then There Were 7. That guard wore a cap, while Roy never wore a cap. Also, he was very hard to Michael, while Roy was calm. Roy Weston is at IMDB credited as Antoine Weston. Category:Season 1 characters Category:Living characters Category:Fox River Corrections Officers Category:Characters"
42a0433be1dd,King (Company operative),Prison Break,played by: Christian Bowman,,"Agent King is an operative for the Company set in South America. He worked under Gretchen Morgan's orders when there was the exchange of Whistler with LJ. Biography Season 3 He worked with the break out of Sona for Whistler. And acted as a bodyguard for Gretchen The exchange of Whistler for LJ and Sophia. It's unknown what happened to him after the operation. Appearances Category:Living characters Category:Season 3 characters Category:Season 3 antagonists King, Agent"
8a7d39936075,Rafael,Prison Break,played by: Joseph Melendez,,"Rafael is a Sona Federal Penitentiary Corrections Officer. He met Fernando Sucre under his alias Jorge Rivera. Later he discovered his real identity. Biography Season 3 Rafael was present when Captain Hurtado was poisoned. He brought Alexander Mahone back to Sona. He also discovered Sucre's real identity, and enjoyed orange juice. Appearances Season 4 The Legend Trivia Rafael's episode count is 7 of The Art of the Deal. Rafael has a tattoo on his right arm. Rafael was specially written in by an idea from Joseph Melendez, the actor who did portray Rafael. Joseph Melendez's site says his name is Raphael, while it is Rafael. Rafael did appear in the episode, The Legend, although his face wasn't shown. Category:Season 4 characters Category:Season 3 antagonists Category:Season 3 characters Category:Characters of unknown status Category:Characters"
141d8c585d50,Soco,Prison Break,played by: Marco Rodriguez,,"Soco is a worker from Sona and he has been onces in an episode. Biography Season 3 Soco appeared when the Sona Four broke out of Sona. He was following them with his group of men on a manhunt. When they were on the beach, Soco said to Mestas that they were possible back in the woods. However, his group did found shoes in the cooler. Soco said then to Mestas that they should call the coast guard. Appearances Category:Living characters Category:Season 3 characters Category:Characters"
