season,part,character,cause_of_death,responsible_party,kill_points
1,,Three Unnamed Criminals,"The group was pursued by Shane and his fellow police officers along with the assistance of three officers from the Linden County Sheriff's Department until they were forced to stop. They engaged Shane, Rick and the remainder of the police force and were killed in the ensuing firefight before reanimating.",Shane Walsh Lambert Kendal Leon Basset,3 2 2
1,,Zombified - Summer,Shot in the head by Rick Grimes .,Rick Grimes,1
1,,Leon Basset,Died of unknown causes.,Unknown,
1,,Zombified - Leon Basset,Shot in the head by Rick Grimes .,Rick Grimes,1
1,,Zombified - Hannah,Shot in the head by Rick Grimes .,Rick Grimes,1
1,,Siggard Family Horse,Devoured by walkers .,Walkers,3
1,,Zombified - Wayne Dunlap,Beaten to death by T-Dog .,Theodore Douglas,1
1,,Ed Peletier,Devoured by walkers . Pick-axed repeatedly in the head to prevent reanimation by Carol Peletier .,Shane Walsh (Indirectly Caused) Walkers Carol Peletier (Before Reanimation),1 3 1
1,,Thirteen unnamed people Atlanta Camp Survivors,Devoured by walkers .,Walkers,20
1,,Amy Harrison,Bitten on the neck and arm by a walker .,Walker,1
1,,Zombified - Amy Harrison,Shot in the head by Andrea Harrison .,Andrea Harrison,1
1,,Jim,Bitten on the ribs by a walker and left to reanimate.,Walker,1
1,,Zombified - Dr. Candace Jenner,"After Candace was bitten, she agreed to let Edwin Jenner monitor the progression of the disease, until he ultimately had to shoot her after reanimation.",Dr. Edwin Jenner,1
1,,"Vi , Dr. Edwin Jenner , and Jacqui",Explosion.,Vi (Caused) Dr. Edwin Jenner (Caused) Jacqui (Suicide),3 3 1
2,Part 1 - 11 Deaths [ ],Sophia Peletier,Bitten on the left shoulder by a walker offscreen.,Walkers,1
2,Part 1 - 11 Deaths [ ],Otis,Shot in the leg by and left to be devoured by walkers .,Shane Walsh (Caused) Walkers,1 3
2,Part 1 - 11 Deaths [ ],Zombified - Louise Bush,Shot in the head by Shane Walsh .,Shane Walsh,1
2,Part 1 - 11 Deaths [ ],Zombified - Doug,Shot in the head by Shane Walsh .,Shane Walsh,1
2,Part 1 - 11 Deaths [ ],"Zombified - Lacey , Duncan , Mr. Fischer , Mrs. Fischer , Arnold Greene",Shot in the head by the Su rv iv or s.,Shane Walsh Theodore Douglas Andrea Harrison Daryl Dixon Glenn Rhee,5
2,Part 1 - 11 Deaths [ ],Zombified - Shawn Greene,Shot in the head.,Shane Walsh Theodore Douglas Andrea Harrison,1
2,Part 1 - 11 Deaths [ ],Zombified - Sophia Peletier,Shot in the head by Rick Grimes .,Rick Grimes,1
2,Part 2 - 11 Deaths [ ],Zombified - Annette Greene,Scythed through the head.,Andrea Harrison,1
2,Part 2 - 11 Deaths [ ],Dave,Shot in the head.,Rick Grimes,1
2,Part 2 - 11 Deaths [ ],Tony,Shot twice in the chest and head.,Rick Grimes,1
2,Part 2 - 11 Deaths [ ],Sean,Shot and devoured by walkers.,Hershel Greene (Caused) Walkers,1 2
2,Part 2 - 11 Deaths [ ],Dale Horvath,Disembowled by walker and then shot in head.,Carl Grimes (Indirectly Caused) Walker (Caused) Daryl Dixon (Out of Mercy),1
2,Part 2 - 11 Deaths [ ],Alive and Zombified - Randall Culver,Neck broken by Shane and later slashed in the head by Glenn .,Shane Walsh (Alive) Glenn Rhee (Zombified),1
2,Part 2 - 11 Deaths [ ],Shane Walsh,Stabbed in the chest.,Rick Grimes,1
2,Part 2 - 11 Deaths [ ],Zombified - Shane Walsh,Shot in the head.,Carl Grimes,1
2,Part 2 - 11 Deaths [ ],Jimmy,Devoured by walkers and burned in fire.,Walkers,3
2,Part 2 - 11 Deaths [ ],Patricia,Devoured by walkers.,Walkers,3
3,Part 1 - 31 Deaths [ ],Big Tiny,Head bashed in repeatedly.,Walkers (Caused) Tomas,1
3,Part 1 - 31 Deaths [ ],Tomas,Slashed in the head with a machete.,Rick Grimes,1
3,Part 1 - 31 Deaths [ ],Sean,Helicopter crash.,Helicopter Blade,1
3,Part 1 - 31 Deaths [ ],Franklin,Helicopter crash then stabbed in the head before reanimation.,Helicopter crash The Governor (Before Reanimation),1
3,Part 1 - 31 Deaths [ ],Zombified - Sean,Stabbed in the head.,The Governor,1
3,Part 1 - 31 Deaths [ ],Brady,Shot in the shoulder and head bashed in.,The Governor,1
3,Part 1 - 31 Deaths [ ],Six unnamed people - National Guardsmen,Shot twice.,Philip Blake (Caused) Merle Dixon Caesar Martinez Shumpert Crowley Tim,6
3,Part 1 - 31 Deaths [ ],Wilson,Shot multiple times.,Philip Blake (Caused) Merle Dixon Caesar Martinez Shumpert Crowley Tim,1
3,Part 1 - 31 Deaths [ ],Lieutenant Welles,Decapitated.,The Governor (Direct or Caused),1
3,Part 1 - 31 Deaths [ ],T-Dog,Bitten on the right shoulder and later devoured by walkers.,Andrew (Caused) Walkers,1 2
3,Part 1 - 31 Deaths [ ],Andrew,Shot in the head.,Oscar,1
3,Part 1 - 31 Deaths [ ],Lori Grimes,"Bloodloss due to emergency Caesarean section, then shot in the head before reanimation.",Andrew (Caused) Judith Grimes (Blood Loss During Childbirth) Maggie Greene (Due to caesarean section) Carl Grimes (Before Reanimation),1
3,Part 1 - 31 Deaths [ ],Crowley,"Decapitated, then stabbed in the head before reanimation.",Michonne Hawthorne Gargulio (Before Reanimation),1
3,Part 1 - 31 Deaths [ ],Tim,"Stabbed through the chest and shot in the back, then stabbed in the head before reanimation.",Michonne Hawthorne (Caused) Merle Dixon (Alive and Before Reanimation),1 2
3,Part 1 - 31 Deaths [ ],Gargulio,Shot in the head.,Merle Dixon,1
3,Part 1 - 31 Deaths [ ],Unnamed Hermit,Stabbed through the chest and pushed into walkers.,Michonne Hawthorne Walkers,1 3
3,Part 1 - 31 Deaths [ ],Michael Coleman,Prostate Cancer.,Cancer,
3,Part 1 - 31 Deaths [ ],Zombified - Michael Coleman,Stabbed in the head.,Andrea Harrison,1
3,Part 1 - 31 Deaths [ ],Warren,Stabbed in the throat.,Maggie Greene,1
3,Part 1 - 31 Deaths [ ],Donna,"Bitten on the arm, died of blood loss, then was smashed in the head with a hammer before reanimation.",Walker Tyreese (Before Reanimation),1 1
3,Part 1 - 31 Deaths [ ],Four unnamed people - Woodbury Army,Shot to death.,Rick Grimes Daryl Dixon,2 2
3,Part 1 - 31 Deaths [ ],Oscar,"Shot in the ribs, then in the head before reanimation.",Woodbury Army Maggie Greene (Before Reanimation),1
3,Part 1 - 31 Deaths [ ],Zombified - Penny Blake,Stabbed through the back of the head.,Michonne Hawthorne,1
3,Part 2 - 49 Deaths [ ],Haley,Shot in the chest.,Maggie Greene,1
3,Part 2 - 49 Deaths [ ],Richard Foster,"Bitten on the arm, then shot in the head.",Walkers The Governor (Out of Mercy),2 1
3,Part 2 - 49 Deaths [ ],Axel,Shot in the head.,The Governor,1
3,Part 2 - 49 Deaths [ ],Unnamed Woodbury Soldier,Shot to death.,Maggie Greene,1
3,Part 2 - 49 Deaths [ ],Zombified - Erin,Shot in the head.,Rick Grimes,1
3,Part 2 - 49 Deaths [ ],Unnamed Hitchhiker,Devoured by walkers.,Walkers,3
3,Part 2 - 49 Deaths [ ],Seven unnamed people - Woodbury Army,Shot and devoured by walkers.,Merle Dixon Walkers,7 21
3,Part 2 - 49 Deaths [ ],Ben,Shot in the shoulder and later devoured.,Merle Dixon (Accidental),1
3,Part 2 - 49 Deaths [ ],Merle Dixon,Shot in the chest.,The Governor,1
3,Part 2 - 49 Deaths [ ],Zombified - Merle Dixon,Stabbed repeatedly in the head.,Daryl Dixon,1
3,Part 2 - 49 Deaths [ ],Milton Mamet,Stabbed repeatedly in the abdomen.,The Governor,1
3,Part 2 - 49 Deaths [ ],Jody,Shot in the head.,Carl Grimes,1
3,Part 2 - 49 Deaths [ ],Paul,Shot through the back.,The Governor,1
3,Part 2 - 49 Deaths [ ],"Twenty-two unnamed people - Woodbury Soldiers (including Noah , and possibly Betty Coleman , Eileen , Mrs. Foster , Pete , Robbie , Rowan , and Dr. Stevens )",Shot multiple times.,The Governor,22
3,Part 2 - 49 Deaths [ ],Allen,Shot in the head.,The Governor,1
3,Part 2 - 49 Deaths [ ],Zombified - Milton Mamet,Stabbed in the head.,Andrea Harrison,1
3,Part 2 - 49 Deaths [ ],Andrea Harrison,"Bitten on the neck by a Zombified Milton, and then shoots herself to prevent reanimation.",The Governor (Caused) Milton Mamet (Infected) Herself (Before Reanimation),1
4,Part 1 - 79 Deaths [ ],Zach,Bitten and crushed by helicopter.,Bob Stookey (Indirectly Caused) Walkers,1
4,Part 1 - 79 Deaths [ ],Clara,Stabbed herself in stomach.,Herself (Suicide),1
4,Part 1 - 79 Deaths [ ],Violet,Succumbed to the flu.,Unknown Flu,1
4,Part 1 - 79 Deaths [ ],Zombified - Nick,Died of unknown causes,"Chloe , Karen , David and Henry",1
4,Part 1 - 79 Deaths [ ],Patrick and Charlie,Succumbed to the flu.,Unknown Flu,2
4,Part 1 - 79 Deaths [ ],Greg,Devoured by a zombified Patrick.,Unknown Flu (Caused) Patrick (Infected),1
4,Part 1 - 79 Deaths [ ],Five unnamed people - Prison Camp Survivors,Bitten/Flu.,Unknown Flu (Caused) Patrick (Infected) Sasha (Before Reanimation) Glenn Rhee (Before Reanimation),0 0 2 3
4,Part 1 - 79 Deaths [ ],Owen,Bitten.,Unknown Flu (Caused) Patrick (Infected),0
4,Part 1 - 79 Deaths [ ],Unnamed Resident,Bitten and stabbed in the head by Rick.,Unknown Flu (Caused) Rick Grimes (Before Reanimation),1
4,Part 1 - 79 Deaths [ ],Chloe,Bitten.,Unknown Flu (Caused) Patrick (Infected),1
4,Part 1 - 79 Deaths [ ],Zombified - Greg,Shot in the head with a crossbow bolt.,Daryl Dixon,1
4,Part 1 - 79 Deaths [ ],Zombified - Patrick,Shot in the head with a crossbow bolt.,Daryl Dixon,1
4,Part 1 - 79 Deaths [ ],Zombified - Charlie,Stabbed in the head.,Rick Grimes,1
4,Part 1 - 79 Deaths [ ],Ryan Samuels,Bitten on the arm and nape and stabbed in the head before reanimation.,"Unknown Flu (Caused) Patrick (Infected, Caused) Walkers Carol Peletier (Before Reanimation)",1
4,Part 1 - 79 Deaths [ ],"Bandit, Truffle, and Porkchop",Arteries cut and left to be devoured by walkers.,Rick Grimes (Caused) Walkers,3 9
4,Part 1 - 79 Deaths [ ],Karen and David,Stabbed in the head and later burned.,Unknown Flu (Caused) Carol Peletier,2
4,Part 1 - 79 Deaths [ ],Unnamed Prison Newcomer,Succumbed to the flu.,Unknown Flu Caleb Subramanian (Before Reanimation),0
4,Part 1 - 79 Deaths [ ],Unnamed Prison Newcomer,Succumbed to the flu.,Unknown Flu,0
4,Part 1 - 79 Deaths [ ],Ana,Leg chopped off and later devoured by walkers.,Walkers,2
4,Part 1 - 79 Deaths [ ],Mr. Jacobson,Succumbed to the flu.,Unknown Flu,0
4,Part 1 - 79 Deaths [ ],Zombified - Mr. Jacobson,Stabbed in the head.,Glenn Rhee,1
4,Part 1 - 79 Deaths [ ],Two unnamed people - Prison Camp Survivors,Succumbed to the flu.,Unknown Flu,0
4,Part 1 - 79 Deaths [ ],Unnamed Prison Newcomer,Succumbed to the flu.,Unknown Flu Hershel Greene (Before Reanimation),1
4,Part 1 - 79 Deaths [ ],Henry,Succumbed to the flu.,Unknown Flu,0
4,Part 1 - 79 Deaths [ ],Noris,Bitten on the arm and in the neck by his zombified son.,Unknown Flu (Caused) Walkers,1 1
4,Part 1 - 79 Deaths [ ],Owen's Mother,Shot in the chest.,Noris,1
4,Part 1 - 79 Deaths [ ],Caleb Subramanian,Succumbed to the flu.,Unknown Flu,0
4,Part 1 - 79 Deaths [ ],Zombified - Caleb Subramanian,Stabbed in the head.,Hershel Greene,1
4,Part 1 - 79 Deaths [ ],Zombified - Noris,Shot in the head.,Maggie Greene,1
4,Part 1 - 79 Deaths [ ],Zombified - Henry,Shot in the head.,Maggie Greene,1
4,Part 1 - 79 Deaths [ ],Zombified - Bill Jenkins,Stabbed in the head.,The Governor,1
4,Part 1 - 79 Deaths [ ],David Chambler,Died of lung cancer.,Cancer,0
4,Part 1 - 79 Deaths [ ],Zombified - David Chambler,Head bashed in with an oxygen tank.,The Governor,1
4,Part 1 - 79 Deaths [ ],Caesar Martinez,Hit in the head and fed to walkers.,Philip Blake (Caused) Walkers,1 3
4,Part 1 - 79 Deaths [ ],Nine unnamed people,Slashed to death.,Unknown people,8
4,Part 1 - 79 Deaths [ ],Unnamed Old Man,Slashed and later stabbed in the head.,Unknown people (Caused) Mitch Dolgen,1
4,Part 1 - 79 Deaths [ ],Pete Dolgen,Stabbed in the back and strangled to death.,The Governor,1
4,Part 1 - 79 Deaths [ ],Meghan Chambler,Bitten on the right shoulder and later shot in the head before reanimation.,Walkers The Governor (Before Reanimation),1
4,Part 1 - 79 Deaths [ ],Hershel Greene,Decapitated.,The Governor,1
4,Part 1 - 79 Deaths [ ],Sixteen unnamed people - Martinez's Group,Shot.,Julio Daryl Dixon Tyreese Sasha Carl Grimes Maggie Greene Bob Stookey Lizzie Samuels Michonne Hawthorne,1 5 2 2 1 1 2 2 1
4,Part 1 - 79 Deaths [ ],Julio,Shot to death.,The Governor's Militia,1
4,Part 1 - 79 Deaths [ ],Alisha,Shot in the head.,Lizzie Samuels,1
4,Part 1 - 79 Deaths [ ],Mitch Dolgen,Shot in the chest with a crossbow bolt.,Daryl Dixon,1
4,Part 1 - 79 Deaths [ ],The Governor,"Stabbed through the chest, and later shot in the head.",Michonne Hawthorne (Caused) Lilly Chambler,1
4,Part 2 - 31 Deaths [ ],Flame,Devoured by walkers.,Walkers,3
4,Part 2 - 31 Deaths [ ],Zombified - Hershel Greene,Stabbed in the head.,Michonne Hawthorne,1
4,Part 2 - 31 Deaths [ ],Zombified - Joe Sr.,Shot in the head.,Carl Grimes,1
4,Part 2 - 31 Deaths [ ],Christopher,Devoured by walkers.,Walkers,2
4,Part 2 - 31 Deaths [ ],Christopher's Father,Bitten on the neck and later stabbed in the head by Beth.,Walkers Beth Greene (Zombified),1
4,Part 2 - 31 Deaths [ ],Zombified - Achey Woman,Stabbed in the head.,Walkers Maggie Greene,1 1
4,Part 2 - 31 Deaths [ ],Zombified - Ten Unnamed Prison Survivors,Stabbed or shot in the head.,Unknown Flu (Caused) Maggie Greene Bob Stookey Sasha Williams,10 5 2 3
4,Part 2 - 31 Deaths [ ],Zombified - Sick Teenager,Stabbed in the head.,Unknown Flu (Caused) Maggie Greene,1 1
4,Part 2 - 31 Deaths [ ],Lilly Chambler,Tara reveals to Glenn that she was surrounded and killed by walkers.,Walkers,1 3
4,Part 2 - 31 Deaths [ ],Lou,Strangled to death. (Alive) Killed by a member of the Claimers (Zombified) .,Rick Grimes The Claimers (Zombified),1
4,Part 2 - 31 Deaths [ ],Mika Samuels,Stabbed to death.,Lizzie Samuels (Alive) Carol Peletier (Before Reanimation),1
4,Part 2 - 31 Deaths [ ],Lizzie Samuels,Shot in the head.,Carol Peletier,1
4,Part 2 - 31 Deaths [ ],Len,Beaten to death and shot in the head with an arrow.,The Claimers,1
4,Part 2 - 31 Deaths [ ],Unnamed Man,Devoured by walkers.,Walkers,3
4,Part 2 - 31 Deaths [ ],Joe,Neck bitten and jugular ripped out.,Rick Grimes,1
4,Part 2 - 31 Deaths [ ],Tony,Shot in the head.,Michonne Hawthorne,1
4,Part 2 - 31 Deaths [ ],Harley,Shot in the head.,Michonne Hawthorne,1
4,Part 2 - 31 Deaths [ ],Billy,Curb stomped.,Daryl Dixon,1
4,Part 2 - 31 Deaths [ ],Dan,Stabbed repeatedly.,Rick Grimes,1
4,Part 2 - 31 Deaths [ ],Alex,Shot in the head.,Gareth (Indirectly Caused) Rick Grimes (Indirectly Caused) Unnamed Terminus Resident (Accidental),1
5,Part 1 - 34 Deaths [ ],Sam,Throat slit.,Terminus Butcher Terminus Butcher (Caused) Gareth (Caused),1
5,Part 1 - 34 Deaths [ ],African-American Hostage,Throat slit.,Terminus Butcher Terminus Butcher (Caused) Gareth (Caused),1
5,Part 1 - 34 Deaths [ ],2 Hostages,Throats slit.,Terminus Butcher Terminus Butcher (Caused) Gareth (Caused),2
5,Part 1 - 34 Deaths [ ],Terminus Resident,Devoured by walkers.,Walkers Carol (Caused),1
5,Part 1 - 34 Deaths [ ],Terminus Resident,Devoured by walkers.,Walkers Carol (Caused),1
5,Part 1 - 34 Deaths [ ],Terminus Butcher,Stabbed in the neck.,Rick Grimes,1
5,Part 1 - 34 Deaths [ ],Terminus Butcher,Stabbed in the neck.,Rick Grimes,1
5,Part 1 - 34 Deaths [ ],Terminus Resident,Shot in the head.,Carol,1
5,Part 1 - 34 Deaths [ ],Terminus Resident,Shot multiple times.,Carol,1
5,Part 1 - 34 Deaths [ ],Crazed Man,Devoured by walkers and bashed in the head to prevent reanimation.,Walkers Carol (Caused) Glenn Rhee (Before Reanimation),1
5,Part 1 - 34 Deaths [ ],Mary,Devoured by walkers.,Walkers Carol (Caused),1
5,Part 1 - 34 Deaths [ ],Terminus Resident,Killed by Rick.,Rick Grimes,1
5,Part 1 - 34 Deaths [ ],4 Terminus Residents,Shot and devoured by walkers.,Walkers Rick Grimes (Caused),3
5,Part 1 - 34 Deaths [ ],Terminus Resident,Shot and devoured by walkers.,Walkers Rick Grimes (Caused),1
5,Part 1 - 34 Deaths [ ],Mike,Shot in the head.,Rick Grimes,1
5,Part 1 - 34 Deaths [ ],Albert,Shot in the head.,Rick Grimes,1
5,Part 1 - 34 Deaths [ ],Gareth,Hacked to death.,Rick Grimes,1
5,Part 1 - 34 Deaths [ ],Theresa,Beaten to death.,Michonne Hawthorne,1
5,Part 1 - 34 Deaths [ ],Greg,Beaten to death.,Abraham Ford,1
5,Part 1 - 34 Deaths [ ],Martin,Stabbed to death and later put down before reanimation off-screen.,Sasha Williams Tyreese Williams (Before Reanimation),1
5,Part 1 - 34 Deaths [ ],Bob Stookey,"Bitten on the right shoulder, died of the infection and stabbed in the head before reanimation.",Walker Tyreese Williams (Before Reanimation),1 1
5,Part 1 - 34 Deaths [ ],Dying Man,Turned off his life support and stabbed in the head to prevent reanimation.,Steven Edwards Dawn Lerner (Caused),1
5,Part 1 - 34 Deaths [ ],Gavin Trevitt,"Injected with clozapine medication, later stabbed in the head by Dawn.",Beth Greene (Accidental) Steven Edwards (Caused) Dawn Lerner (Before Reanimation),1
5,Part 1 - 34 Deaths [ ],Joan,"Cutting open her own stitches, allowing herself to bleed out.",Herself (Suicide),1
5,Part 1 - 34 Deaths [ ],Gorman,Devoured by a zombified Joan.,Joan (Infected) Beth Greene (Caused) Dawn Lerner (Before Reanimation),1
5,Part 1 - 34 Deaths [ ],Jeffries,"Devoured by a zombified Joan, later put down.",Joan (Infected) Beth Greene (Indirectly Caused) Dawn Lerner (Before Reanimation),1
5,Part 1 - 34 Deaths [ ],Zombified - Joan,Put down by Dawn.,Dawn Lerner,1
5,Part 1 - 34 Deaths [ ],Bob Lamson,Hit with a car and shot in the head.,Rick Grimes,1
5,Part 1 - 34 Deaths [ ],O'Donnell,Pushed down an elevator shaft.,Beth Greene Dawn Lerner (Caused),1
5,Part 1 - 34 Deaths [ ],Beth Greene,Accidentally shot in the head.,Herself (Caused) Dawn Lerner (Accidental),1
5,Part 1 - 34 Deaths [ ],Dawn Lerner,Shot in the head.,Daryl Dixon Beth Greene (Caused),1
5,Part 2 - 12 Deaths [ ],Tyreese Williams,"Bitten on the arm by 2 walkers, including Noah's brother, arm amputated and later died of blood loss.","The Wolves (Indirectly Caused) Walkers (Caused) Noah (Caused) Noah's Brother (Caused, Infected) Michonne Hawthorne (Before Reanimation)",1
5,Part 2 - 12 Deaths [ ],Zombified Noah's Brother,Stabbed in the head.,Noah,1
5,Part 2 - 12 Deaths [ ],Duke & 3 other dogs,Shot by Sasha to provide the group edible foods.,Sasha Williams,4
5,Part 2 - 12 Deaths [ ],Buttons,Devoured by walkers and put down out of mercy.,Walkers Aaron (Out of Mercy) .,1
5,Part 2 - 12 Deaths [ ],Aiden Monroe,Impaled on a metal bar then devoured by walkers.,"Walkers Himself (Accidental, Indirectly Caused)",3 1
5,Part 2 - 12 Deaths [ ],Noah,Devoured by walkers.,Walkers Nicholas (Caused),3 1
5,Part 2 - 12 Deaths [ ],Unnamed Man,Devoured by walkers and put down by Gabriel.,Walkers Gabriel Stokes (Out of Mercy),1
5,Part 2 - 12 Deaths [ ],Red Poncho Man,Throat slit.,Owen,1
5,Part 2 - 12 Deaths [ ],Reg Monroe,Throat accidentally sliced open.,Pete Anderson (Accidental),1
5,Part 2 - 12 Deaths [ ],Pete Anderson,Shot in the head.,Rick Grimes Deanna Monroe (Caused) Abraham Ford (Caused),1
6,Part 1 - 59 Deaths [ ],Carter,Bitten on the cheek by a walker Stabbed in the back of the head.,Walker Rick Grimes,1
6,Part 1 - 59 Deaths [ ],Enid's Father,Devoured by walkers.,Walkers,1
6,Part 1 - 59 Deaths [ ],Enid's Mother,Devoured by walkers.,Walkers,1
6,Part 1 - 59 Deaths [ ],Shelly Neudermeyer,Head hacked by a wolf.,Unnamed Wolf,1
6,Part 1 - 59 Deaths [ ],Richards,Burnt alive by a molotov cocktail.,Unnamed Wolf,1
6,Part 1 - 59 Deaths [ ],Park,Stabbed in the chest by a wolf.,Unnamed Wolf,1
6,Part 1 - 59 Deaths [ ],Dan,Stabbed by a wolf.,Unnamed Wolf,1
6,Part 1 - 59 Deaths [ ],Adrian,Stabbed by a wolf.,Unnamed Wolf,1
6,Part 1 - 59 Deaths [ ],O'Hara,Killed by a wolf.,Unnamed Wolf,1
6,Part 1 - 59 Deaths [ ],Aphid,Stabbed in the head.,Carol Peletier,1
6,Part 1 - 59 Deaths [ ],Erin,Mortally wounded by Aphid and stabbed out of mercy by Carol Peletier,Aphid Carol Peletier (Out of Mercy),1
6,Part 1 - 59 Deaths [ ],Natalie Miller,Burned alive.,Unnamed Wolf,1
6,Part 1 - 59 Deaths [ ],Unnamed Wolf,Shot in the head.,Rosita Espinosa,1
6,Part 1 - 59 Deaths [ ],Unnamed Wolf,Shot.,Spencer Monroe,1
6,Part 1 - 59 Deaths [ ],Dinesh,Killed by a wolf.,Unnamed Wolf,1
6,Part 1 - 59 Deaths [ ],Zombified - Unnamed Wolf,Stabbed in the head.,Morgan Jones,1
6,Part 1 - 59 Deaths [ ],Unnamed Wolf,Stabbed in the stomach.,Carol Peletier,1
6,Part 1 - 59 Deaths [ ],Charlyne,Killed by a wolf.,Unnamed Wolves,1
6,Part 1 - 59 Deaths [ ],Unnamed Wolf,Shot in the head.,Carl Grimes,1
6,Part 1 - 59 Deaths [ ],Unnamed Wolf,Stabbed repeatedly in the chest with a pair of scissors.,Jessie Anderson,1
6,Part 1 - 59 Deaths [ ],Unnamed Wolf,Shot in the head.,Carol Peletier,1
6,Part 1 - 59 Deaths [ ],Unnamed Wolf,Shot in the head.,Carol Peletier,1
6,Part 1 - 59 Deaths [ ],Unnamed Wolf,Shot in the stomach then head.,Carol Peletier,1
6,Part 1 - 59 Deaths [ ],Unnamed Wolf,Shot in the back.,Carol Peletier,1
6,Part 1 - 59 Deaths [ ],Unnamed Wolf,Shot in the head.,Carol Peletier,1
6,Part 1 - 59 Deaths [ ],Unnamed Wolf,Shot.,Rosita Espinosa,1
6,Part 1 - 59 Deaths [ ],Unnamed Wolf,Shot in the head.,Aaron,1
6,Part 1 - 59 Deaths [ ],Unnamed Wolf,Shot in the head.,Carol Peletier,1
6,Part 1 - 59 Deaths [ ],Bobby,Killed by a wolf.,Unnamed Wolves,1
6,Part 1 - 59 Deaths [ ],Samantha,Killed by a wolf.,Unnamed Wolves,1
6,Part 1 - 59 Deaths [ ],Holly,Stabbed by a member of The Wolves ; died from internal bleeding and blood loss. Put down by Denise Cloyd before reanimation.,Unnamed Wolf (Caused) Blood Loss Denise Cloyd (Before Reanimation),1
6,Part 1 - 59 Deaths [ ],Zombified - Richards,Stabbed in the head.,Maggie Greene,1
6,Part 1 - 59 Deaths [ ],Zombified - Jeffery,Stabbed in the head.,Morgan Jones,1
6,Part 1 - 59 Deaths [ ],Michael,Killed by a wolf.,Unnamed Wolves,1
6,Part 1 - 59 Deaths [ ],Stacy,Killed by a wolf.,Unnamed Wolves,1
6,Part 1 - 59 Deaths [ ],Barnes,Mauled by walkers then stabbed out of mercy.,Walker Michonne Hawthorne (Before Reanimation),1
6,Part 1 - 59 Deaths [ ],Sturgess,Devoured by walkers.,Walkers,1
6,Part 1 - 59 Deaths [ ],Tommy,Devoured by walkers. Stabbed in the head before reanimation.,Walkers Rick Grimes (Before Reanimation),1
6,Part 1 - 59 Deaths [ ],Zombified - Will,Stabbed in the head.,Nicholas,1
6,Part 1 - 59 Deaths [ ],Annie,Devoured by walkers.,Walkers,1
6,Part 1 - 59 Deaths [ ],David,Devoured by walkers.,Walkers,1
6,Part 1 - 59 Deaths [ ],Nicholas,Suicide via shooting himself in the head.,Himself (Suicide),1
6,Part 1 - 59 Deaths [ ],Unnamed Wolf,Shot in the head.,Rick Grimes,1
6,Part 1 - 59 Deaths [ ],Nick,Shot in the head.,Rick Grimes,1
6,Part 1 - 59 Deaths [ ],3 Unnamed Wolves,Shot.,Rick Grimes,1
6,Part 1 - 59 Deaths [ ],Man 1,Stabbed in the throat.,Morgan Jones,1
6,Part 1 - 59 Deaths [ ],Man 2,Strangled to death.,Morgan Jones,1
6,Part 1 - 59 Deaths [ ],Zombified - Man 2,Stabbed in the head.,Eastman,1
6,Part 1 - 59 Deaths [ ],Tabitha,Devoured by walkers.,Walkers,1
6,Part 1 - 59 Deaths [ ],Eastman,Bitten; shot to prevent reanimation.,Walkers Morgan Jones (Indirectly Caused; Out of Mercy),1
6,Part 1 - 59 Deaths [ ],Betsy,Slit her own wrists and bled out.,Herself (Suicide),1
6,Part 1 - 59 Deaths [ ],Zombified - Betsy,Stabbed in the head.,Jessie Anderson,1
6,Part 1 - 59 Deaths [ ],2 Unnamed Saviors,Shot.,Abraham Ford Sasha Williams,1
6,Part 1 - 59 Deaths [ ],Zombified - Carla,Stabbed in the head.,Daryl Dixon,1
6,Part 1 - 59 Deaths [ ],Zombified - Delly,Stabbed in the head.,Daryl Dixon,1
6,Part 1 - 59 Deaths [ ],Tina,"Bitten by a zombified Carla and Delly, later put down.","Carla (Infected) Delly (Infected) Daryl Dixon , Dwight , or Sherry (Before Reanimation)",1
6,Part 1 - 59 Deaths [ ],Zombified - David,Stabbed in the head.,Glenn Rhee,1
6,Part 1 - 59 Deaths [ ],Deanna Monroe,Bitten.,Walkers,1
6,Part 2 - 66 Deaths [ ],Timmy,Killed by Daryl.,Daryl Dixon,1
6,Part 2 - 66 Deaths [ ],Bud,Blown up with an RPG.,Daryl Dixon,1
6,Part 2 - 66 Deaths [ ],6 unnamed Saviors .,Blown up with an RPG.,Daryl Dixon,6
6,Part 2 - 66 Deaths [ ],Sam Anderson,Devoured by walkers.,Walkers,1
6,Part 2 - 66 Deaths [ ],Jessie Anderson,Devoured by walkers.,Walkers,1
6,Part 2 - 66 Deaths [ ],Ron Anderson,Stabbed through the back.,Michonne Hawthorne Zombies,1
6,Part 2 - 66 Deaths [ ],Owen,Shot in the chest and devoured by walkers. Bashed in the head by Morgan as a walker.,Denise Cloyd (Indirectly Caused) Carol Peletier (Caused) Zombies (Alive) Morgan Jones (Zombified),1
6,Part 2 - 66 Deaths [ ],Zombified - Deanna Monroe,Stabbed in the head.,Spencer Monroe,1
6,Part 2 - 66 Deaths [ ],Ethan,Stabbed in the throat.,Rick Grimes,1
6,Part 2 - 66 Deaths [ ],Unnamed Savior,Throat slit.,Daryl Dixon,1
6,Part 2 - 66 Deaths [ ],Gabe,Stabbed in the back.,Michonne Hawthorne,1
6,Part 2 - 66 Deaths [ ],Savior 2,Shot in the head.,Rosita Espinosa,1
6,Part 2 - 66 Deaths [ ],Savior 3,Shot in the head.,Gabriel Stokes,1
6,Part 2 - 66 Deaths [ ],21 unnamed Saviors,Shot and stabbed.,Rick's Group Paul Rovia,21
6,Part 2 - 66 Deaths [ ],Donnie,Shot in the arm and later bled to death.,Carol Peletier (Caused),1
6,Part 2 - 66 Deaths [ ],Molly,Bitten on the arm then head bashed.,"Maggie Greene Donnie (Caused, Infected)",1
6,Part 2 - 66 Deaths [ ],Michelle,Shot in the head by Carol.,Carol Peletier,1
6,Part 2 - 66 Deaths [ ],Paula,"Impaled on rebar, then devoured by a walker.",Carol Peletier (Caused) Zombies Maggie Greene (Zombified),3
6,Part 2 - 66 Deaths [ ],5 unnamed Saviors,Burned alive.,Carol Peletier,5
6,Part 2 - 66 Deaths [ ],Primo,Shot in the head.,Rick Grimes,1
6,Part 2 - 66 Deaths [ ],Denise Cloyd,Accidentally shot through the eye with a crossbow bolt.,Dwight (Accidental),1
6,Part 2 - 66 Deaths [ ],"Neil , 7 unnamed Saviors",Shot to death.,Daryl Dixon Rosita Espinosa Abraham Ford,3
6,Part 2 - 66 Deaths [ ],2 unnamed Saviors,Shot to death. One later reanimates and is put down by Morgan.,Carol Peletier Morgan Jones (1 Zombified),2
6,Part 2 - 66 Deaths [ ],Miles,Stabbed in the chest.,Carol Peletier,1
6,Part 2 - 66 Deaths [ ],Jiro,Shot. Stabbed before reanimation.,Carol Peletier (Caused) Rick Grimes,2
6,Part 2 - 66 Deaths [ ],Library Survivor,Hanged off a bridge.,The Saviors,1
6,Part 2 - 66 Deaths [ ],Roman,Shot six times.,Carol Peletier (Caused) Morgan Jones,2
7,Part 1 - 12 Deaths [ ],Abraham Ford,Head smashed with Lucille .,Negan Smith,1
7,Part 1 - 12 Deaths [ ],Glenn Rhee,Head smashed with Lucille .,Negan Smith Daryl Dixon (Indirectly Caused),1
7,Part 1 - 12 Deaths [ ],Red Haired Savior,Beaten to death.,Roy The Saviors,3
7,Part 1 - 12 Deaths [ ],Gordon,Shot in the back.,Dwight,1
7,Part 1 - 12 Deaths [ ],Zombified- Neil,Stabbed in the head.,Rosita Espinosa,1
7,Part 1 - 12 Deaths [ ],George,Shot.,Carl Grimes,1
7,Part 1 - 12 Deaths [ ],Chris,Shot.,Carl Grimes,1
7,Part 1 - 12 Deaths [ ],Joseph,Beaten to death.,Daryl Dixon,1
7,Part 1 - 12 Deaths [ ],Isabelle,Shot in the head.,Michonne Hawthorne,1
7,Part 1 - 12 Deaths [ ],Spencer Monroe,Disemboweled.,Negan Smith,1
7,Part 1 - 12 Deaths [ ],Olivia,Shot in the cheek.,Arat Negan Smith (Caused) Rosita Espinosa (Indirectly Caused),1
7,Part 1 - 12 Deaths [ ],Zombified - Spencer Monroe,Stabbed in the head.,Rick Grimes,1
7,Part 2 - 35 Deaths [ ],Emmett Carson,Burned alive inside a furnace.,Negan Smith Dwight (Caused),1
7,Part 2 - 35 Deaths [ ],Benjamin,Shot in the leg by and later died of blood loss and later stabbed in the head to prevent reanimation.,Jared (Alive) Morgan Jones (Before Reanimation),1
7,Part 2 - 35 Deaths [ ],Richard,Strangled to death and later stabbed in the head before reanimation.,Morgan Jones,1
7,Part 2 - 35 Deaths [ ],Bike Park Savior,Shot in the head.,Rosita Espinosa,1
7,Part 2 - 35 Deaths [ ],David,Stabbed through the neck.,Negan Smith,1
7,Part 2 - 35 Deaths [ ],Zombified - David,Stabbed in the head.,Sasha Williams,1
7,Part 2 - 35 Deaths [ ],Sasha Williams,Suicide via ingestion of a cyanide tablet.,Sasha Williams (Suicide) Eugene Porter (Indirectly Caused),2
7,Part 2 - 35 Deaths [ ],Roy,Bitten on the face by a zombified Sasha Willams.,Sasha Williams (Infected),1
7,Part 2 - 35 Deaths [ ],Farron,Pushed off a high balcony.,Michonne Hawthorne,1
7,Part 2 - 35 Deaths [ ],2 unnamed Alexandria residents,Shot.,The Saviors The Scavengers,2
7,Part 2 - 35 Deaths [ ],20 unnamed Scavengers,Shot and mauled.,The Militia Shiva,20
7,Part 2 - 35 Deaths [ ],3 unnamed Saviors,Shot and mauled by Shiva.,The Militia Shiva,3
7,Part 2 - 35 Deaths [ ],Zombified - Sasha Williams,Stabbed in the head.,Maggie Rhee,1
8,Part 1 - 29 Deaths [ ],Tough Grizzled Savior,"Stabbed in the stomach, then devoured.",Rick Grimes (Caused) Zombies,2
8,Part 1 - 29 Deaths [ ],Zombified - Gordon,RV Explosion.,The Militia,1
8,Part 1 - 29 Deaths [ ],Zombified - Red Haired Savior,RV Explosion.,The Militia,1
8,Part 1 - 29 Deaths [ ],Andy,Shot multiple times.,Saviors,1
8,Part 1 - 29 Deaths [ ],Freddie,Shot multiple times.,Saviors,1
8,Part 1 - 29 Deaths [ ],Mara,Bitten and devoured.,The Militia (Caused) Dino (Infected),1
8,Part 1 - 29 Deaths [ ],Gracie's Father,Shoved into an angle bracket and then stabbed in the head before reanimation.,Rick Grimes,1
8,Part 1 - 29 Deaths [ ],Nelson,Mauled to death.,Shiva Ezekiel Sutton (Caused),1
8,Part 1 - 29 Deaths [ ],Francine,Shot in the chest.,Saviors,1
8,Part 1 - 29 Deaths [ ],Morales,Shot in the head.,Daryl Dixon,1
8,Part 1 - 29 Deaths [ ],Eric Raleigh,Shot in the abdomen.,Saviors,1
8,Part 1 - 29 Deaths [ ],Todd,Shot in the head.,Daryl Dixon,1
8,Part 1 - 29 Deaths [ ],Daniel (Alive),Shot multiple times.,Saviors,1
8,Part 1 - 29 Deaths [ ],Zombified - Daniel,Shot in the head.,Alvaro,1
8,Part 1 - 29 Deaths [ ],"Rudy , 4 unnamed Saviors",Shot multiple times.,Carol Peletier,5
8,Part 1 - 29 Deaths [ ],Alvaro,Shot in the back.,Gunther,1
8,Part 1 - 29 Deaths [ ],Gunther,Chopped in half.,Jerry,1
8,Part 1 - 29 Deaths [ ],Joey,Shot.,Carol Peletier (Caused) Yago (Caused) The Saviors,3
8,Part 1 - 29 Deaths [ ],Shiva,Devoured by walkers.,The Saviors (Indirectly Caused) Walkers,2
8,Part 1 - 29 Deaths [ ],Yago,"Stabbed in the gut, then stabbed in the head.",Rick Grimes,2
8,Part 1 - 29 Deaths [ ],Leo,Blown up with an RPG.,Rosita Espinosa,1
8,Part 1 - 29 Deaths [ ],Zia,"Caught in a truck impact, then shot.",Tara Chambler (Caused) Daryl Dixon,2
8,Part 1 - 29 Deaths [ ],Natania,Shot.,Aaron (Indirectly Caused) Enid,1
8,Part 1 - 29 Deaths [ ],Neil,Shot in the head.,Simon,1
8,Part 1 - 29 Deaths [ ],Dean (Alive),Shot in the cheek.,Simon (Indirectly Caused) Maggie Rhee,1
8,Part 2 - 411 Deaths [ ],Duke,Stabbed in the chest and throat slit by Morgan Jones .,Morgan Jones,1
8,Part 2 - 411 Deaths [ ],Paulie,Knocked out and stabbed in the head by Morgan Jones .,Carol Peletier (Caused) Morgan Jones,2
8,Part 2 - 411 Deaths [ ],Gomez,Stabbed in the chest by Morgan Jones .,Morgan Jones,1
8,Part 2 - 411 Deaths [ ],13 unnamed Saviors,Killed by Morgan Jones and Carol Peletier .,Morgan Jones Carol Peletier,13
8,Part 2 - 411 Deaths [ ],Gavin,"Stabbed through the nape by Henry , then stabbed in the head before reanimation by Carol Peletier .",Morgan Jones (Indirectly Caused) Henry (Alive) Carol Peletier (Before Reanimation),3
8,Part 2 - 411 Deaths [ ],Carl Grimes,"Bitten on the rib by a walker , then shoots himself in the head to prevent reanimation.","Zombies (Caused) Carl Grimes (Suicide, Before Reanimation)",2
8,Part 2 - 411 Deaths [ ],Zombified - Dean,Shot multiple time in the head with a nail gun by Negan.,Negan Smith,1
8,Part 2 - 411 Deaths [ ],Brion (Alive),Shot in the chest by Simon .,Negan Smith (Indirectly Caused) Simon Anne (Indirectly Caused),3
8,Part 2 - 411 Deaths [ ],Tamiel (Alive),Shot in the chest by Simon .,Negan Smith (Indirectly Caused) Simon Anne (Indirectly Caused),3
8,Part 2 - 411 Deaths [ ],130 unnamed Scavengers,Shot by The Saviors and later crushed in a trash compactor by Anne .,"Negan Smith (Indirectly Caused) Simon (Caused) Anne (Caused, Accidental; Zombified) The Saviors",650
8,Part 2 - 411 Deaths [ ],Zombified - Brion,Crushed in a trash compactor by Anne .,Anne,1
8,Part 2 - 411 Deaths [ ],Zombified - Tamiel,Crushed in a compactor by Anne .,Anne,1
8,Part 2 - 411 Deaths [ ],Harlan Carson,Shot in the chest by an unnamed Savior .,Eugene Porter (Indirectly Caused) Gabriel Stokes (Indirectly Caused) Negan Smith (Indirectly Caused) The Saviors,4
8,Part 2 - 411 Deaths [ ],Derek,Shot by Carol Peletier .,Carol Peletier,1
8,Part 2 - 411 Deaths [ ],Keno,Stabbed by Morgan Jones .,Morgan Jones,1
8,Part 2 - 411 Deaths [ ],Katy (Alive),Shot with a tainted arrow by The Saviors and later succumbed to the infection.,"Negan Smith (Indirectly Caused) Simon (Caused) Derek (Caused, Alive)",3
8,Part 2 - 411 Deaths [ ],Tobin (Alive),Chest cut with a tainted weapon by a Savior and later succumbed to the infection.,"Negan Smith (Indirectly Caused) Simon (Caused) Derek (Caused, Alive)",3
8,Part 2 - 411 Deaths [ ],Kurt (Alive),Bitten on the neck by a zombified Tobin .,"Negan Smith (Indirectly Caused) Simon (Caused) The Saviors (Indirectly Caused) Kevin (Indirectly Caused) Tobin (Alive, Infected)",5
8,Part 2 - 411 Deaths [ ],Kevin (Alive),Bitten on the neck by a zombified Tobin .,"Negan Smith (Indirectly Caused) Simon (Caused) The Saviors (Indirectly Caused) Tobin (Alive, Infected)",4
8,Part 2 - 411 Deaths [ ],Dana (Alive),Bitten on the neck by a zombified Tobin .,"Simon (Indirectly Caused) The Saviors (Indirectly Caused) Tobin (Alive, Infected)",3
8,Part 2 - 411 Deaths [ ],Wesley (Alive),Injured by a Savior with a tainted weapon and succumbed to the walker infection.,Negan Smith (Indirectly Caused) Simon (Caused) The Saviors (Indirectly Caused),3
8,Part 2 - 411 Deaths [ ],Katy (Alive),Shot with a tainted arrow by The Saviors and later succumbed to the infection.,Negan Smith (Indirectly Caused) Simon (Caused) The Saviors (Indirectly Caused),3
8,Part 2 - 411 Deaths [ ],Zombified - Wesley,Stabbed in the head by Daryl Dixon .,Daryl Dixon,1
8,Part 2 - 411 Deaths [ ],Zombified - Kevin,Put down by Ezekiel Sutton .,Ezekiel Sutton,1
8,Part 2 - 411 Deaths [ ],Zombified - Kurt,Stabbed in the head by Michonne Hawthorne .,Michonne Hawthorne Paul Rovia (Caused),1
8,Part 2 - 411 Deaths [ ],Zombified - Dana,Stabbed in the head by Daryl Dixon .,Daryl Dixon,1
8,Part 2 - 411 Deaths [ ],Zombified - Tobin,Stabbed in the head by Carol Peletier .,Carol Peletier,1
8,Part 2 - 411 Deaths [ ],Zombified - Katy,Stabbed in the head by Siddiq .,Siddiq,1
8,Part 2 - 411 Deaths [ ],Bruce,Injured with a tainted weapon by The Saviors .,Negan Smith (Indirectly Caused) Simon (Caused) The Saviors (Indirectly Caused),3
8,Part 2 - 411 Deaths [ ],Two unnamed Saviors,Stabbed in the neck by Morgan Jones .,Morgan Jones Evan (Indirectly Caused),2
8,Part 2 - 411 Deaths [ ],Evan,Devoured by walkers .,Rick Grimes (Caused) Zombies,2
8,Part 2 - 411 Deaths [ ],Jared,Devoured by walkers .,Morgan Jones (Caused) Zombies,2
8,Part 2 - 411 Deaths [ ],Reilly,Stabbed in the neck and later shot in the head by Rick Grimes .,Rick Grimes Evan (Indirectly Caused),2
8,Part 2 - 411 Deaths [ ],Gary and 11 unnamed Saviors,"Shot by Arat , D.J and Norris . Head smashed by Negan Smith using his baseball bat, Lucille .",Dwight (Caused) Simon (Indirectly Caused) Arat (Alive) D.J. (Alive) Norris (Alive) Negan Smith (Before Reanimation),39
8,Part 2 - 411 Deaths [ ],Simon,Strangled by Negan Smith .,Dwight (Caused) Negan Smith (Alive),3
8,Part 2 - 411 Deaths [ ],Lance and 21 unnamed Saviors,Shot by the Militia .,Negan Smith (Caused) The Militia,44
8,Part 2 - 411 Deaths [ ],Duke,Stabbed in the chest and throat by Morgan .,Negan Smith (Caused) Morgan Jones,2
8,Part 2 - 411 Deaths [ ],Savior 22,Burned alive by Oceanside residents.,Cyndie (Caused or Direct) Oceanside residents,2
8,Part 2 - 411 Deaths [ ],17 unnamed Saviors,Burned alive by Oceanside residents.,Cyndie (Caused and Direct) Oceanside residents,34
8,Part 2 - 411 Deaths [ ],182 unnamed Saviors,"Maimed by malfunctioning ammunition caused by Eugene Porter , some later killed by the Militia .",Eugene Porter (Caused) The Militia,182
9,Part 1 - 33 Deaths [ ],Kenneth Sutton,"Blood loss and shock after being bitten on the arm by a walker and kicked in the ribs by a horse, then gets stabbed in the head by Maggie Rhee .",Himself (Indirectly Caused) Walkers Horse Maggie Rhee (Before Reanimation),3
9,Part 1 - 33 Deaths [ ],Gregory,Hanged by Daryl Dixon on Maggie Rhee 's orders.,Maggie Rhee (Caused) Daryl Dixon,2
9,Part 1 - 33 Deaths [ ],Justin,Shot in the chest with a spear gun by Beatrice .,Beatrice Simon (Indirectly Caused) Himself (Indirectly Caused) Maggie Rhee (Indirectly Caused),1
9,Part 1 - 33 Deaths [ ],Zombified - Justin,Put down by Maggie or Kal .,Maggie Rhee Kal,2
9,Part 1 - 33 Deaths [ ],Arat,Speared in the back of the head by Cyndie .,Cyndie Simon (Indirectly Caused) Herself (Indirectly Caused) Maggie Rhee (Indireclty Caused),1
9,Part 1 - 33 Deaths [ ],7 unnamed Saviors,Killed by The Militia off-screen.,The Militia,7
9,Part 1 - 33 Deaths [ ],Kathy (Alive),Shot in the chest by Jed off-screen.,Jed,1
9,Part 1 - 33 Deaths [ ],Norris (Alive),Shot by The Militia off-screen.,The Militia,2
9,Part 1 - 33 Deaths [ ],Zombified - Norris,Shot in the head by Rick Grimes .,Rick Grimes,1
9,Part 1 - 33 Deaths [ ],Zombified - Kathy,Shot in the head by Rick Grimes .,Rick Grimes,1
9,Part 1 - 33 Deaths [ ],"Jed , Regina and 7 Saviors",Burned alive by Carol Peletier .,Carol Peletier,9
9,Part 1 - 33 Deaths [ ],Bernie,Devoured by walkers .,Zombies,1
9,Part 1 - 33 Deaths [ ],Zombified - Bernie,Stabbed in the back of the head by Michonne Grimes .,Michonne Hawthorne,1
9,Part 1 - 33 Deaths [ ],Paul Rovia,Stabbed in the back through the heart by an unnamed Whisperer .,Whisperer 1,1
9,Part 1 - 33 Deaths [ ],Whisperer 1,Shot in the head with a crossbow bolt by Daryl Dixon .,Daryl Dixon,1
9,Part 1 - 33 Deaths [ ],4 unnamed Whisperers,"Slashed in the head, stabbed in the chest, shot in the head.",Michonne Grimes Aaron Yumiko Okumura Magna,4
9,Part 2 - 54 Deaths [ ],Paul Rovia (Before Reanimation),Stabbed in the head by Aaron .,Aaron (Before Reanimation),1
9,Part 2 - 54 Deaths [ ],Zombified - Richie,Head bashed in with a pipe by Negan Smith .,Negan Smith,1
9,Part 2 - 54 Deaths [ ],At least 6 unnamed Whisperers,"Shot in the head, stabbed in the head/chest and devoured by walkers.",Daryl Dixon Michonne Grimes Yumiko Okumura Zombies,5
9,Part 2 - 54 Deaths [ ],Matias,Suffocated by Dee .,Dee,1
9,Part 2 - 54 Deaths [ ],Frank,Stabbed in the neck by Dee .,Dee,1
9,Part 2 - 54 Deaths [ ],Rose,Devoured by Matias or another reanimated survivor,Zombies,1
9,Part 2 - 54 Deaths [ ],Helen,Decapitated by Alpha .,Alpha,1
9,Part 2 - 54 Deaths [ ],Sean,Stabbed in the ribs by Alpha .,Alpha,1
9,Part 2 - 54 Deaths [ ],Rasmus,Killed by Daryl or Connie .,Daryl Dixon Connie,2
9,Part 2 - 54 Deaths [ ],Whisperer 3,Devoured by walkers .,Zombies Daryl Dixon (Caused) Connie (Caused),3
9,Part 2 - 54 Deaths [ ],Bitten Whisperer,Bitten on the neck by walkers .,Zombies Connie (Caused) Daryl Dixon (Caused),1 1 1
9,Part 2 - 54 Deaths [ ],Zombified - Bitten Whisperer,Shot in the head with a crossbow bolt by Daryl Dixon .,Daryl,1
9,Part 2 - 54 Deaths [ ],Warrior #4,Axed in the chest by Daryl Dixon .,Daryl Dixon,1
9,Part 2 - 54 Deaths [ ],Zion,Throat slit by Daryl Dixon .,Daryl Dixon,1
9,Part 2 - 54 Deaths [ ],Female Whisperer Tracker,Stabbed in the back by Connie .,Connie,1
9,Part 2 - 54 Deaths [ ],2 unnamed Whisperers,Shot in the head with a slingshot by Connie and bludgeoned by Henry Sutton .,Connie Henry Sutton Dog (Caused),3
9,Part 2 - 54 Deaths [ ],Russ,Stabbed by a member of Jocelyn's Group .,Jocelyn's Group,1
9,Part 2 - 54 Deaths [ ],Jocelyn,Stabbed in the chest by Michonne Grimes .,Michonne Grimes,1
9,Part 2 - 54 Deaths [ ],Mitchell,Stomach slashed by Michonne Grimes .,Michonne Grimes,1
9,Part 2 - 54 Deaths [ ],Linus,Stabbed or sliced by Michonne Grimes .,Michonne Grimes,1
9,Part 2 - 54 Deaths [ ],Gina,Slice through the neck by Michonne Grimes .,Michonne Grimes,1
9,Part 2 - 54 Deaths [ ],P.J.,Decapitated by Michonne Grimes .,Michonne Grimes,1
9,Part 2 - 54 Deaths [ ],6 unnamed members of Jocelyn's Group,Stabbed or sliced by Michonne Grimes .,Michonne Grimes,6
9,Part 2 - 54 Deaths [ ],Hilde,Killed by the Whisperers .,Alpha (Caused or Direct),1
9,Part 2 - 54 Deaths [ ],Miles,Killed by the Whisperers .,Alpha (Caused or Direct),1
9,Part 2 - 54 Deaths [ ],Martin,"Killed by the Whisperers , later shot in the head by Daryl .",Alpha (Caused or Direct) Daryl Dixon (Zombified),2
9,Part 2 - 54 Deaths [ ],Casper,"Killed by the Whisperers , later shot in the head by Yumiko .",Alpha (Caused or Direct) Yumiko Okumura (Zombified),2
9,Part 2 - 54 Deaths [ ],6 unnamed Whisperers,"Killed by Ozzy , Alek , D.J , Tara and Enid",Ozzy Alek D.J. Tara Chambler Enid,6
9,Part 2 - 54 Deaths [ ],Ozzy,"Decapitated by Alpha , later put down by the sur vi vo rs .","Alpha (Alive) Daryl Dixon , Michonne Grimes , Carol Peletier , or Yumiko Okumura (Zombified)",2
9,Part 2 - 54 Deaths [ ],Alek,"Decapitated by Alpha , later put down by the sur vi vo rs .","Alpha (Alive) Daryl Dixon , Michonne Grimes , Carol Peletier , or Yumiko Okumura (Zombified)",2
9,Part 2 - 54 Deaths [ ],D.J.,"Decapitated by Alpha , later put down by the sur vi vo rs .","Alpha (Alive) Daryl Dixon , Michonne Grimes , Carol Peletier , or Yumiko Okumura (Zombified)",2
9,Part 2 - 54 Deaths [ ],Frankie,"Decapitated by Alpha , later put down by the sur vi vo rs .","Alpha (Alive) Daryl Dixon , Michonne Grimes , Carol Peletier , or Yumiko Okumura (Zombified)",2
9,Part 2 - 54 Deaths [ ],Tammy Rose Sutton,"Decapitated by Alpha , later put down by the sur vi vo rs .","Alpha (Alive) Daryl Dixon , Michonne Grimes , Carol Peletier , or Yumiko Okumura (Zombified)",2
9,Part 2 - 54 Deaths [ ],Rodney,"Decapitated by Alpha , later put down by the sur vi vo rs .","Alpha (Alive) Daryl Dixon , Michonne Grimes , Carol Peletier , or Yumiko Okumura (Zombified)",2
9,Part 2 - 54 Deaths [ ],Adeline,"Decapitated by Alpha , later put down by the sur vi vo rs .","Alpha (Alive) Daryl Dixon , Michonne Grimes , Carol Peletier , or Yumiko Okumura (Zombified)",2
9,Part 2 - 54 Deaths [ ],Enid,"Decapitated by Alpha , later put down by the sur vi vo rs .","Alpha (Alive) Daryl Dixon , Michonne Grimes , Carol Peletier , or Yumiko Okumura (Zombified)",2
9,Part 2 - 54 Deaths [ ],Tara Chambler,"Decapitated by Alpha , later put down by the sur vi vo rs .","Alpha (Alive) Daryl Dixon , Michonne Grimes , Carol Peletier , or Yumiko Okumura (Zombified)",2
9,Part 2 - 54 Deaths [ ],Henry Sutton,"Decapitated by Alpha , later put down by the sur vi vo rs .","Alpha (Alive) Daryl Dixon , Michonne Grimes , Carol Peletier , or Yumiko Okumura (Zombified)",2
10,Part 1 - 16 Deaths [ ],Injured Woman,Devoured by walkers .,"Herself (Caused, Accidental) Zombies",2
10,Part 1 - 16 Deaths [ ],Frances,Devoured by walkers .,Alpha (Indirectly Caused) Herself (Caused) Mary (Caused) Zombies,4
10,Part 1 - 16 Deaths [ ],Zombified - Beta's Best Friend,Stabbed in the head by Alpha .,Alpha,1
10,Part 1 - 16 Deaths [ ],Whisperer 10,Shot through the back by Carol Peletier .,Carol Peletier (Alive),1
10,Part 1 - 16 Deaths [ ],Margo,Head accidentally smashed against a wall by Negan Smith .,Herself (Caused) Negan Smith (Accidental),2
10,Part 1 - 16 Deaths [ ],Whisperer 11,Nape slashed with a pair of scissors by Beta .,"Himself (Caused, Accidental) Alpha (Caused) Beta",3
10,Part 1 - 16 Deaths [ ],Zombified - Whisperer 11,Stabbed in the back of the head by Mary .,Mary,1
10,Part 1 - 16 Deaths [ ],Amelia,Head bashed with a tire iron by Brandon .,Brandon,1
10,Part 1 - 16 Deaths [ ],Milo,Head bashed with a tire iron by Brandon .,Brandon,1
10,Part 1 - 16 Deaths [ ],Brandon,Head bashed in with a rock by Negan Smith .,Himself (Caused) Negan Smith,2
10,Part 1 - 16 Deaths [ ],Whisperer 13,Throat slit by Beta .,Himself (Indirectly Caused) Beta (Alive) Negan Smith (Before Reanimation),3
10,Part 1 - 16 Deaths [ ],Whisperer 12,"Poisoned with hemlock plants by Dante , then stabbed in the head before reanimation by Daryl Dixon .",Dante (Alive) Daryl Dixon (Before Reanimation),2
10,Part 1 - 16 Deaths [ ],Cheryl,Suffocated by Dante .,Dante,1
10,Part 1 - 16 Deaths [ ],Siddiq,Strangled by Dante .,Dante,1
10,Part 1 - 16 Deaths [ ],Zombified - Siddiq,Stabbed in the head by Rosita Espinosa .,Rosita Espinosa,1
10,Part 1 - 16 Deaths [ ],Dante,Stabbed repeatedly by Gabriel Stokes .,Gabriel Stokes,1
10,Part 2 - 135 Deaths [ ],11 unnamed Whisperers,Killed by the Su rv iv o r s,Daryl Dixon Carol Peletier Aaron Jerry Connie Kelly Magna,11
10,Part 2 - 135 Deaths [ ],Alive and Zombified - Alfred,Stomach slashed open by Beta off-screen and then put down by a Coalition member off-screen.,Beta (Alive) Coalition member (Zombified),2
10,Part 2 - 135 Deaths [ ],Alive and Zombified - Alexandria Guard,Killed by Beta off-screen and then put down by a Coalition member off-screen.,Beta ( Alive ) Coalition member (Zombified),2
10,Part 2 - 135 Deaths [ ],Alive and Zombified - Panicked Woman,Throat slit by Beta off-screen and then put down by a Coalition member off-screen.,Beta ( Alive ) Coalition member (Zombified),2
10,Part 2 - 135 Deaths [ ],Laura,Neck broken after being slammed against prison bars by Beta . She is presumably put down before reanimation by a Coalition member off-screen like Beta's other victims.,"Beta (Alive) The Coalition (Before Reanimation, Assumed)",1
10,Part 2 - 135 Deaths [ ],Alive and Zombified - 10 unnamed Alexandria residents,Killed by Beta off-screen and then put down by the Coalition off-screen.,Beta (Alive) The Coalition (Zombified),10
10,Part 2 - 135 Deaths [ ],3 unnamed Whisperers,Stabbed by Daryl Dixon .,Daryl Dixon,3
10,Part 2 - 135 Deaths [ ],Alive and Zombified - Felix,"Hanged by the Whisperers and then put down by Daryl Dixon , Lydia , or Dianne .","Whisperers (Alive) Daryl Dixon , Lydia , or Dianne (Zombified)",2
10,Part 2 - 135 Deaths [ ],Alive and Zombified - Penny,"Hanged by the Whisperers and then put down by Daryl Dixon , Lydia , or Dianne .","Whisperers (Alive) Daryl Dixon , Lydia , or Dianne (Zombified)",2
10,Part 2 - 135 Deaths [ ],1 Unnamed Hilltop Resident,Burnt alive by the Whisperers .,Whisperers,1
10,Part 2 - 135 Deaths [ ],Whisperer 15,Stabbed in the stomach.,Judith Grimes,1
10,Part 2 - 135 Deaths [ ],6 unnamed Whisperers,Killed by the Coalition,The Coalition,6
10,Part 2 - 135 Deaths [ ],"Alex , Quan , Brianna and many unnamed members of the Coalition",,,
10,Part 2 - 135 Deaths [ ],Alive - Troy,Burned alive.,The Whisperers,1
10,Part 2 - 135 Deaths [ ],1 Unnamed Hilltop Resident,Mortally wounded by the Whisperers and head bashed in with a baseball bat out of mercy.,The Whisperers (Caused) Negan Smith (Out of Mercy),1
10,Part 2 - 135 Deaths [ ],Alive and Zombified - Mary,Disemboweled by Beta and later shot with an arrow by Alden .,Beta (Alive) Alden (Zombified),2
10,Part 2 - 135 Deaths [ ],Whisperer 14,Throat slit by Beta .,Beta,1
10,Part 2 - 135 Deaths [ ],Alive and Zombified - Earl Sutton,Bitten on the arm by a walker . Head smashed into a railroad spike and put down by Judith Grimes .,"Zombies (Caused) Himself (Alive, Suicide) Judith Grimes (Zombified)",2
10,Part 2 - 135 Deaths [ ],Alpha,Throat slit and decapitated by Negan Smith .,Negan Smith,1
10,Part 2 - 135 Deaths [ ],Lisa,Suicide via hanging. Later stabbed in the head by Michonne Grimes .,"Herself (Alive, Suicide) Michonne Grimes (Zombified)",2
10,Part 2 - 135 Deaths [ ],Jasmine,Suicide via hanging. Later stabbed in the head by Michonne Grimes .,"Herself (Alive, Suicide) Michonne Grimes (Zombified)",2
10,Part 2 - 135 Deaths [ ],Bobby,Suicide via hanging. Later stabbed in the head by Michonne Grimes .,"Himself (Alive, Suicide) Michonne Grimes (Zombified)",2
10,Part 2 - 135 Deaths [ ],27 unnamed Bloodsworth Island survivors,Died of un Unknown illness.,Unknown illness,27
10,Part 2 - 135 Deaths [ ],Rufus,"Ear bitten off by a zombified Alpha . Later, he is stabbed through the back by Beta and devoured by a walker","Himself (Accidental, Caused) Alpha (Infected, Caused) Beta (Caused) Zombies",1
10,Part 2 - 135 Deaths [ ],Whisperer 16,Shot in the head with Alpha 's shotgun by Negan Smith .,Negan Smith,1
10,Part 2 - 135 Deaths [ ],2 unnamed Whisperers,"Slammed in the head with a shotgun, stabbed in the head by Negan Smith .",Negan Smith,2
10,Part 2 - 135 Deaths [ ],Zombified - Alpha,Stabbed in the head by Beta .,Beta,1
10,Part 2 - 135 Deaths [ ],Whisperer 18,Shot in the head with a crossbow bolt by Daryl Dixon .,Daryl Dixon,1
10,Part 2 - 135 Deaths [ ],Whisperer 20,Stabbed in the abdomen by Carol Peletier and devoured by walkers .,Carol Peletier (Caused) Zombies,1
10,Part 2 - 135 Deaths [ ],Beatrice,Stabbed in the leg by a Whisperer and then immediately devoured by walkers .,Whisperer 19 (Caused) Zombies,1
10,Part 2 - 135 Deaths [ ],2 unnamed Oceanside residents,Killed by a granade thrown by the Whisperers .,Whisperers,2
10,Part 2 - 135 Deaths [ ],Oscar,Stabbed in the chest with a knife thrown by a Whisperer .,Whisperers,1
10,Part 2 - 135 Deaths [ ],32 unnamed Whisperers,Killed by the Coalition .,Daryl Dixon Carol Peletier Jerry Jules Butler Luke Abrams Marco Magna Gabriel Stokes Elijah Maggie Rhee Dianne Aaron Alden,32
10,Part 2 - 135 Deaths [ ],Beta,Stabbed in the eyes by Daryl Dixon and devoured by walkers .,Negan Smith (Caused) Daryl Dixon (Caused) Zombies,1
10,Part 3 - 20 Deaths [ ],Jen,Killed by the Attacker .,The Attacker,1
10,Part 3 - 20 Deaths [ ],Billy,Killed by the Attacker .,The Attacker,1
10,Part 3 - 20 Deaths [ ],Matty,Killed by the Attacker .,The Attacker,1
10,Part 3 - 20 Deaths [ ],Gus,Shot in the neck by the Attacker .,The Attacker,1
10,Part 3 - 20 Deaths [ ],Ainsley,Shot in the stomach by the Attacker .,The Attacker,1
10,Part 3 - 20 Deaths [ ],Maya,Shot in the chest by the Attacker .,The Attacker,1
10,Part 3 - 20 Deaths [ ],The Attacker,Suicide via grenade.,Himself (Suicide),1
10,Part 3 - 20 Deaths [ ],Matthew Shaw,Bitten by a walker . Later put down by Leah Shaw,Walkers (Alive) Leah Shaw (Before Reanimation or Zombified),1
10,Part 3 - 20 Deaths [ ],Mays,Head smashed in by Gabriel Stokes .,Gabriel Stokes,1
10,Part 3 - 20 Deaths [ ],Mays' Brother,Suicide via self-inflicted gunshot to the head.,Mays (Caused) Himself (Suicide),1
10,Part 3 - 20 Deaths [ ],Mays' Sister-in-Law,Shot in the head.,Mays (Caused) Mays' Brother,1
10,Part 3 - 20 Deaths [ ],Mays' Niece,Shot in the head.,Mays (Caused or Direct) Mays' Brother,1
10,Part 3 - 20 Deaths [ ],Lucille Smith,Ingested a drug overdose and suffocated herself with a plastic bag. Later burned by Negan Smith .,"Herself (Suicide, Alive) Negan Smith (Zombified)",1
10,Part 3 - 20 Deaths [ ],Viper 2,Head smashed by Negan Smith using his baseball bat .,Negan Smith,1
10,Part 3 - 20 Deaths [ ],Viper 3,Shot in the head by Negan Smith .,Negan Smith,1
10,Part 3 - 20 Deaths [ ],Viper 1,Shot by Negan Smith .,Negan Smith,1
10,Part 3 - 20 Deaths [ ],2 Unnamed Valak's Vipers,Shot by Negan Smith .,Negan Smith,2
10,Part 3 - 20 Deaths [ ],Craven,Head smashed by Negan Smith using his baseball bat .,Negan Smith,1
11,Part 1 - 28 Deaths [ ],Alive - Teresa,Killed by the Reapers .,Reapers,1
11,Part 1 - 28 Deaths [ ],Alive - Josephine,Killed by Brandon Carver .,Brandon Carver,1
11,Part 1 - 28 Deaths [ ],Alive and Zombified - Gage,"Stabbed himself twice through the heart, then devoured by walkers. Later put down by Gabriel Stokes .","Himself (Suicide, Alive) Maggie Rhee (Caused) Gabriel Stokes (Caused; Zombified) Duncan (Caused) Frost (Caused) Agatha (Caused) Cole (Caused)",2
11,Part 1 - 28 Deaths [ ],Roy,Shot in the head by a Reaper .,The Reapers,1
11,Part 1 - 28 Deaths [ ],Cole,Throat slit by Jenson .,Jenson,1
11,Part 1 - 28 Deaths [ ],Michael Turner,Stabbed in the neck with a broken bottle by Maggie Rhee and then bashed in the head by Negan Smith .,Maggie Rhee Negan Smith,1
11,Part 1 - 28 Deaths [ ],Duncan,Impaled with three knives thrown by the Reapers and bled to death. Stabbed in the head by Maggie Rhee .,The Reapers Maggie Rhee (Before Reanimation),1
11,Part 1 - 28 Deaths [ ],Nicholls,Stabbed in the head by Gabriel Stokes .,Daryl Dixon (Caused) Gabriel Stokes,1
11,Part 1 - 28 Deaths [ ],Agatha,Devoured by walkers .,Zombies,1
11,Part 1 - 28 Deaths [ ],Bossie,Burned alive by Pope .,Himself (Caused) Pope,1
11,Part 1 - 28 Deaths [ ],Savior 14,Devoured by a walker .,Zombies,1
11,Part 1 - 28 Deaths [ ],Zombified - Troy,Stabbed in the head by Aaron .,Aaron,1
11,Part 1 - 28 Deaths [ ],6 Unnamed Ferals,Devoured by walkers .,Zombies,6
11,Part 1 - 28 Deaths [ ],2 Unnamed Ferals,Shot in the head with a slingshot by Kelly .,Kelly,2
11,Part 1 - 28 Deaths [ ],Frost,Tortured to death by Pope .,Pope,1
11,Part 1 - 28 Deaths [ ],Zombified - Teresa,Stabbed in the head by Maggie Rhee .,Maggie Rhee,1
11,Part 1 - 28 Deaths [ ],Young Mother,Shot in the head with a crossbow bolt by Daryl Dixon after being bitten by walkers .,Zombies (Caused) Daryl Dixon (Out of Mercy),1
11,Part 1 - 28 Deaths [ ],Paul Wells,"Stabbed by Negan Smith and Maggie Rhee , then devoured by walkers .",Maggie Rhee Negan Smith Zombies,1
11,Part 1 - 28 Deaths [ ],Marcus Powell,Stabbed in the throat by Daryl Dixon .,Daryl Dixon,1
11,Part 1 - 28 Deaths [ ],Ancheta,Stabbed in the chest with a knife thrown by Daryl Dixon .,Daryl Dixon,1
11,Part 1 - 28 Deaths [ ],Deaver,Shot in the head by Gabriel Stokes .,Gabriel Stokes,1
11,Part 1 - 28 Deaths [ ],Pope,Stabbed in the neck and then stabbed in the back of the head by Leah Shaw .,Leah Shaw,1
11,Part 2 - 118 Deaths [ ],Zombified - Josephine,Blown up by the hwacha .,"Leah Shaw (Zombified, Caused) The Reapers (Zombified)",1
11,Part 2 - 118 Deaths [ ],Fisher,Blown up by the hwacha set off by Leah Shaw after being pushed by Maggie Rhee .,Leah Shaw (Accidental) Maggie Rhee (Caused),1
11,Part 2 - 118 Deaths [ ],Austin,"Stabbed in the stomach, then strangled and suffocated to death by Daryl Dixon .",Daryl Dixon,1
11,Part 2 - 118 Deaths [ ],Mancea,Stabbed in the stomach by Gabriel Stokes .,Gabriel Stokes,1
11,Part 2 - 118 Deaths [ ],Jenson,Stabbed in the head by Gabriel Stokes offscreen.,Gabriel Stokes,1
11,Part 2 - 118 Deaths [ ],Boone,Shot in the head by Maggie Rhee .,Maggie Rhee,1
11,Part 2 - 118 Deaths [ ],Ira Washington,Shot in the shoulder and in the head by Maggie Rhee .,Maggie Rhee,1
11,Part 2 - 118 Deaths [ ],Brandon Carver,Stabbed in the chest by Maggie Rhee .,Maggie Rhee,1
11,Part 2 - 118 Deaths [ ],Montanio,Killed by Alden . Later put down by Maggie Rhee .,Alden (Alive) Maggie Rhee (Zombified),1
11,Part 2 - 118 Deaths [ ],Alden,Throat slit by Montanio . Later put down by Maggie Rhee .,Montanio (Alive) Maggie Rhee (Zombified),1
11,Part 2 - 118 Deaths [ ],William Milton,Unknown cause.,Unknown,1
11,Part 2 - 118 Deaths [ ],4 Unnamed Commonwealth soldiers - Alive,Killed by Leah Shaw .,Leah Shaw,4
11,Part 2 - 118 Deaths [ ],"Billy Johnson and 19 unnamed raiders, murderers, rapists, and cannibals",Killed by Riverbend,Riverbend Ian (Caused or Direct),19
11,Part 2 - 118 Deaths [ ],Hart and 6 unnamed members of Riverbend,Killed by Toby Carlson and Commonwealth soldiers .,Toby Carlson Commonwealth Army,7
11,Part 2 - 118 Deaths [ ],Ian,Shot in the head by Toby Carlson .,Toby Carlson,1
11,Part 2 - 118 Deaths [ ],2 Unnamed Commonwealth soldiers,"Head smashed in by Aaron . Stabbed in the throat by Annie Smith , then stabbed in the head before reanimation by Toby Carlson .",Aaron Annie Smith Toby Carlson (Before Reanimation),2
11,Part 2 - 118 Deaths [ ],Jesse,"Shot in the back by a Commonwealth soldier and bled out. Later put down by Lydia , Elijah or Marco .","a Commonwealth soldier (Alive) Lydia , Elijah or Marco (Before Reanimation)",1
11,Part 2 - 118 Deaths [ ],Zombified - 3 Unnamed Commonwealth soldiers,"Put down by Maggie Rhee , Lydia and Elijah .","Maggie Rhee , Lydia , Elijah",3
11,Part 2 - 118 Deaths [ ],Hodges and 1 unnamed Commonwealth soldier,"Killed by Maggie Rhee , Lydia or Elijah",Maggie Rhee Lydia Elijah,2
11,Part 2 - 118 Deaths [ ],6 Unnamed members of Riverbend,Thrown off of the roof by Toby Carlson .,Toby Carlson,6
11,Part 2 - 118 Deaths [ ],12 Unnamed members of Riverbend,Shot by Toby Carlson and the Commonwealth soldiers .,Toby Carlson Commonwealth Army,12
11,Part 2 - 118 Deaths [ ],Jake Daniels,Bashed over and then stabbed in the head by Negan Smith .,Negan Smith,1
11,Part 2 - 118 Deaths [ ],April Martens,Disemboweled by walkers . Later stabbed in the head by Rosita Espinosa .,Zombies (Alive) Rosita Espinosa (Before Reanimation),1
11,Part 2 - 118 Deaths [ ],Green and 1 unnamed Commonwealth soldiers,Stabbed by Elijah .,Elijah,2
11,Part 2 - 118 Deaths [ ],Crowe and 1 unnamed Commonwealth soldiers,Shot by Maggie Rhee and Annie Smith .,Maggie Rhee Annie Smith,2
11,Part 2 - 118 Deaths [ ],Toby Carlson,"Shot off a roof by Aaron and devoured by walkers . Later stabbed in the head by Maggie Rhee , Elijah or Lydia .","Aaron (Caused) Zombies Maggie Rhee , Elijah , Lydia (Before Reanimation)",1
11,Part 2 - 118 Deaths [ ],Alves,Shot in the head by Michael Mercer .,Michael Mercer,1
11,Part 2 - 118 Deaths [ ],Castle,Shot in the head by Michael Mercer .,Michael Mercer,1
11,Part 2 - 118 Deaths [ ],30 to 40 Unnamed Commonwealth residents,Devoured by walkers .,"Sebastian Milton , Alves , Castle (Caused) Zombies",30/40
11,Part 2 - 118 Deaths [ ],McHugh and 2 Unnamed Commonwealth soldiers,"Killed by Daryl Dixon , Gabriel Stokes and Aaron .",Daryl Dixon Gabriel Stokes Aaron,3
11,Part 2 - 118 Deaths [ ],Phillips,Stabbed in the leg and kicked in the head by Gabriel Stokes .,Gabriel Stokes,1
11,Part 2 - 118 Deaths [ ],Romano,Shot in the head by Daryl Dixon .,Daryl Dixon,1
11,Part 2 - 118 Deaths [ ],Sorensen and 3 Unnamed Commonwealth soldiers,"Blown up in a trap set by Maggie Rhee , Lydia , Elijah and Marco .",Maggie Rhee Lydia Elijah Marco,4
11,Part 2 - 118 Deaths [ ],Marco,Shot in the head by Leah Shaw .,Leah Shaw,1
11,Part 2 - 118 Deaths [ ],Zombified - 1 Unnamed Commonwealth soldiers,Shot in the head by the Commonwealth Army .,Commonwealth Army,1
11,Part 2 - 118 Deaths [ ],1 Unnamed Commonwealth soldier,Throat slit by Gabriel Stokes .,Gabriel Stokes,1
11,Part 2 - 118 Deaths [ ],Leah Shaw,Shot in the head by Daryl Dixon .,Daryl Dixon,1
11,Part 3 - 115 Deaths [ ],1 Unnamed Commonwealth soldier,Stabbed in the side by Negan Smith .,Negan Smith,1
11,Part 3 - 115 Deaths [ ],1 Unnamed Commonwealth soldier,Devoured by walkers .,Zombies,1
11,Part 3 - 115 Deaths [ ],3 Unnamed Commonwealth soldiers,Shot in the head by Daryl Dixon .,Daryl Dixon,3
11,Part 3 - 115 Deaths [ ],2 Unnamed Commonwealth soldiers,Died in a car crash caused by Daryl Dixon .,Daryl Dixon,2
11,Part 3 - 115 Deaths [ ],Radio Trooper,Stabbed in the back by Maggie Rhee .,Annie Smith (Caused) Maggie Rhee,1
11,Part 3 - 115 Deaths [ ],1 Unnamed Commonwealth soldier,Ripped in half and devoured by walkers .,Zombies,1
11,Part 3 - 115 Deaths [ ],Alive - 10 Unnamed Commonwealth residents,Shot to death by Roman Calhoun and Shira on Lance Hornsby 's orders.,Lance Hornsby (Caused) Roman Calhoun Shira,8
11,Part 3 - 115 Deaths [ ],Sebastian Milton 's Brother,Unknown Causes.,Unknown Causes,1
11,Part 3 - 115 Deaths [ ],6 Unnamed Commonwealth residents,Bitten and devoured by walkers .,Lance Hornsby (Caused) Roman Calhoun (Caused) Shira (Caused) Zombies,5
11,Part 3 - 115 Deaths [ ],Zombified - 2 Unnamed Commonwealth residents,Shot in the head by Michael Mercer .,Michael Mercer,2
11,Part 3 - 115 Deaths [ ],Zombified - 1 Unnamed Commonwealth resident,Shot in the head by Daryl Dixon .,Daryl Dixon,1
11,Part 3 - 115 Deaths [ ],Zombified - 1 Unnamed Commonwealth resident,Shot in the head by Judith Grimes .,Judith Grimes,1
11,Part 3 - 115 Deaths [ ],Zombified - 5 Unnamed Commonwealth residents,"Put down by Daryl Dixon , Judith Grimes or Michael Mercer .",Daryl Dixon Judith Grimes Michael Mercer,5
11,Part 3 - 115 Deaths [ ],Alive - Sebastian Milton,Bitten on the neck by a zombified Commonwealth resident after it being shoved at him by Eugene Porter .,Lance Hornsby (Caused) Roman Calhoun (Caused) Shira (Caused) Maxxine Mercer (Caused) Eugene Porter (Caused) Zombified Commonwealth resident (Infected) Himself (Caused),1
11,Part 3 - 115 Deaths [ ],Zombified - 1 Unnamed Commonwealth resident,Shot in the head by Judith Grimes .,Judith Grimes,1
11,Part 3 - 115 Deaths [ ],Roman Calhoun,Shot in the head by a Commonwealth soldier on Pamela Milton 's orders.,Lance Hornsby (Caused) Himself (Caused) Pamela Milton (Caused) Unnamed Commonwealth soldier,1
11,Part 3 - 115 Deaths [ ],1 Unnamed Commonwealth resident,Killed by Daryl Dixon . Later Stabbed in the head by Daryl Dixon.,Daryl Dixon (Alive and Zombified),2
11,Part 3 - 115 Deaths [ ],1 Unnamed Commonwealth resident,Bitten on the neck by un undead Commonwealth resident and stabbed in the head by Daryl Dixon .,"Commonwealth resident (Cuased, Infected) Daryl Dixon",1
11,Part 3 - 115 Deaths [ ],Zombified - Sebastian Milton,Stabbed in the head by Daryl Dixon .,Daryl Dixon,1
11,Part 3 - 115 Deaths [ ],3 Unnamed Commonwealth soldiers,Shot by Daryl Dixon .,Daryl Dixon,3
11,Part 3 - 115 Deaths [ ],1 Unnamed Commonwealth soldier,Shot by Daryl Dixon and stabbed in the head by Carol Peletier .,Daryl Dixon (Caused) Carol Peletier,1
11,Part 3 - 115 Deaths [ ],Alive - Lance Hornsby,Shot in the neck with an arrow by Carol Peletier .,Daryl Dixon (Caused) Himself (Caused) Carol Peletier,1
11,Part 3 - 115 Deaths [ ],1 Unnamed Commonwealth soldier,Shot in the head by a Commonwealth soldier .,Maggie Rhee (Caused) Commonwealth soldier (Accidental),1
11,Part 3 - 115 Deaths [ ],1 Unnamed Commonwealth soldier,Impaled on a tree after a car crash caused by Maggie Rhee .,Maggie Rhee (Caused),1
11,Part 3 - 115 Deaths [ ],1 Unnamed Commonwealth soldier,Thrown out of the back of a moving truck by Maggie Rhee . He is later put down by Rosita Espinosa .,"Maggie Rhee (Alive) Gabriel Stokes (Caused, Zombified) Rosita Espinosa (Zombified)",
11,Part 3 - 115 Deaths [ ],Child Walker,Unknown causes. He is later put down by Maggie Rhee .,Unknown Causes (Alive) Maggie Rhee (Zombified),1
11,Part 3 - 115 Deaths [ ],Nelson,Stabbed in the armpit by Maggie Rhee . He is later stabbed in the head by Gabriel Stokes .,Maggie Rhee (Alive) Gabriel Stokes (Before Reanimation),1
11,Part 3 - 115 Deaths [ ],2 Unnamed Commonwealth residents,Shot by the Commonwealth Army and reanimates. They are later put down.,"Themselves (Caused, Alive) Commonwealth Army (Alive and Zombified)",2
11,Part 3 - 115 Deaths [ ],1 Unnamed Alexandria resident,Shot by the Commonwealth Army .,"Himself (Caused, Alive) Commonwealth Army (Alive and Zombified)",1
11,Part 3 - 115 Deaths [ ],Trooper 301,Killed by Gabriel Stokes and Rosita Espinosa .,Gabriel Stokes Rosita Espinosa,1
11,Part 3 - 115 Deaths [ ],Trooper 263,Shot in the head by Daryl Dixon .,Daryl Dixon,1
11,Part 3 - 115 Deaths [ ],Trooper 192,Shot in the neck by Maggie Rhee .,Maggie Rhee,1
11,Part 3 - 115 Deaths [ ],Jones,Hit with a motorcycle and then stabbed in the head by Daryl Dixon .,Daryl Dixon,1
11,Part 3 - 115 Deaths [ ],Wilson,"Stabbed himself in the neck. Later stabbed in the head by Daryl Dixon , Carol Peletier , Gabriel Stokes , Maggie Rhee , Rosita Espinosa or Connie .","The Warden (Indirectly Caused) Himself (Alive, Suicide) Daryl Dixon Carol Peletier Gabriel Stokes Maggie Rhee Rosita Espinosa Connie (Before Reanimation)",1
11,Part 3 - 115 Deaths [ ],1 Unnamed Commonwealth soldier,Shot in the head by Carol Peletier .,Carol Peletier,1
11,Part 3 - 115 Deaths [ ],At least 11 unnamed Commonwealth prisoners,Shot by the Commonwealth Army .,The Warden (Caused) Commonwealth Army,11
11,Part 3 - 115 Deaths [ ],Sanborn,"Shot by Roberts and reanimates. He is later put down by Rosita Espinosa , Daryl Dixon , Connie , Carol Peletier , Gabriel Stokes or Maggie Rhee .",Himself (Caused) Roberts (Alive) Rosita Espinosa Daryl Dixon Connie Carol Peletier Gabriel Stokes Maggie Rhee (Zombified),1
11,Part 3 - 115 Deaths [ ],The Warden,"Bitten on the face and devoured by a zombified Sanborn . He is later stabbed in the head to prevent reanimation by Rosita Espinosa , Daryl Dixon , Connie , Carol Peletier , Gabriel Stokes or Maggie Rhee .","Ezekiel Sutton (Caused, Alive) Roberts (Caused, Alive) Daryl Dixon (Caused, Alive; Before Reanimation) Rosita Espinosa (Caused, Alive; Before Reanimation) Sanborn (Infected, Alive) Connie Carol Peletier Gabriel Stokes Maggie Rhee (Before Reanimation)",1
11,Part 3 - 115 Deaths [ ],Brooks,Head bashed in with a flashlight by Eugene Porter .,Eugene Porter,1
11,Part 3 - 115 Deaths [ ],Tyler Davis and 4 unnamed Commonwealth prisoners,Shot by the Commonwealth residents.,Pamela Milton (Caused) Commonwealth residents,5
11,Part 3 - 115 Deaths [ ],1 unnamed Commonwealth resident,Shot in the head by a member of the Coalition .,The Coalition,1
11,Part 3 - 115 Deaths [ ],1 unnamed Commonwealth resident,Shot in the head by Carol Peletier .,Carol Peletier,1
11,Part 3 - 115 Deaths [ ],1 unnamed Commonwealth resident,Shot in the chest by Gabriel Stokes .,Gabriel Stokes,1
11,Part 3 - 115 Deaths [ ],Livits,Devoured by climbers .,Pamela Milton (Caused) Zombies,1
11,Part 3 - 115 Deaths [ ],14 Unnamed Commonwealth soldiers,Devoured by walkers .,"Pamela Milton (Caused) Livits (Caused, Accidental) Zombies",14
11,Part 3 - 115 Deaths [ ],Jules Butler,Devoured by walkers .,"Pamela Milton (Caused) Livits (Caused, Accidental) Zombies",1
11,Part 3 - 115 Deaths [ ],Luke Abrams,Bitten on the leg by a walker and dies of blood loss. Later stabbed in the head by Magna to prevent reanimation.,"Pamela Milton (Caused) Livits (Caused, Accidental) Zombies (Caused, Alive) Connie (Caused) Kelly (Caused) Yumiko Okumura (Caused) Magna (Caused; Before Reanimation)",1
11,Part 3 - 115 Deaths [ ],6 Unnamed Commonwealth residents,Devoured by walkers .,"Pamela Milton (Caused) Livits (Caused, Accidental) Zombies",6
11,Part 3 - 115 Deaths [ ],Adrienne,Devoured by walkers .,"Pamela Milton (Caused) Livits (Caused, Accidental) Zombies",1
11,Part 3 - 115 Deaths [ ],1 Unnamed Commonwealth resident,Devoured by walkers .,"Pamela Milton (Caused) Livits (Caused, Accidental) Zombies",1
11,Part 3 - 115 Deaths [ ],3 Unnamed Commonwealth residents,Shot by the Commonwealth Army .,Pamela Milton (Caused) Commonwealth Army,2
11,Part 3 - 115 Deaths [ ],Zombified - Lance Hornsby,Shot in the head by Maggie Rhee .,Maggie Rhee,1
11,Part 3 - 115 Deaths [ ],Marissa Berot and many Commonwealth residents,Devoured by walkers .,"Pamela Milton (Caused) Livits (Caused, Accidental) Zombies",1+
11,Part 3 - 115 Deaths [ ],Rosita Espinosa,Bitten on the left shoulder by a walker and succumbed to the infection. Later stabbed in the head by Eugene Porter to prevent reanimation.,"Pamela Milton (Caused) Livits (Caused, Accidental) Zombies (Alive) Eugene Porter (Before Reanimation)",1
